,DeckIdx,CardIdx,Count
0,0,0,20
1,0,1,2
2,0,2,4
3,0,3,4
4,0,4,4
5,0,5,4
6,0,6,4
7,0,7,1
8,0,8,1
9,0,9,4
10,0,10,1
11,0,11,4
12,0,12,4
13,0,13,3
14,0,14,2
15,0,15,2
16,0,16,3
17,0,17,2
18,0,18,4
19,0,19,2
20,1,20,1
21,1,21,4
22,1,22,4
23,1,23,6
24,1,24,4
25,1,25,4
26,1,26,4
27,1,27,1
28,1,28,2
29,1,29,1
30,1,30,4
31,1,31,2
32,1,32,4
33,1,33,4
34,1,34,4
35,1,35,1
36,1,36,1
37,1,37,1
38,1,38,4
39,1,39,2
40,1,40,2
41,1,41,2
42,1,42,1
43,1,29,1
44,1,43,2
45,1,44,1
46,1,45,2
47,1,46,1
48,1,35,1
49,1,47,2
50,1,48,2
51,2,49,7
52,2,50,4
53,2,51,4
54,2,52,4
55,2,25,2
56,2,53,4
57,2,54,4
58,2,55,4
59,2,56,1
60,2,11,4
61,2,57,2
62,2,58,4
63,2,59,2
64,2,60,4
65,2,40,4
66,2,61,2
67,2,62,4
68,2,41,1
69,2,63,2
70,2,33,1
71,2,64,2
72,2,16,2
73,2,46,2
74,2,65,2
75,2,66,2
76,2,67,1
77,3,68,1
78,3,21,4
79,3,22,4
80,3,23,6
81,3,24,3
82,3,25,4
83,3,26,4
84,3,27,1
85,3,69,1
86,3,28,4
87,3,30,4
88,3,31,3
89,3,32,4
90,3,33,4
91,3,34,4
92,3,70,1
93,3,38,4
94,3,39,2
95,3,71,2
96,3,72,1
97,3,57,2
98,3,29,2
99,3,73,1
100,3,74,1
101,3,75,1
102,3,39,2
103,3,35,1
104,3,48,4
105,4,76,4
106,4,49,4
107,4,24,4
108,4,77,2
109,4,78,3
110,4,79,4
111,4,80,4
112,4,81,2
113,4,82,4
114,4,83,4
115,4,84,4
116,4,85,4
117,4,47,3
118,4,86,1
119,4,87,1
120,4,88,2
121,4,89,3
122,4,66,2
123,4,90,2
124,4,91,3
125,4,92,3
126,4,41,2
127,4,93,1
128,4,94,2
129,4,14,2
130,4,91,1
131,4,95,1
132,4,89,1
133,4,46,1
134,4,96,1
135,5,21,4
136,5,22,1
137,5,76,4
138,5,49,2
139,5,97,2
140,5,79,2
141,5,98,1
142,5,80,4
143,5,53,4
144,5,55,4
145,5,99,2
146,5,58,4
147,5,100,2
148,5,88,2
149,5,59,3
150,5,60,4
151,5,101,2
152,5,40,3
153,5,102,3
154,5,103,3
155,5,62,4
156,5,104,2
157,5,99,2
158,5,105,2
159,5,88,2
160,5,89,2
161,5,46,3
162,5,66,2
163,6,106,4
164,6,107,4
165,6,50,4
166,6,97,4
167,6,52,1
168,6,79,1
169,6,80,4
170,6,108,4
171,6,109,4
172,6,110,2
173,6,111,2
174,6,112,4
175,6,113,4
176,6,33,4
177,6,10,2
178,6,114,2
179,6,88,2
180,6,115,4
181,6,116,4
182,6,117,1
183,6,41,3
184,6,99,2
185,6,118,2
186,6,119,2
187,6,88,2
188,6,46,2
189,6,96,1
190,7,68,2
191,7,120,4
192,7,121,4
193,7,23,14
194,7,122,2
195,7,26,4
196,7,123,3
197,7,124,4
198,7,30,4
199,7,125,3
200,7,126,3
201,7,127,4
202,7,70,1
203,7,128,4
204,7,129,4
205,7,29,2
206,7,43,3
207,7,126,1
208,7,45,3
209,7,46,2
210,7,35,2
211,7,130,2
212,8,49,8
213,8,0,1
214,8,24,1
215,8,50,4
216,8,51,4
217,8,52,4
218,8,131,1
219,8,33,4
220,8,132,4
221,8,55,4
222,8,11,1
223,8,133,2
224,8,118,1
225,8,57,1
226,8,134,1
227,8,16,1
228,8,135,3
229,8,40,2
230,8,67,3
231,8,136,1
232,8,64,1
233,8,137,3
234,8,46,1
235,8,62,4
236,8,138,1
237,8,92,2
238,8,41,1
239,8,94,2
240,8,136,1
241,8,118,2
242,8,57,2
243,8,95,1
244,8,64,1
245,8,46,1
246,8,139,1
247,9,107,2
248,9,140,1
249,9,141,2
250,9,76,1
251,9,142,1
252,9,143,1
253,9,49,1
254,9,144,1
255,9,145,2
256,9,146,1
257,9,50,1
258,9,147,2
259,9,97,4
260,9,52,3
261,9,148,1
262,9,80,2
263,9,149,3
264,9,150,2
265,9,151,2
266,9,152,3
267,9,153,2
268,9,154,4
269,9,155,3
270,9,156,4
271,9,157,1
272,9,40,4
273,9,158,2
274,9,159,4
275,9,41,1
276,9,160,2
277,9,161,2
278,9,83,1
279,9,94,1
280,9,95,1
281,9,63,2
282,9,162,2
283,9,163,3
284,10,68,3
285,10,120,4
286,10,121,4
287,10,23,13
288,10,122,2
289,10,26,4
290,10,164,1
291,10,124,4
292,10,30,4
293,10,125,4
294,10,127,4
295,10,70,1
296,10,165,2
297,10,128,4
298,10,166,2
299,10,129,4
300,10,70,1
301,10,29,2
302,10,43,4
303,10,126,2
304,10,167,1
305,10,35,1
306,10,130,3
307,10,168,1
308,11,68,4
309,11,120,4
310,11,121,4
311,11,23,13
312,11,26,4
313,11,164,2
314,11,123,2
315,11,124,4
316,11,30,4
317,11,125,3
318,11,127,4
319,11,70,3
320,11,165,1
321,11,128,4
322,11,129,4
323,11,43,3
324,11,126,2
325,11,45,3
326,11,167,3
327,11,46,3
328,11,168,1
329,12,169,3
330,12,170,4
331,12,171,4
332,12,0,3
333,12,24,2
334,12,147,4
335,12,148,4
336,12,172,4
337,12,173,2
338,12,174,4
339,12,175,4
340,12,9,4
341,12,176,4
342,12,177,3
343,12,163,4
344,12,11,3
345,12,154,2
346,12,16,1
347,12,178,1
348,12,138,1
349,12,179,1
350,12,180,2
351,12,181,3
352,12,154,1
353,12,182,2
354,12,162,4
355,12,178,1
356,13,20,2
357,13,49,6
358,13,0,2
359,13,50,4
360,13,51,4
361,13,52,4
362,13,183,4
363,13,184,4
364,13,185,4
365,13,55,4
366,13,186,4
367,13,187,4
368,13,188,2
369,13,189,4
370,13,116,4
371,13,62,4
372,13,92,2
373,13,41,2
374,13,64,1
375,13,16,2
376,13,190,2
377,13,65,2
378,13,66,2
379,13,139,2
380,14,0,20
381,14,78,3
382,14,2,4
383,14,191,4
384,14,4,4
385,14,5,4
386,14,7,1
387,14,9,4
388,14,18,2
389,14,192,3
390,14,11,4
391,14,12,2
392,14,16,2
393,14,13,3
394,14,193,4
395,14,16,2
396,14,13,1
397,14,46,2
398,14,17,1
399,14,18,2
400,14,178,2
401,14,194,1
402,15,169,2
403,15,141,4
404,15,195,3
405,15,143,3
406,15,196,4
407,15,144,6
408,15,197,3
409,15,198,3
410,15,199,4
411,15,200,4
412,15,153,3
413,15,154,4
414,15,157,4
415,15,201,4
416,15,202,2
417,15,161,3
418,15,158,4
419,15,92,2
420,15,203,3
421,15,204,2
422,15,160,2
423,15,162,3
424,15,163,3
425,16,22,2
426,16,169,4
427,16,205,1
428,16,49,1
429,16,206,1
430,16,77,1
431,16,207,4
432,16,51,2
433,16,97,4
434,16,52,3
435,16,80,2
436,16,150,4
437,16,208,4
438,16,209,4
439,16,210,3
440,16,211,4
441,16,212,2
442,16,213,4
443,16,36,4
444,16,214,1
445,16,215,1
446,16,56,2
447,16,39,1
448,16,216,1
449,16,138,2
450,16,94,2
451,16,105,1
452,16,44,2
453,16,63,2
454,16,16,2
455,16,46,2
456,16,66,1
457,16,39,1
458,17,195,1
459,17,76,4
460,17,49,5
461,17,24,1
462,17,77,2
463,17,78,2
464,17,79,5
465,17,80,4
466,17,81,3
467,17,208,4
468,17,82,3
469,17,83,3
470,17,84,4
471,17,42,1
472,17,85,4
473,17,47,2
474,17,114,2
475,17,217,1
476,17,87,1
477,17,88,2
478,17,89,2
479,17,90,1
480,17,91,3
481,17,92,2
482,17,218,1
483,17,41,1
484,17,99,2
485,17,94,1
486,17,14,1
487,17,88,1
488,17,46,1
489,17,66,2
490,17,96,1
491,17,219,1
492,17,220,1
493,18,20,1
494,18,49,6
495,18,0,2
496,18,24,1
497,18,50,4
498,18,51,4
499,18,52,4
500,18,183,4
501,18,184,4
502,18,185,4
503,18,55,3
504,18,186,4
505,18,187,4
506,18,221,1
507,18,188,2
508,18,222,1
509,18,189,4
510,18,116,4
511,18,62,3
512,18,92,2
513,18,41,1
514,18,94,1
515,18,188,1
516,18,33,1
517,18,64,2
518,18,16,2
519,18,190,2
520,18,46,2
521,18,139,1
522,19,205,1
523,19,141,3
524,19,143,4
525,19,49,1
526,19,196,2
527,19,223,1
528,19,144,1
529,19,145,1
530,19,50,3
531,19,147,3
532,19,52,3
533,19,148,3
534,19,224,1
535,19,152,3
536,19,220,1
537,19,200,2
538,19,153,2
539,19,180,1
540,19,154,4
541,19,225,3
542,19,156,4
543,19,134,1
544,19,157,4
545,19,16,1
546,19,66,2
547,19,40,4
548,19,201,1
549,19,138,1
550,19,92,2
551,19,203,1
552,19,226,1
553,19,160,1
554,19,161,1
555,19,227,1
556,19,95,1
557,19,46,2
558,19,228,1
559,19,47,2
560,19,229,1
561,20,106,4
562,20,107,4
563,20,0,4
564,20,24,4
565,20,97,4
566,20,79,3
567,20,108,4
568,20,230,2
569,20,109,4
570,20,110,3
571,20,111,4
572,20,112,4
573,20,113,3
574,20,10,2
575,20,114,2
576,20,115,4
577,20,231,1
578,20,116,4
579,20,231,1
580,20,232,2
581,20,233,2
582,20,88,3
583,20,16,1
584,20,89,2
585,20,46,2
586,20,18,2
587,21,21,4
588,21,22,4
589,21,23,6
590,21,24,3
591,21,97,2
592,21,25,3
593,21,26,4
594,21,27,1
595,21,28,4
596,21,29,3
597,21,30,4
598,21,31,3
599,21,32,3
600,21,33,4
601,21,34,4
602,21,36,2
603,21,70,2
604,21,38,4
605,21,234,1
606,21,41,1
607,21,235,1
608,21,44,1
609,21,236,2
610,21,46,2
611,21,39,2
612,21,35,2
613,21,48,2
614,21,214,1
615,22,76,4
616,22,77,4
617,22,79,11
618,22,98,1
619,22,80,4
620,22,208,4
621,22,237,3
622,22,238,2
623,22,212,4
624,22,139,1
625,22,239,1
626,22,114,3
627,22,240,3
628,22,241,3
629,22,119,2
630,22,88,4
631,22,40,3
632,22,216,3
633,22,242,1
634,22,99,4
635,22,14,2
636,22,238,1
637,22,95,1
638,22,243,1
639,22,244,1
640,22,89,2
641,22,219,1
642,22,139,1
643,23,76,4
644,23,24,2
645,23,77,4
646,23,79,11
647,23,98,1
648,23,80,4
649,23,208,4
650,23,237,3
651,23,238,3
652,23,212,4
653,23,114,3
654,23,242,2
655,23,240,2
656,23,241,2
657,23,119,2
658,23,88,4
659,23,40,3
660,23,216,2
661,23,245,2
662,23,242,1
663,23,218,1
664,23,240,1
665,23,99,4
666,23,33,3
667,23,46,2
668,23,219,1
669,24,68,2
670,24,120,3
671,24,121,4
672,24,23,2
673,24,49,3
674,24,0,3
675,24,97,3
676,24,52,2
677,24,246,2
678,24,25,1
679,24,125,4
680,24,247,1
681,24,47,2
682,24,248,1
683,24,249,2
684,24,11,4
685,24,200,4
686,24,217,1
687,24,250,4
688,24,16,3
689,24,66,3
690,24,39,2
691,24,40,4
692,24,41,2
693,24,217,2
694,24,105,2
695,24,63,2
696,24,251,2
697,24,46,2
698,24,65,1
699,24,139,1
700,24,36,1
701,25,107,2
702,25,141,1
703,25,76,2
704,25,142,1
705,25,143,2
706,25,49,1
707,25,144,1
708,25,145,2
709,25,77,1
710,25,147,2
711,25,97,4
712,25,52,3
713,25,148,2
714,25,131,1
715,25,80,1
716,25,149,3
717,25,150,3
718,25,151,2
719,25,152,3
720,25,153,2
721,25,154,3
722,25,155,3
723,25,156,4
724,25,157,1
725,25,40,4
726,25,96,1
727,25,158,1
728,25,159,4
729,25,172,2
730,25,41,1
731,25,161,1
732,25,83,1
733,25,94,2
734,25,225,1
735,25,63,1
736,25,162,2
737,25,47,1
738,25,163,3
739,26,68,2
740,26,120,3
741,26,121,4
742,26,23,14
743,26,122,3
744,26,26,4
745,26,124,4
746,26,29,1
747,26,30,4
748,26,125,4
749,26,126,2
750,26,247,1
751,26,127,4
752,26,37,1
753,26,252,1
754,26,128,4
755,26,129,4
756,26,29,1
757,26,43,4
758,26,126,2
759,26,167,2
760,26,253,2
761,26,46,1
762,26,130,2
763,26,168,1
764,27,22,2
765,27,23,1
766,27,49,1
767,27,0,1
768,27,24,4
769,27,254,1
770,27,97,4
771,27,255,4
772,27,246,2
773,27,25,2
774,27,26,4
775,27,28,2
776,27,30,4
777,27,9,3
778,27,32,4
779,27,256,4
780,27,34,3
781,27,213,3
782,27,257,3
783,27,258,3
784,27,38,4
785,27,16,2
786,27,29,3
787,27,33,4
788,27,46,2
789,27,39,2
790,27,36,4
791,28,22,4
792,28,169,2
793,28,141,2
794,28,143,3
795,28,259,4
796,28,144,1
797,28,97,4
798,28,260,4
799,28,149,4
800,28,261,4
801,28,262,4
802,28,26,4
803,28,263,4
804,28,264,4
805,28,69,1
806,28,227,1
807,28,30,4
808,28,265,2
809,28,266,4
810,28,267,2
811,28,268,1
812,28,269,2
813,28,270,2
814,28,271,1
815,28,162,3
816,28,158,4
817,29,0,20
818,29,78,3
819,29,2,4
820,29,191,4
821,29,4,4
822,29,5,4
823,29,7,1
824,29,9,4
825,29,18,2
826,29,192,3
827,29,11,4
828,29,12,2
829,29,16,2
830,29,13,3
831,29,14,2
832,29,193,4
833,29,16,2
834,29,13,1
835,29,18,2
836,29,178,2
837,29,194,2
838,30,0,20
839,30,1,2
840,30,78,2
841,30,2,4
842,30,3,1
843,30,191,4
844,30,4,4
845,30,7,1
846,30,9,4
847,30,272,4
848,30,18,3
849,30,11,4
850,30,12,4
851,30,13,3
852,30,273,2
853,30,193,3
854,30,16,3
855,30,46,2
856,30,18,1
857,30,178,1
858,30,194,2
859,30,192,1
860,31,22,3
861,31,169,4
862,31,205,1
863,31,274,2
864,31,49,1
865,31,206,1
866,31,207,3
867,31,51,1
868,31,97,4
869,31,52,4
870,31,131,1
871,31,150,4
872,31,208,4
873,31,209,4
874,31,33,1
875,31,210,4
876,31,211,3
877,31,213,4
878,31,36,4
879,31,56,3
880,31,118,2
881,31,216,2
882,31,269,2
883,31,56,1
884,31,41,2
885,31,14,1
886,31,206,1
887,31,63,2
888,31,16,2
889,31,46,2
890,31,39,1
891,31,211,1
892,32,20,2
893,32,49,6
894,32,0,2
895,32,50,4
896,32,51,4
897,32,52,4
898,32,183,4
899,32,184,4
900,32,185,4
901,32,55,4
902,32,186,4
903,32,187,4
904,32,188,2
905,32,189,4
906,32,116,4
907,32,62,4
908,32,92,2
909,32,249,1
910,32,41,1
911,32,94,1
912,32,221,1
913,32,63,1
914,32,33,1
915,32,64,2
916,32,16,1
917,32,46,1
918,32,65,2
919,32,66,1
920,33,20,2
921,33,49,6
922,33,0,2
923,33,50,4
924,33,51,4
925,33,52,4
926,33,183,4
927,33,184,4
928,33,185,4
929,33,55,4
930,33,186,4
931,33,187,4
932,33,188,2
933,33,189,4
934,33,116,4
935,33,62,4
936,33,92,2
937,33,41,2
938,33,63,2
939,33,16,2
940,33,65,2
941,33,66,2
942,33,222,1
943,33,139,2
944,34,20,1
945,34,49,5
946,34,0,3
947,34,24,1
948,34,50,4
949,34,51,4
950,34,52,4
951,34,183,4
952,34,184,4
953,34,185,4
954,34,55,3
955,34,186,4
956,34,187,4
957,34,188,2
958,34,66,1
959,34,222,1
960,34,189,4
961,34,116,4
962,34,62,3
963,34,92,1
964,34,217,1
965,34,94,2
966,34,63,1
967,34,64,2
968,34,16,2
969,34,190,1
970,34,46,1
971,34,65,2
972,34,130,1
973,34,139,1
974,35,20,2
975,35,49,6
976,35,0,2
977,35,50,4
978,35,51,4
979,35,52,4
980,35,183,4
981,35,184,4
982,35,185,4
983,35,55,3
984,35,186,4
985,35,187,4
986,35,221,1
987,35,188,2
988,35,222,2
989,35,189,4
990,35,116,4
991,35,62,2
992,35,92,2
993,35,249,1
994,35,41,1
995,35,94,2
996,35,33,2
997,35,64,2
998,35,16,1
999,35,190,1
1000,35,66,2
1001,35,130,1
1002,36,20,1
1003,36,49,6
1004,36,0,2
1005,36,24,1
1006,36,50,4
1007,36,51,4
1008,36,52,4
1009,36,183,4
1010,36,184,4
1011,36,185,4
1012,36,55,2
1013,36,186,4
1014,36,187,4
1015,36,188,3
1016,36,66,1
1017,36,222,2
1018,36,189,4
1019,36,116,4
1020,36,62,2
1021,36,92,2
1022,36,217,1
1023,36,94,1
1024,36,221,1
1025,36,64,2
1026,36,16,1
1027,36,190,1
1028,36,46,1
1029,36,222,1
1030,36,130,2
1031,36,139,2
1032,37,49,5
1033,37,24,3
1034,37,50,4
1035,37,51,4
1036,37,52,4
1037,37,25,1
1038,37,104,2
1039,37,53,4
1040,37,54,4
1041,37,55,4
1042,37,11,4
1043,37,57,2
1044,37,58,4
1045,37,59,2
1046,37,60,4
1047,37,40,4
1048,37,61,1
1049,37,62,4
1050,37,92,2
1051,37,41,1
1052,37,63,2
1053,37,64,2
1054,37,16,2
1055,37,46,2
1056,37,65,2
1057,37,67,2
1058,38,22,2
1059,38,169,4
1060,38,205,1
1061,38,274,1
1062,38,23,1
1063,38,49,1
1064,38,0,1
1065,38,206,1
1066,38,254,1
1067,38,207,4
1068,38,97,4
1069,38,52,4
1070,38,150,4
1071,38,275,1
1072,38,208,3
1073,38,209,3
1074,38,210,4
1075,38,211,4
1076,38,213,4
1077,38,36,4
1078,38,56,3
1079,38,118,2
1080,38,216,3
1081,38,138,1
1082,38,269,2
1083,38,275,2
1084,38,208,1
1085,38,118,1
1086,38,206,1
1087,38,63,2
1088,38,16,2
1089,38,46,1
1090,38,39,2
1091,39,68,2
1092,39,22,1
1093,39,120,3
1094,39,121,4
1095,39,23,2
1096,39,49,3
1097,39,0,3
1098,39,97,3
1099,39,52,2
1100,39,255,1
1101,39,246,1
1102,39,124,3
1103,39,125,4
1104,39,247,1
1105,39,36,1
1106,39,248,2
1107,39,11,3
1108,39,200,4
1109,39,217,2
1110,39,250,4
1111,39,16,2
1112,39,65,1
1113,39,66,2
1114,39,39,1
1115,39,40,4
1116,39,128,1
1117,39,249,1
1118,39,276,1
1119,39,14,1
1120,39,105,1
1121,39,57,1
1122,39,29,1
1123,39,277,2
1124,39,63,2
1125,39,247,1
1126,39,46,1
1127,39,65,1
1128,39,35,1
1129,39,139,1
1130,40,278,1
1131,40,20,1
1132,40,141,4
1133,40,195,1
1134,40,143,4
1135,40,49,3
1136,40,24,2
1137,40,144,5
1138,40,145,2
1139,40,97,2
1140,40,149,3
1141,40,268,4
1142,40,83,2
1143,40,198,3
1144,40,84,4
1145,40,163,4
1146,40,154,1
1147,40,157,2
1148,40,66,2
1149,40,202,2
1150,40,161,1
1151,40,182,4
1152,40,158,3
1153,40,267,2
1154,40,172,1
1155,40,41,1
1156,40,42,1
1157,40,279,1
1158,40,162,2
1159,40,158,1
1160,40,46,2
1161,40,47,3
1162,40,139,1
1163,41,278,2
1164,41,20,1
1165,41,141,4
1166,41,195,1
1167,41,143,4
1168,41,49,2
1169,41,144,4
1170,41,145,2
1171,41,97,4
1172,41,149,4
1173,41,268,4
1174,41,83,2
1175,41,198,2
1176,41,84,4
1177,41,163,4
1178,41,267,1
1179,41,154,2
1180,41,157,2
1181,41,66,2
1182,41,202,2
1183,41,182,4
1184,41,158,3
1185,41,92,1
1186,41,267,2
1187,41,172,1
1188,41,41,1
1189,41,42,1
1190,41,227,1
1191,41,279,2
1192,41,162,2
1193,41,65,1
1194,41,47,2
1195,41,139,1
1196,42,76,4
1197,42,49,4
1198,42,24,4
1199,42,77,1
1200,42,78,1
1201,42,97,2
1202,42,79,4
1203,42,80,4
1204,42,81,2
1205,42,82,4
1206,42,83,4
1207,42,280,3
1208,42,84,4
1209,42,85,2
1210,42,47,3
1211,42,139,1
1212,42,114,1
1213,42,133,2
1214,42,88,2
1215,42,89,3
1216,42,66,1
1217,42,91,4
1218,42,92,2
1219,42,218,2
1220,42,208,2
1221,42,41,2
1222,42,14,1
1223,42,88,2
1224,42,46,1
1225,42,96,1
1226,42,220,1
1227,42,139,1
1228,43,20,2
1229,43,49,6
1230,43,0,2
1231,43,50,4
1232,43,51,4
1233,43,52,4
1234,43,183,4
1235,43,184,4
1236,43,185,4
1237,43,55,1
1238,43,186,4
1239,43,187,4
1240,43,221,2
1241,43,188,3
1242,43,222,2
1243,43,189,4
1244,43,116,4
1245,43,64,2
1246,43,92,2
1247,43,249,1
1248,43,41,2
1249,43,33,1
1250,43,16,1
1251,43,190,2
1252,43,46,2
1253,43,65,1
1254,43,66,1
1255,43,40,1
1256,43,130,1
1257,44,20,2
1258,44,49,6
1259,44,0,2
1260,44,50,4
1261,44,51,4
1262,44,52,4
1263,44,183,4
1264,44,184,4
1265,44,185,4
1266,44,55,1
1267,44,186,4
1268,44,187,4
1269,44,221,1
1270,44,188,3
1271,44,66,2
1272,44,222,2
1273,44,189,4
1274,44,116,4
1275,44,64,1
1276,44,92,2
1277,44,249,1
1278,44,41,2
1279,44,134,1
1280,44,95,1
1281,44,63,1
1282,44,64,2
1283,44,16,2
1284,44,65,1
1285,44,130,1
1286,44,139,1
1287,45,20,1
1288,45,49,6
1289,45,0,2
1290,45,24,1
1291,45,50,4
1292,45,51,4
1293,45,52,4
1294,45,183,4
1295,45,184,4
1296,45,185,4
1297,45,55,4
1298,45,186,4
1299,45,187,4
1300,45,221,1
1301,45,188,1
1302,45,222,1
1303,45,189,4
1304,45,116,4
1305,45,62,3
1306,45,92,2
1307,45,249,1
1308,45,41,2
1309,45,94,1
1310,45,221,1
1311,45,95,1
1312,45,64,2
1313,45,16,1
1314,45,190,2
1315,45,65,1
1316,45,139,1
1317,46,68,3
1318,46,120,4
1319,46,121,4
1320,46,23,14
1321,46,122,2
1322,46,26,4
1323,46,123,3
1324,46,124,3
1325,46,30,4
1326,46,125,3
1327,46,126,2
1328,46,127,4
1329,46,70,2
1330,46,128,4
1331,46,129,4
1332,46,43,4
1333,46,126,1
1334,46,45,3
1335,46,46,3
1336,46,130,4
1337,47,68,3
1338,47,120,3
1339,47,121,4
1340,47,23,14
1341,47,122,3
1342,47,26,4
1343,47,124,4
1344,47,29,2
1345,47,30,4
1346,47,125,4
1347,47,126,3
1348,47,127,4
1349,47,128,4
1350,47,129,4
1351,47,252,1
1352,47,29,1
1353,47,126,1
1354,47,45,2
1355,47,281,3
1356,47,35,2
1357,47,130,4
1358,47,168,1
1359,48,0,20
1360,48,78,3
1361,48,2,4
1362,48,191,4
1363,48,4,4
1364,48,5,3
1365,48,7,1
1366,48,9,4
1367,48,18,2
1368,48,10,1
1369,48,192,3
1370,48,11,4
1371,48,12,2
1372,48,16,2
1373,48,13,3
1374,48,14,2
1375,48,193,4
1376,48,16,2
1377,48,18,2
1378,48,178,2
1379,48,194,3
1380,49,68,3
1381,49,22,4
1382,49,120,4
1383,49,121,4
1384,49,23,10
1385,49,49,1
1386,49,26,4
1387,49,124,4
1388,49,30,4
1389,49,125,3
1390,49,126,3
1391,49,247,1
1392,49,127,4
1393,49,252,3
1394,49,216,3
1395,49,128,4
1396,49,129,1
1397,49,56,3
1398,49,29,1
1399,49,126,1
1400,49,167,1
1401,49,129,2
1402,49,282,3
1403,49,46,2
1404,49,39,2
1405,50,21,4
1406,50,22,4
1407,50,23,5
1408,50,24,3
1409,50,97,3
1410,50,25,3
1411,50,26,4
1412,50,27,1
1413,50,235,1
1414,50,28,4
1415,50,29,3
1416,50,30,4
1417,50,31,3
1418,50,32,3
1419,50,33,4
1420,50,34,4
1421,50,36,2
1422,50,70,1
1423,50,38,4
1424,50,56,2
1425,50,234,1
1426,50,41,1
1427,50,44,1
1428,50,236,2
1429,50,46,2
1430,50,39,2
1431,50,35,1
1432,50,48,2
1433,50,36,1
1434,51,76,4
1435,51,24,3
1436,51,77,4
1437,51,79,9
1438,51,98,1
1439,51,80,4
1440,51,283,2
1441,51,208,4
1442,51,237,3
1443,51,284,1
1444,51,238,2
1445,51,285,4
1446,51,286,2
1447,51,212,4
1448,51,114,3
1449,51,242,2
1450,51,88,4
1451,51,216,4
1452,51,92,2
1453,51,240,2
1454,51,41,2
1455,51,99,3
1456,51,89,1
1457,51,46,2
1458,51,130,1
1459,51,139,2
1460,52,287,3
1461,52,22,2
1462,52,169,1
1463,52,76,4
1464,52,49,1
1465,52,288,4
1466,52,97,1
1467,52,79,1
1468,52,98,2
1469,52,289,1
1470,52,80,4
1471,52,25,2
1472,52,290,2
1473,52,291,4
1474,52,208,4
1475,52,69,3
1476,52,285,4
1477,52,212,4
1478,52,292,1
1479,52,36,4
1480,52,114,2
1481,52,88,4
1482,52,293,2
1483,52,293,1
1484,52,169,1
1485,52,240,2
1486,52,14,1
1487,52,238,2
1488,52,119,2
1489,52,96,3
1490,52,220,1
1491,52,294,1
1492,52,139,1
1493,53,68,2
1494,53,120,2
1495,53,121,4
1496,53,23,2
1497,53,49,3
1498,53,0,3
1499,53,97,3
1500,53,52,2
1501,53,246,2
1502,53,25,1
1503,53,124,3
1504,53,125,4
1505,53,35,3
1506,53,248,1
1507,53,11,3
1508,53,200,4
1509,53,250,4
1510,53,57,2
1511,53,16,2
1512,53,65,1
1513,53,66,2
1514,53,39,2
1515,53,40,4
1516,53,19,1
1517,53,41,1
1518,53,217,1
1519,53,105,1
1520,53,29,1
1521,53,45,1
1522,53,63,2
1523,53,33,1
1524,53,247,1
1525,53,16,1
1526,53,251,1
1527,53,46,2
1528,53,213,2
1529,54,68,2
1530,54,120,3
1531,54,121,4
1532,54,23,2
1533,54,49,3
1534,54,0,3
1535,54,97,3
1536,54,52,2
1537,54,246,2
1538,54,25,1
1539,54,124,3
1540,54,125,4
1541,54,251,1
1542,54,35,1
1543,54,36,1
1544,54,248,1
1545,54,11,3
1546,54,200,4
1547,54,217,1
1548,54,250,4
1549,54,57,1
1550,54,16,2
1551,54,66,2
1552,54,39,2
1553,54,40,3
1554,54,128,2
1555,54,249,1
1556,54,217,1
1557,54,14,1
1558,54,105,1
1559,54,29,1
1560,54,295,1
1561,54,45,1
1562,54,63,2
1563,54,33,1
1564,54,247,1
1565,54,46,1
1566,54,65,2
1567,54,35,1
1568,55,141,4
1569,55,143,4
1570,55,49,6
1571,55,24,4
1572,55,145,4
1573,55,296,4
1574,55,55,4
1575,55,200,4
1576,55,133,4
1577,55,60,4
1578,55,297,2
1579,55,298,4
1580,55,299,4
1581,55,158,4
1582,55,62,4
1583,55,180,2
1584,55,162,2
1585,55,66,2
1586,55,300,3
1587,55,130,2
1588,55,163,2
1589,55,139,2
1590,56,76,4
1591,56,301,1
1592,56,77,3
1593,56,78,3
1594,56,79,10
1595,56,80,4
1596,56,302,4
1597,56,208,4
1598,56,238,2
1599,56,212,2
1600,56,303,4
1601,56,114,2
1602,56,99,3
1603,56,119,4
1604,56,88,4
1605,56,96,2
1606,56,304,4
1607,56,92,2
1608,56,114,1
1609,56,242,2
1610,56,218,1
1611,56,240,2
1612,56,99,1
1613,56,243,1
1614,56,33,2
1615,56,46,2
1616,56,219,1
1617,57,22,3
1618,57,169,4
1619,57,205,1
1620,57,49,1
1621,57,206,1
1622,57,207,4
1623,57,51,2
1624,57,97,4
1625,57,52,4
1626,57,131,1
1627,57,150,4
1628,57,208,3
1629,57,209,3
1630,57,33,2
1631,57,210,4
1632,57,211,2
1633,57,213,4
1634,57,36,4
1635,57,11,3
1636,57,16,2
1637,57,216,4
1638,57,249,1
1639,57,41,2
1640,57,118,2
1641,57,63,2
1642,57,46,3
1643,57,66,2
1644,57,39,2
1645,57,211,1
1646,58,305,1
1647,58,22,1
1648,58,140,2
1649,58,141,3
1650,58,76,1
1651,58,306,2
1652,58,307,2
1653,58,196,1
1654,58,223,2
1655,58,24,1
1656,58,50,2
1657,58,147,1
1658,58,97,4
1659,58,52,1
1660,58,131,2
1661,58,25,1
1662,58,308,1
1663,58,224,2
1664,58,251,1
1665,58,215,1
1666,58,200,4
1667,58,181,3
1668,58,155,1
1669,58,225,4
1670,58,156,4
1671,58,157,4
1672,58,309,1
1673,58,222,2
1674,58,310,4
1675,58,311,1
1676,58,153,2
1677,58,154,1
1678,58,312,2
1679,58,105,2
1680,58,155,1
1681,58,313,1
1682,58,162,2
1683,58,40,1
1684,58,314,1
1685,58,130,2
1686,59,68,3
1687,59,120,3
1688,59,121,4
1689,59,23,15
1690,59,122,2
1691,59,26,4
1692,59,123,2
1693,59,124,3
1694,59,30,4
1695,59,125,3
1696,59,127,4
1697,59,252,3
1698,59,315,2
1699,59,128,4
1700,59,129,4
1701,59,105,2
1702,59,29,2
1703,59,43,4
1704,59,126,2
1705,59,45,1
1706,59,35,1
1707,59,130,2
1708,59,168,1
1709,60,278,2
1710,60,141,4
1711,60,143,4
1712,60,49,4
1713,60,24,2
1714,60,144,4
1715,60,145,1
1716,60,97,4
1717,60,149,4
1718,60,268,4
1719,60,83,2
1720,60,84,4
1721,60,163,4
1722,60,267,2
1723,60,157,2
1724,60,316,1
1725,60,66,2
1726,60,202,2
1727,60,161,1
1728,60,182,4
1729,60,158,3
1730,60,267,2
1731,60,41,2
1732,60,42,2
1733,60,279,1
1734,60,162,1
1735,60,158,1
1736,60,46,2
1737,60,47,2
1738,60,139,2
1739,61,22,4
1740,61,169,1
1741,61,141,3
1742,61,143,3
1743,61,259,4
1744,61,144,1
1745,61,97,4
1746,61,260,4
1747,61,149,4
1748,61,261,4
1749,61,262,4
1750,61,26,4
1751,61,263,4
1752,61,264,4
1753,61,227,1
1754,61,30,4
1755,61,265,3
1756,61,266,4
1757,61,158,1
1758,61,267,2
1759,61,268,2
1760,61,270,2
1761,61,162,2
1762,61,158,3
1763,61,39,2
1764,61,35,2
1765,62,106,4
1766,62,107,4
1767,62,97,4
1768,62,255,4
1769,62,246,4
1770,62,317,4
1771,62,318,4
1772,62,113,4
1773,62,54,4
1774,62,319,4
1775,62,320,3
1776,62,321,4
1777,62,250,2
1778,62,322,2
1779,62,323,1
1780,62,324,4
1781,62,325,4
1782,62,231,2
1783,62,99,3
1784,62,191,2
1785,62,119,3
1786,62,45,3
1787,62,130,2
1788,63,22,3
1789,63,169,4
1790,63,205,1
1791,63,274,2
1792,63,49,1
1793,63,206,1
1794,63,207,3
1795,63,51,1
1796,63,97,4
1797,63,52,4
1798,63,131,1
1799,63,150,4
1800,63,208,3
1801,63,209,2
1802,63,210,4
1803,63,211,4
1804,63,213,4
1805,63,36,4
1806,63,56,4
1807,63,16,2
1808,63,216,4
1809,63,208,1
1810,63,41,1
1811,63,206,1
1812,63,63,3
1813,63,16,2
1814,63,46,2
1815,63,66,3
1816,63,39,1
1817,63,220,1
1818,64,49,6
1819,64,24,2
1820,64,50,4
1821,64,51,4
1822,64,52,4
1823,64,326,4
1824,64,327,4
1825,64,211,4
1826,64,184,2
1827,64,56,1
1828,64,11,4
1829,64,133,1
1830,64,328,1
1831,64,58,4
1832,64,16,2
1833,64,60,4
1834,64,65,1
1835,64,66,3
1836,64,39,1
1837,64,40,2
1838,64,216,2
1839,64,138,1
1840,64,92,2
1841,64,249,1
1842,64,41,2
1843,64,14,1
1844,64,329,2
1845,64,95,1
1846,64,63,1
1847,64,64,1
1848,64,46,2
1849,64,39,1
1850,65,68,1
1851,65,120,4
1852,65,121,4
1853,65,23,13
1854,65,288,4
1855,65,26,4
1856,65,124,4
1857,65,29,1
1858,65,30,4
1859,65,125,4
1860,65,126,1
1861,65,247,1
1862,65,127,4
1863,65,252,1
1864,65,128,4
1865,65,166,2
1866,65,129,4
1867,65,114,1
1868,65,99,2
1869,65,105,3
1870,65,29,1
1871,65,126,1
1872,65,88,1
1873,65,89,3
1874,65,79,1
1875,65,130,2
1876,66,49,6
1877,66,24,2
1878,66,50,4
1879,66,51,4
1880,66,52,4
1881,66,326,4
1882,66,327,4
1883,66,211,4
1884,66,184,2
1885,66,138,1
1886,66,56,1
1887,66,11,4
1888,66,57,1
1889,66,58,4
1890,66,16,1
1891,66,60,4
1892,66,65,1
1893,66,66,3
1894,66,39,2
1895,66,216,4
1896,66,138,1
1897,66,92,2
1898,66,249,1
1899,66,41,1
1900,66,133,1
1901,66,329,2
1902,66,95,1
1903,66,63,1
1904,66,16,1
1905,66,46,2
1906,66,159,2
1907,67,68,3
1908,67,120,3
1909,67,121,4
1910,67,23,15
1911,67,122,2
1912,67,26,4
1913,67,123,2
1914,67,124,4
1915,67,30,4
1916,67,125,3
1917,67,126,2
1918,67,127,4
1919,67,70,1
1920,67,128,4
1921,67,166,1
1922,67,129,4
1923,67,29,1
1924,67,43,3
1925,67,126,1
1926,67,45,3
1927,67,282,1
1928,67,46,2
1929,67,35,1
1930,67,130,3
1931,68,76,4
1932,68,49,4
1933,68,24,4
1934,68,77,2
1935,68,78,2
1936,68,79,4
1937,68,80,4
1938,68,81,2
1939,68,82,4
1940,68,83,3
1941,68,280,1
1942,68,84,4
1943,68,330,1
1944,68,286,2
1945,68,85,4
1946,68,47,2
1947,68,114,2
1948,68,88,4
1949,68,89,2
1950,68,66,1
1951,68,91,4
1952,68,92,2
1953,68,218,3
1954,68,41,1
1955,68,99,2
1956,68,94,2
1957,68,119,2
1958,68,96,3
1959,69,20,1
1960,69,49,6
1961,69,0,2
1962,69,24,1
1963,69,50,4
1964,69,51,4
1965,69,52,4
1966,69,183,4
1967,69,184,4
1968,69,185,4
1969,69,55,4
1970,69,186,4
1971,69,187,4
1972,69,221,1
1973,69,188,1
1974,69,222,1
1975,69,189,4
1976,69,116,4
1977,69,62,3
1978,69,92,2
1979,69,249,1
1980,69,41,2
1981,69,94,1
1982,69,221,1
1983,69,95,1
1984,69,64,2
1985,69,16,1
1986,69,190,2
1987,69,65,1
1988,69,139,1
1989,70,21,4
1990,70,22,4
1991,70,23,6
1992,70,24,3
1993,70,97,2
1994,70,25,3
1995,70,26,4
1996,70,27,1
1997,70,28,4
1998,70,29,2
1999,70,30,4
2000,70,31,3
2001,70,32,3
2002,70,33,4
2003,70,75,1
2004,70,34,4
2005,70,36,2
2006,70,70,2
2007,70,38,4
2008,70,234,1
2009,70,41,1
2010,70,235,1
2011,70,44,1
2012,70,236,2
2013,70,46,2
2014,70,39,2
2015,70,35,2
2016,70,48,2
2017,70,214,1
2018,71,68,2
2019,71,120,3
2020,71,121,4
2021,71,23,2
2022,71,49,3
2023,71,0,3
2024,71,97,3
2025,71,52,2
2026,71,246,2
2027,71,25,1
2028,71,124,3
2029,71,125,4
2030,71,126,1
2031,71,248,1
2032,71,11,3
2033,71,200,4
2034,71,250,4
2035,71,57,1
2036,71,16,3
2037,71,66,2
2038,71,39,2
2039,71,40,4
2040,71,19,1
2041,71,128,2
2042,71,217,1
2043,71,105,2
2044,71,63,3
2045,71,33,1
2046,71,247,1
2047,71,16,1
2048,71,251,1
2049,71,46,2
2050,71,65,2
2051,71,35,1
2052,72,76,4
2053,72,49,4
2054,72,24,4
2055,72,77,2
2056,72,78,3
2057,72,79,3
2058,72,80,4
2059,72,81,2
2060,72,83,3
2061,72,280,4
2062,72,84,4
2063,72,85,4
2064,72,47,4
2065,72,139,1
2066,72,114,2
2067,72,88,2
2068,72,89,2
2069,72,66,1
2070,72,331,3
2071,72,91,4
2072,72,92,2
2073,72,218,2
2074,72,41,1
2075,72,99,2
2076,72,119,2
2077,72,88,1
2078,72,46,2
2079,72,39,1
2080,72,96,1
2081,72,139,1
2082,73,169,2
2083,73,332,2
2084,73,76,4
2085,73,49,3
2086,73,171,1
2087,73,206,1
2088,73,77,4
2089,73,79,3
2090,73,98,2
2091,73,80,4
2092,73,333,2
2093,73,224,3
2094,73,334,4
2095,73,114,3
2096,73,335,4
2097,73,240,1
2098,73,336,4
2099,73,66,2
2100,73,222,3
2101,73,298,4
2102,73,304,4
2103,73,92,2
2104,73,218,1
2105,73,99,2
2106,73,94,2
2107,73,95,1
2108,73,46,2
2109,73,96,1
2110,73,219,1
2111,73,47,2
2112,73,139,1
2113,74,68,3
2114,74,120,2
2115,74,337,2
2116,74,121,4
2117,74,23,10
2118,74,0,1
2119,74,255,4
2120,74,164,2
2121,74,124,3
2122,74,30,4
2123,74,125,4
2124,74,127,4
2125,74,338,4
2126,74,252,1
2127,74,250,3
2128,74,339,1
2129,74,165,4
2130,74,128,3
2131,74,166,1
2132,74,0,1
2133,74,45,1
2134,74,340,2
2135,74,63,3
2136,74,16,3
2137,74,46,3
2138,74,130,2
2139,75,20,2
2140,75,49,6
2141,75,0,2
2142,75,50,4
2143,75,51,4
2144,75,52,4
2145,75,183,4
2146,75,184,4
2147,75,185,4
2148,75,55,4
2149,75,186,4
2150,75,187,4
2151,75,188,2
2152,75,189,4
2153,75,116,4
2154,75,62,4
2155,75,138,2
2156,75,92,2
2157,75,249,1
2158,75,94,2
2159,75,63,2
2160,75,64,2
2161,75,46,2
2162,75,66,2
2163,76,20,2
2164,76,49,6
2165,76,0,2
2166,76,50,4
2167,76,51,4
2168,76,52,4
2169,76,183,4
2170,76,184,4
2171,76,185,4
2172,76,55,4
2173,76,186,4
2174,76,187,4
2175,76,188,2
2176,76,222,1
2177,76,189,4
2178,76,116,4
2179,76,62,3
2180,76,92,2
2181,76,249,1
2182,76,41,1
2183,76,217,1
2184,76,94,1
2185,76,64,2
2186,76,16,1
2187,76,190,2
2188,76,46,1
2189,76,66,1
2190,76,40,1
2191,76,139,1
2192,77,23,2
2193,77,259,4
2194,77,24,4
2195,77,144,2
2196,77,97,4
2197,77,260,4
2198,77,341,4
2199,77,342,4
2200,77,343,4
2201,77,344,4
2202,77,345,4
2203,77,35,3
2204,77,323,3
2205,77,339,4
2206,77,346,2
2207,77,71,4
2208,77,347,4
2209,77,172,2
2210,77,160,2
2211,77,29,3
2212,77,45,2
2213,77,158,2
2214,77,348,2
2215,77,349,2
2216,78,21,4
2217,78,22,4
2218,78,23,6
2219,78,24,4
2220,78,25,4
2221,78,26,4
2222,78,27,1
2223,78,69,1
2224,78,28,4
2225,78,30,4
2226,78,224,1
2227,78,31,2
2228,78,32,3
2229,78,33,4
2230,78,34,4
2231,78,35,1
2232,78,36,1
2233,78,38,4
2234,78,39,2
2235,78,44,2
2236,78,68,1
2237,78,41,1
2238,78,57,1
2239,78,29,1
2240,78,43,3
2241,78,167,1
2242,78,74,1
2243,78,46,2
2244,78,39,1
2245,78,35,1
2246,78,48,1
2247,78,36,1
2248,79,68,2
2249,79,120,3
2250,79,121,4
2251,79,23,2
2252,79,49,3
2253,79,0,3
2254,79,97,3
2255,79,52,2
2256,79,255,1
2257,79,246,1
2258,79,25,1
2259,79,124,3
2260,79,125,4
2261,79,35,2
2262,79,36,1
2263,79,11,3
2264,79,200,4
2265,79,217,2
2266,79,250,4
2267,79,105,1
2268,79,16,3
2269,79,65,1
2270,79,66,2
2271,79,39,1
2272,79,40,4
2273,79,217,1
2274,79,105,2
2275,79,277,3
2276,79,63,3
2277,79,16,1
2278,79,46,1
2279,79,65,1
2280,79,39,1
2281,79,35,1
2282,79,36,1
2283,80,68,3
2284,80,120,3
2285,80,121,4
2286,80,23,14
2287,80,122,3
2288,80,26,4
2289,80,123,2
2290,80,124,4
2291,80,30,4
2292,80,125,3
2293,80,126,2
2294,80,127,4
2295,80,70,1
2296,80,128,4
2297,80,166,1
2298,80,129,4
2299,80,43,4
2300,80,126,1
2301,80,45,3
2302,80,46,3
2303,80,130,4
2304,81,22,3
2305,81,169,4
2306,81,205,1
2307,81,49,1
2308,81,206,1
2309,81,77,1
2310,81,207,4
2311,81,51,2
2312,81,97,4
2313,81,52,4
2314,81,150,4
2315,81,208,3
2316,81,209,4
2317,81,210,4
2318,81,211,2
2319,81,212,2
2320,81,213,4
2321,81,36,4
2322,81,56,2
2323,81,11,2
2324,81,118,1
2325,81,216,3
2326,81,208,1
2327,81,41,1
2328,81,94,2
2329,81,63,2
2330,81,16,2
2331,81,46,2
2332,81,39,2
2333,81,211,1
2334,81,350,1
2335,81,351,1
2336,82,68,2
2337,82,120,4
2338,82,121,4
2339,82,23,11
2340,82,0,1
2341,82,255,4
2342,82,26,4
2343,82,123,2
2344,82,124,4
2345,82,29,1
2346,82,30,4
2347,82,125,4
2348,82,127,4
2349,82,250,3
2350,82,128,4
2351,82,129,4
2352,82,45,3
2353,82,63,3
2354,82,16,3
2355,82,46,2
2356,82,130,3
2357,82,168,1
2358,83,332,3
2359,83,141,4
2360,83,195,2
2361,83,49,5
2362,83,196,4
2363,83,144,5
2364,83,145,3
2365,83,224,1
2366,83,47,2
2367,83,139,1
2368,83,200,4
2369,83,153,3
2370,83,154,4
2371,83,157,4
2372,83,66,3
2373,83,40,3
2374,83,222,3
2375,83,161,2
2376,83,158,4
2377,83,92,2
2378,83,269,2
2379,83,217,1
2380,83,94,1
2381,83,95,1
2382,83,162,2
2383,83,220,1
2384,83,130,2
2385,83,163,3
2386,84,76,4
2387,84,49,4
2388,84,24,4
2389,84,77,2
2390,84,78,3
2391,84,97,1
2392,84,79,3
2393,84,80,4
2394,84,352,4
2395,84,81,2
2396,84,83,2
2397,84,84,4
2398,84,85,4
2399,84,47,3
2400,84,114,2
2401,84,88,2
2402,84,89,3
2403,84,66,2
2404,84,91,4
2405,84,304,3
2406,84,92,1
2407,84,218,2
2408,84,41,2
2409,84,99,2
2410,84,95,1
2411,84,88,2
2412,84,89,1
2413,84,46,2
2414,84,96,1
2415,84,219,1
2416,85,49,6
2417,85,24,3
2418,85,50,4
2419,85,51,4
2420,85,52,4
2421,85,53,4
2422,85,54,4
2423,85,55,4
2424,85,56,1
2425,85,11,4
2426,85,57,2
2427,85,58,4
2428,85,59,2
2429,85,60,4
2430,85,40,4
2431,85,61,2
2432,85,62,4
2433,85,41,1
2434,85,63,2
2435,85,64,2
2436,85,16,2
2437,85,46,3
2438,85,65,2
2439,85,66,2
2440,85,67,1
2441,86,0,20
2442,86,78,3
2443,86,2,4
2444,86,191,4
2445,86,4,4
2446,86,5,4
2447,86,7,1
2448,86,9,4
2449,86,18,2
2450,86,192,3
2451,86,11,4
2452,86,12,2
2453,86,16,2
2454,86,13,3
2455,86,14,2
2456,86,193,4
2457,86,16,2
2458,86,13,1
2459,86,17,2
2460,86,18,2
2461,86,178,2
2462,87,76,4
2463,87,24,2
2464,87,77,4
2465,87,79,11
2466,87,98,1
2467,87,80,4
2468,87,208,4
2469,87,237,3
2470,87,238,2
2471,87,212,4
2472,87,239,1
2473,87,114,3
2474,87,240,3
2475,87,241,3
2476,87,119,2
2477,87,88,4
2478,87,40,3
2479,87,216,2
2480,87,242,1
2481,87,99,4
2482,87,238,1
2483,87,95,1
2484,87,243,1
2485,87,33,3
2486,87,244,1
2487,87,89,2
2488,87,46,1
2489,88,195,1
2490,88,76,4
2491,88,49,4
2492,88,24,4
2493,88,77,2
2494,88,78,2
2495,88,79,3
2496,88,80,4
2497,88,81,2
2498,88,82,4
2499,88,83,3
2500,88,84,4
2501,88,33,2
2502,88,85,4
2503,88,47,3
2504,88,139,1
2505,88,114,2
2506,88,322,1
2507,88,87,1
2508,88,88,3
2509,88,89,2
2510,88,91,4
2511,88,92,2
2512,88,218,2
2513,88,99,2
2514,88,217,1
2515,88,14,2
2516,88,119,1
2517,88,95,1
2518,88,88,1
2519,88,46,1
2520,88,96,1
2521,88,220,1
2522,89,68,3
2523,89,120,4
2524,89,121,4
2525,89,23,13
2526,89,122,2
2527,89,26,4
2528,89,123,1
2529,89,124,4
2530,89,30,4
2531,89,125,3
2532,89,126,2
2533,89,127,4
2534,89,70,2
2535,89,252,2
2536,89,128,4
2537,89,129,4
2538,89,29,1
2539,89,43,3
2540,89,126,2
2541,89,45,2
2542,89,167,1
2543,89,247,1
2544,89,46,1
2545,89,35,1
2546,89,130,3
2547,90,22,3
2548,90,169,4
2549,90,205,1
2550,90,274,4
2551,90,49,1
2552,90,206,1
2553,90,77,1
2554,90,97,4
2555,90,52,4
2556,90,80,1
2557,90,150,4
2558,90,208,4
2559,90,209,4
2560,90,210,4
2561,90,211,3
2562,90,213,4
2563,90,36,4
2564,90,215,1
2565,90,56,2
2566,90,118,1
2567,90,353,2
2568,90,216,4
2569,90,41,2
2570,90,354,1
2571,90,105,2
2572,90,63,2
2573,90,16,2
2574,90,46,2
2575,90,65,2
2576,90,350,2
2577,91,68,3
2578,91,120,3
2579,91,121,4
2580,91,23,14
2581,91,122,3
2582,91,26,4
2583,91,164,1
2584,91,123,3
2585,91,124,4
2586,91,30,4
2587,91,125,3
2588,91,127,4
2589,91,70,2
2590,91,128,4
2591,91,129,4
2592,91,43,4
2593,91,126,3
2594,91,45,3
2595,91,167,1
2596,91,130,3
2597,91,168,1
2598,92,278,2
2599,92,141,4
2600,92,143,4
2601,92,49,3
2602,92,24,2
2603,92,144,5
2604,92,145,1
2605,92,97,4
2606,92,149,4
2607,92,268,4
2608,92,83,2
2609,92,198,2
2610,92,355,1
2611,92,84,4
2612,92,277,1
2613,92,163,4
2614,92,267,3
2615,92,157,2
2616,92,66,1
2617,92,182,4
2618,92,158,3
2619,92,202,3
2620,92,267,1
2621,92,172,2
2622,92,161,1
2623,92,279,1
2624,92,162,1
2625,92,46,2
2626,92,222,1
2627,92,47,2
2628,92,139,1
2629,93,205,1
2630,93,141,4
2631,93,143,4
2632,93,49,3
2633,93,196,3
2634,93,144,1
2635,93,50,2
2636,93,147,1
2637,93,52,1
2638,93,148,4
2639,93,131,2
2640,93,224,1
2641,93,152,2
2642,93,139,3
2643,93,138,2
2644,93,200,4
2645,93,153,2
2646,93,181,1
2647,93,154,4
2648,93,225,1
2649,93,156,2
2650,93,157,2
2651,93,16,1
2652,93,66,2
2653,93,40,3
2654,93,222,2
2655,93,229,1
2656,93,244,1
2657,93,92,1
2658,93,172,1
2659,93,181,1
2660,93,308,1
2661,93,227,2
2662,93,356,1
2663,93,63,1
2664,93,357,1
2665,93,358,2
2666,93,220,1
2667,93,47,3
2668,94,68,3
2669,94,120,3
2670,94,121,4
2671,94,23,13
2672,94,122,3
2673,94,26,4
2674,94,124,4
2675,94,29,2
2676,94,30,4
2677,94,125,4
2678,94,126,2
2679,94,127,4
2680,94,35,1
2681,94,70,1
2682,94,128,4
2683,94,129,4
2684,94,43,4
2685,94,126,2
2686,94,167,2
2687,94,247,1
2688,94,282,3
2689,94,46,1
2690,94,35,1
2691,94,168,1
2692,95,68,3
2693,95,120,3
2694,95,121,4
2695,95,23,14
2696,95,122,2
2697,95,26,4
2698,95,123,2
2699,95,124,4
2700,95,29,1
2701,95,30,4
2702,95,125,3
2703,95,126,2
2704,95,127,4
2705,95,70,1
2706,95,37,1
2707,95,128,4
2708,95,129,4
2709,95,29,2
2710,95,43,3
2711,95,126,2
2712,95,45,2
2713,95,167,1
2714,95,247,1
2715,95,35,1
2716,95,130,3
2717,96,20,1
2718,96,49,6
2719,96,0,2
2720,96,24,1
2721,96,50,4
2722,96,51,4
2723,96,52,4
2724,96,183,4
2725,96,184,4
2726,96,185,4
2727,96,55,4
2728,96,186,4
2729,96,187,4
2730,96,221,1
2731,96,188,2
2732,96,189,4
2733,96,116,4
2734,96,62,3
2735,96,92,2
2736,96,41,2
2737,96,94,1
2738,96,33,2
2739,96,64,2
2740,96,16,2
2741,96,190,2
2742,96,66,1
2743,96,130,1
2744,97,20,1
2745,97,49,6
2746,97,0,2
2747,97,24,1
2748,97,50,4
2749,97,51,4
2750,97,52,4
2751,97,183,4
2752,97,184,4
2753,97,185,4
2754,97,55,4
2755,97,186,4
2756,97,187,4
2757,97,221,1
2758,97,188,2
2759,97,189,4
2760,97,116,4
2761,97,62,3
2762,97,92,2
2763,97,41,2
2764,97,94,1
2765,97,33,2
2766,97,64,2
2767,97,16,2
2768,97,190,2
2769,97,65,1
2770,97,130,1
2771,98,143,4
2772,98,49,3
2773,98,0,2
2774,98,50,4
2775,98,147,1
2776,98,51,4
2777,98,52,4
2778,98,183,4
2779,98,184,4
2780,98,185,4
2781,98,186,4
2782,98,187,4
2783,98,221,2
2784,98,188,2
2785,98,225,3
2786,98,65,2
2787,98,222,1
2788,98,189,4
2789,98,116,4
2790,98,92,2
2791,98,41,2
2792,98,94,2
2793,98,95,1
2794,98,33,3
2795,98,16,2
2796,98,190,1
2797,98,46,1
2798,98,222,1
2799,99,49,6
2800,99,24,3
2801,99,50,4
2802,99,51,4
2803,99,52,4
2804,99,53,4
2805,99,54,4
2806,99,55,4
2807,99,56,1
2808,99,11,4
2809,99,57,2
2810,99,58,4
2811,99,59,1
2812,99,60,4
2813,99,40,4
2814,99,353,1
2815,99,61,2
2816,99,62,4
2817,99,249,2
2818,99,64,3
2819,99,16,1
2820,99,59,1
2821,99,46,3
2822,99,65,2
2823,99,66,2
2824,99,67,1
2825,100,49,6
2826,100,24,2
2827,100,50,4
2828,100,51,4
2829,100,52,4
2830,100,326,4
2831,100,327,4
2832,100,211,4
2833,100,184,2
2834,100,56,1
2835,100,249,1
2836,100,11,4
2837,100,328,2
2838,100,57,1
2839,100,58,4
2840,100,60,4
2841,100,65,1
2842,100,66,3
2843,100,39,1
2844,100,216,4
2845,100,138,1
2846,100,92,2
2847,100,249,1
2848,100,41,1
2849,100,181,1
2850,100,133,1
2851,100,95,1
2852,100,63,1
2853,100,64,2
2854,100,46,2
2855,100,39,1
2856,100,18,1
2857,101,68,2
2858,101,359,1
2859,101,120,3
2860,101,121,4
2861,101,23,14
2862,101,122,2
2863,101,26,4
2864,101,164,1
2865,101,123,2
2866,101,124,4
2867,101,29,1
2868,101,30,4
2869,101,125,2
2870,101,126,2
2871,101,127,4
2872,101,70,1
2873,101,128,4
2874,101,166,1
2875,101,129,4
2876,101,70,1
2877,101,29,1
2878,101,43,2
2879,101,126,1
2880,101,45,1
2881,101,167,1
2882,101,282,1
2883,101,46,2
2884,101,35,2
2885,101,130,2
2886,101,168,1
2887,102,68,3
2888,102,120,3
2889,102,121,4
2890,102,23,13
2891,102,122,3
2892,102,26,4
2893,102,124,4
2894,102,29,2
2895,102,30,4
2896,102,125,4
2897,102,126,2
2898,102,127,4
2899,102,35,1
2900,102,70,1
2901,102,128,4
2902,102,129,4
2903,102,43,4
2904,102,126,2
2905,102,167,2
2906,102,247,1
2907,102,282,3
2908,102,46,1
2909,102,35,1
2910,102,168,1
2911,103,0,20
2912,103,78,4
2913,103,2,4
2914,103,191,4
2915,103,4,4
2916,103,9,4
2917,103,360,3
2918,103,272,4
2919,103,18,1
2920,103,10,2
2921,103,11,4
2922,103,12,2
2923,103,16,2
2924,103,13,2
2925,103,361,1
2926,103,193,4
2927,103,16,2
2928,103,13,1
2929,103,46,3
2930,103,18,3
2931,103,178,1
2932,104,169,4
2933,104,170,4
2934,104,171,4
2935,104,0,2
2936,104,24,2
2937,104,147,4
2938,104,148,4
2939,104,172,4
2940,104,173,3
2941,104,174,4
2942,104,175,4
2943,104,9,4
2944,104,176,4
2945,104,177,2
2946,104,163,4
2947,104,11,4
2948,104,154,2
2949,104,362,1
2950,104,160,3
2951,104,180,1
2952,104,181,2
2953,104,154,1
2954,104,182,2
2955,104,162,3
2956,104,347,1
2957,104,178,2
2958,105,169,2
2959,105,170,4
2960,105,171,4
2961,105,0,2
2962,105,24,4
2963,105,147,4
2964,105,148,4
2965,105,172,4
2966,105,173,3
2967,105,174,4
2968,105,175,4
2969,105,9,4
2970,105,176,4
2971,105,177,2
2972,105,163,4
2973,105,11,4
2974,105,154,2
2975,105,362,1
2976,105,160,3
2977,105,154,2
2978,105,63,2
2979,105,279,2
2980,105,162,3
2981,105,362,1
2982,105,178,2
2983,106,169,3
2984,106,170,4
2985,106,171,3
2986,106,0,2
2987,106,24,4
2988,106,147,4
2989,106,148,4
2990,106,172,4
2991,106,173,3
2992,106,174,4
2993,106,175,4
2994,106,9,4
2995,106,176,4
2996,106,177,2
2997,106,163,4
2998,106,11,4
2999,106,154,2
3000,106,362,1
3001,106,160,3
3002,106,154,1
3003,106,63,3
3004,106,279,2
3005,106,162,3
3006,106,362,1
3007,106,178,2
3008,107,76,4
3009,107,49,5
3010,107,24,3
3011,107,77,2
3012,107,78,3
3013,107,79,4
3014,107,80,4
3015,107,81,2
3016,107,82,4
3017,107,83,4
3018,107,84,4
3019,107,85,4
3020,107,47,4
3021,107,139,1
3022,107,114,2
3023,107,87,1
3024,107,88,2
3025,107,89,2
3026,107,66,1
3027,107,91,4
3028,107,92,3
3029,107,114,1
3030,107,41,2
3031,107,99,2
3032,107,88,2
3033,107,46,2
3034,107,96,1
3035,107,219,1
3036,107,220,1
3037,108,332,4
3038,108,195,1
3039,108,76,4
3040,108,49,4
3041,108,77,2
3042,108,79,3
3043,108,98,4
3044,108,80,4
3045,108,224,1
3046,108,220,1
3047,108,139,2
3048,108,92,1
3049,108,114,2
3050,108,200,4
3051,108,240,4
3052,108,217,3
3053,108,95,1
3054,108,88,3
3055,108,89,1
3056,108,66,3
3057,108,40,4
3058,108,96,1
3059,108,222,3
3060,108,92,2
3061,108,41,1
3062,108,99,1
3063,108,94,2
3064,108,14,1
3065,108,42,2
3066,108,238,1
3067,108,46,1
3068,108,96,1
3069,108,47,2
3070,108,139,1
3071,109,49,7
3072,109,24,2
3073,109,50,4
3074,109,51,4
3075,109,52,4
3076,109,53,4
3077,109,54,4
3078,109,55,4
3079,109,56,1
3080,109,11,4
3081,109,133,2
3082,109,57,1
3083,109,58,4
3084,109,60,4
3085,109,40,4
3086,109,353,1
3087,109,61,2
3088,109,62,4
3089,109,92,1
3090,109,57,1
3091,109,64,3
3092,109,46,3
3093,109,65,2
3094,109,66,2
3095,109,67,2
3096,109,61,1
3097,110,22,1
3098,110,49,5
3099,110,24,3
3100,110,50,4
3101,110,51,4
3102,110,52,4
3103,110,53,4
3104,110,54,4
3105,110,55,4
3106,110,56,2
3107,110,11,4
3108,110,58,4
3109,110,59,2
3110,110,13,1
3111,110,60,4
3112,110,40,4
3113,110,61,2
3114,110,62,4
3115,110,92,1
3116,110,104,4
3117,110,327,2
3118,110,64,1
3119,110,16,2
3120,110,65,1
3121,110,66,1
3122,110,67,2
3123,110,61,1
3124,111,49,6
3125,111,24,2
3126,111,50,4
3127,111,51,4
3128,111,52,4
3129,111,326,4
3130,111,327,4
3131,111,33,2
3132,111,211,3
3133,111,184,3
3134,111,138,1
3135,111,56,1
3136,111,11,4
3137,111,57,1
3138,111,58,4
3139,111,60,4
3140,111,65,1
3141,111,66,3
3142,111,39,1
3143,111,216,4
3144,111,92,2
3145,111,133,2
3146,111,57,1
3147,111,63,2
3148,111,33,1
3149,111,16,1
3150,111,46,2
3151,111,65,1
3152,111,39,2
3153,111,211,1
3154,112,49,6
3155,112,50,4
3156,112,51,4
3157,112,52,4
3158,112,131,2
3159,112,326,4
3160,112,327,4
3161,112,211,4
3162,112,184,3
3163,112,11,4
3164,112,328,2
3165,112,57,2
3166,112,58,4
3167,112,60,4
3168,112,65,1
3169,112,66,3
3170,112,39,1
3171,112,216,4
3172,112,138,1
3173,112,92,2
3174,112,249,2
3175,112,41,1
3176,112,133,1
3177,112,329,2
3178,112,95,1
3179,112,63,1
3180,112,64,2
3181,112,46,2
3182,113,49,6
3183,113,24,2
3184,113,50,4
3185,113,51,4
3186,113,52,4
3187,113,326,4
3188,113,327,4
3189,113,211,4
3190,113,184,2
3191,113,138,1
3192,113,56,1
3193,113,11,4
3194,113,57,1
3195,113,58,4
3196,113,16,1
3197,113,60,4
3198,113,65,1
3199,113,66,3
3200,113,39,2
3201,113,216,4
3202,113,138,1
3203,113,92,2
3204,113,249,1
3205,113,41,1
3206,113,329,2
3207,113,95,1
3208,113,63,1
3209,113,16,1
3210,113,46,2
3211,113,159,2
3212,113,350,1
3213,114,0,21
3214,114,78,3
3215,114,2,4
3216,114,191,3
3217,114,4,4
3218,114,9,4
3219,114,272,4
3220,114,18,4
3221,114,10,2
3222,114,192,2
3223,114,11,4
3224,114,12,2
3225,114,13,3
3226,114,361,1
3227,114,14,2
3228,114,191,1
3229,114,193,4
3230,114,360,2
3231,114,16,2
3232,114,46,1
3233,114,178,2
3234,115,22,3
3235,115,169,4
3236,115,205,1
3237,115,274,4
3238,115,49,1
3239,115,206,1
3240,115,77,1
3241,115,207,1
3242,115,97,4
3243,115,52,4
3244,115,150,4
3245,115,208,3
3246,115,209,4
3247,115,210,4
3248,115,211,3
3249,115,213,4
3250,115,36,4
3251,115,215,1
3252,115,56,2
3253,115,57,1
3254,115,16,1
3255,115,353,1
3256,115,216,4
3257,115,41,2
3258,115,94,2
3259,115,105,2
3260,115,118,1
3261,115,63,2
3262,115,16,1
3263,115,46,2
3264,115,65,2
3265,115,350,1
3266,116,21,4
3267,116,22,4
3268,116,23,6
3269,116,24,3
3270,116,97,2
3271,116,25,3
3272,116,26,4
3273,116,27,1
3274,116,28,4
3275,116,29,3
3276,116,30,4
3277,116,31,3
3278,116,32,3
3279,116,33,4
3280,116,34,4
3281,116,36,2
3282,116,70,2
3283,116,38,4
3284,116,234,1
3285,116,41,1
3286,116,235,1
3287,116,44,1
3288,116,236,2
3289,116,46,2
3290,116,39,2
3291,116,35,2
3292,116,48,2
3293,116,214,1
3294,117,76,4
3295,117,77,4
3296,117,79,11
3297,117,98,2
3298,117,80,4
3299,117,208,4
3300,117,237,3
3301,117,42,1
3302,117,238,1
3303,117,224,1
3304,117,212,4
3305,117,239,1
3306,117,114,2
3307,117,240,3
3308,117,217,2
3309,117,241,1
3310,117,119,1
3311,117,57,1
3312,117,88,3
3313,117,89,1
3314,117,66,1
3315,117,40,3
3316,117,216,2
3317,117,92,2
3318,117,245,1
3319,117,41,1
3320,117,99,3
3321,117,94,1
3322,117,14,1
3323,117,95,1
3324,117,33,2
3325,117,88,1
3326,117,66,2
3327,118,22,3
3328,118,169,2
3329,118,76,3
3330,118,288,4
3331,118,97,1
3332,118,79,1
3333,118,98,1
3334,118,289,1
3335,118,363,2
3336,118,80,4
3337,118,25,3
3338,118,290,2
3339,118,291,3
3340,118,208,4
3341,118,69,3
3342,118,238,2
3343,118,364,4
3344,118,285,3
3345,118,212,4
3346,118,36,3
3347,118,114,2
3348,118,88,3
3349,118,293,2
3350,118,240,1
3351,118,99,2
3352,118,365,1
3353,118,119,3
3354,118,46,2
3355,118,66,2
3356,118,39,1
3357,118,294,1
3358,118,36,1
3359,118,366,1
3360,119,68,2
3361,119,120,3
3362,119,121,4
3363,119,23,2
3364,119,49,3
3365,119,0,3
3366,119,97,3
3367,119,52,2
3368,119,246,2
3369,119,25,1
3370,119,124,3
3371,119,125,4
3372,119,36,1
3373,119,248,1
3374,119,11,3
3375,119,200,4
3376,119,250,4
3377,119,57,1
3378,119,16,3
3379,119,66,2
3380,119,39,2
3381,119,40,4
3382,119,19,1
3383,119,128,2
3384,119,217,1
3385,119,105,2
3386,119,63,2
3387,119,33,1
3388,119,247,1
3389,119,16,1
3390,119,251,1
3391,119,46,3
3392,119,65,2
3393,119,35,1
3394,120,20,1
3395,120,49,6
3396,120,0,2
3397,120,24,1
3398,120,50,4
3399,120,51,4
3400,120,52,4
3401,120,183,4
3402,120,184,4
3403,120,185,4
3404,120,55,4
3405,120,186,4
3406,120,187,4
3407,120,221,1
3408,120,188,2
3409,120,189,4
3410,120,116,4
3411,120,62,3
3412,120,92,2
3413,120,41,2
3414,120,94,1
3415,120,33,2
3416,120,64,2
3417,120,16,2
3418,120,190,2
3419,120,66,1
3420,120,130,1
3421,121,21,4
3422,121,22,4
3423,121,23,6
3424,121,24,3
3425,121,97,2
3426,121,25,3
3427,121,26,4
3428,121,27,1
3429,121,28,4
3430,121,29,3
3431,121,30,4
3432,121,31,3
3433,121,32,3
3434,121,33,4
3435,121,34,4
3436,121,36,2
3437,121,70,2
3438,121,38,4
3439,121,234,1
3440,121,235,1
3441,121,44,1
3442,121,367,1
3443,121,236,2
3444,121,46,2
3445,121,39,2
3446,121,35,2
3447,121,48,2
3448,121,214,1
3449,122,22,4
3450,122,169,1
3451,122,141,3
3452,122,143,3
3453,122,259,4
3454,122,144,1
3455,122,97,4
3456,122,260,4
3457,122,149,4
3458,122,261,4
3459,122,262,4
3460,122,26,4
3461,122,263,4
3462,122,264,4
3463,122,30,4
3464,122,265,3
3465,122,266,4
3466,122,158,1
3467,122,267,2
3468,122,268,1
3469,122,270,2
3470,122,271,1
3471,122,169,1
3472,122,227,1
3473,122,162,2
3474,122,158,3
3475,122,39,1
3476,122,36,1
3477,123,22,4
3478,123,169,4
3479,123,205,1
3480,123,274,1
3481,123,49,1
3482,123,206,1
3483,123,254,1
3484,123,207,3
3485,123,51,1
3486,123,97,4
3487,123,52,4
3488,123,150,4
3489,123,208,4
3490,123,209,4
3491,123,33,1
3492,123,210,4
3493,123,211,3
3494,123,213,4
3495,123,36,4
3496,123,56,3
3497,123,118,2
3498,123,216,2
3499,123,269,2
3500,123,56,1
3501,123,41,2
3502,123,14,2
3503,123,95,1
3504,123,63,2
3505,123,16,1
3506,123,46,1
3507,123,65,1
3508,123,211,1
3509,123,18,1
3510,124,20,1
3511,124,49,6
3512,124,0,2
3513,124,24,1
3514,124,50,4
3515,124,51,4
3516,124,52,4
3517,124,183,4
3518,124,184,4
3519,124,185,4
3520,124,55,2
3521,124,186,4
3522,124,187,4
3523,124,188,3
3524,124,66,1
3525,124,222,2
3526,124,189,4
3527,124,116,4
3528,124,62,2
3529,124,92,2
3530,124,217,1
3531,124,94,1
3532,124,221,1
3533,124,64,2
3534,124,16,1
3535,124,190,1
3536,124,46,1
3537,124,222,1
3538,124,130,2
3539,124,139,2
3540,125,49,6
3541,125,24,2
3542,125,50,4
3543,125,51,4
3544,125,52,4
3545,125,326,4
3546,125,327,4
3547,125,211,4
3548,125,184,1
3549,125,138,1
3550,125,56,1
3551,125,11,4
3552,125,57,1
3553,125,58,4
3554,125,16,1
3555,125,60,4
3556,125,65,2
3557,125,66,3
3558,125,39,1
3559,125,222,1
3560,125,216,4
3561,125,138,1
3562,125,92,2
3563,125,249,1
3564,125,41,1
3565,125,181,2
3566,125,133,1
3567,125,329,2
3568,125,46,2
3569,125,39,1
3570,125,159,2
3571,126,49,6
3572,126,24,2
3573,126,50,4
3574,126,51,4
3575,126,52,4
3576,126,326,4
3577,126,327,4
3578,126,211,4
3579,126,184,2
3580,126,138,1
3581,126,56,1
3582,126,11,4
3583,126,57,1
3584,126,58,4
3585,126,16,1
3586,126,60,4
3587,126,65,2
3588,126,66,3
3589,126,39,1
3590,126,216,4
3591,126,138,1
3592,126,92,2
3593,126,249,1
3594,126,41,1
3595,126,133,1
3596,126,329,2
3597,126,95,1
3598,126,63,1
3599,126,16,1
3600,126,46,2
3601,126,159,2
3602,127,68,3
3603,127,120,3
3604,127,121,4
3605,127,23,14
3606,127,122,3
3607,127,26,4
3608,127,124,4
3609,127,29,1
3610,127,30,4
3611,127,125,4
3612,127,126,1
3613,127,127,4
3614,127,252,2
3615,127,128,4
3616,127,166,1
3617,127,129,4
3618,127,29,2
3619,127,368,3
3620,127,126,2
3621,127,45,2
3622,127,167,1
3623,127,35,2
3624,127,130,3
3625,128,169,2
3626,128,170,4
3627,128,171,4
3628,128,0,2
3629,128,24,4
3630,128,147,4
3631,128,148,4
3632,128,172,4
3633,128,173,3
3634,128,174,4
3635,128,175,4
3636,128,9,4
3637,128,176,4
3638,128,177,2
3639,128,163,4
3640,128,11,4
3641,128,154,2
3642,128,362,1
3643,128,160,3
3644,128,180,1
3645,128,181,2
3646,128,154,2
3647,128,279,2
3648,128,162,3
3649,128,178,2
3650,129,76,4
3651,129,49,3
3652,129,24,4
3653,129,77,2
3654,129,78,3
3655,129,97,2
3656,129,79,3
3657,129,80,4
3658,129,81,3
3659,129,82,4
3660,129,83,4
3661,129,280,1
3662,129,84,4
3663,129,85,4
3664,129,47,1
3665,129,114,2
3666,129,87,2
3667,129,88,3
3668,129,89,2
3669,129,66,1
3670,129,91,4
3671,129,92,2
3672,129,114,1
3673,129,41,2
3674,129,94,1
3675,129,119,1
3676,129,88,1
3677,129,46,2
3678,129,66,1
3679,129,96,1
3680,129,220,1
3681,129,139,2
3682,130,20,2
3683,130,49,5
3684,130,0,2
3685,130,24,1
3686,130,50,4
3687,130,51,4
3688,130,52,4
3689,130,183,4
3690,130,184,3
3691,130,185,4
3692,130,55,3
3693,130,186,4
3694,130,187,4
3695,130,221,1
3696,130,188,2
3697,130,66,1
3698,130,222,1
3699,130,189,4
3700,130,116,4
3701,130,62,3
3702,130,92,2
3703,130,249,1
3704,130,41,1
3705,130,94,2
3706,130,33,2
3707,130,16,1
3708,130,190,1
3709,130,46,2
3710,130,66,2
3711,130,220,1
3712,131,20,1
3713,131,49,6
3714,131,0,2
3715,131,24,1
3716,131,50,4
3717,131,51,4
3718,131,52,4
3719,131,183,4
3720,131,184,4
3721,131,185,4
3722,131,55,2
3723,131,186,4
3724,131,187,4
3725,131,188,3
3726,131,66,1
3727,131,222,2
3728,131,189,4
3729,131,116,4
3730,131,62,2
3731,131,92,2
3732,131,217,1
3733,131,94,1
3734,131,221,1
3735,131,64,2
3736,131,16,1
3737,131,190,1
3738,131,46,1
3739,131,222,1
3740,131,130,2
3741,131,139,2
3742,132,49,5
3743,132,24,3
3744,132,50,4
3745,132,51,4
3746,132,52,4
3747,132,25,1
3748,132,104,2
3749,132,53,4
3750,132,54,4
3751,132,55,4
3752,132,56,1
3753,132,11,4
3754,132,57,1
3755,132,58,4
3756,132,59,1
3757,132,60,4
3758,132,40,4
3759,132,61,2
3760,132,62,4
3761,132,138,1
3762,132,92,1
3763,132,64,3
3764,132,16,2
3765,132,46,1
3766,132,65,2
3767,132,66,1
3768,132,67,2
3769,132,130,1
3770,132,369,1
3771,133,68,4
3772,133,120,2
3773,133,121,4
3774,133,23,14
3775,133,122,2
3776,133,26,4
3777,133,124,4
3778,133,30,4
3779,133,125,4
3780,133,126,1
3781,133,127,4
3782,133,35,2
3783,133,70,2
3784,133,252,3
3785,133,339,1
3786,133,128,4
3787,133,166,1
3788,133,43,4
3789,133,126,3
3790,133,167,2
3791,133,339,1
3792,133,46,3
3793,133,35,2
3794,134,68,3
3795,134,120,3
3796,134,121,4
3797,134,23,14
3798,134,122,2
3799,134,26,4
3800,134,164,1
3801,134,123,2
3802,134,124,4
3803,134,30,4
3804,134,125,3
3805,134,126,1
3806,134,127,4
3807,134,70,1
3808,134,37,1
3809,134,128,4
3810,134,370,1
3811,134,129,4
3812,134,43,4
3813,134,126,2
3814,134,45,2
3815,134,167,1
3816,134,46,1
3817,134,35,1
3818,134,130,3
3819,134,168,1
3820,135,169,1
3821,135,76,4
3822,135,24,2
3823,135,77,4
3824,135,79,10
3825,135,98,1
3826,135,80,4
3827,135,208,4
3828,135,237,3
3829,135,238,1
3830,135,212,4
3831,135,139,1
3832,135,114,4
3833,135,240,3
3834,135,241,2
3835,135,119,2
3836,135,88,4
3837,135,40,4
3838,135,216,2
3839,135,92,1
3840,135,242,1
3841,135,99,4
3842,135,94,2
3843,135,243,1
3844,135,33,3
3845,135,89,1
3846,135,46,2
3847,136,278,1
3848,136,20,1
3849,136,141,4
3850,136,143,4
3851,136,49,3
3852,136,24,2
3853,136,144,5
3854,136,145,2
3855,136,97,3
3856,136,149,3
3857,136,268,4
3858,136,83,2
3859,136,198,2
3860,136,84,4
3861,136,371,1
3862,136,33,1
3863,136,163,4
3864,136,139,1
3865,136,56,1
3866,136,154,1
3867,136,222,2
3868,136,202,2
3869,136,182,4
3870,136,158,3
3871,136,92,2
3872,136,267,3
3873,136,269,1
3874,136,41,1
3875,136,154,2
3876,136,42,2
3877,136,279,1
3878,136,162,2
3879,136,220,1
3880,137,20,2
3881,137,49,6
3882,137,0,2
3883,137,50,4
3884,137,51,4
3885,137,52,4
3886,137,183,4
3887,137,184,4
3888,137,185,4
3889,137,55,3
3890,137,186,4
3891,137,187,4
3892,137,188,2
3893,137,66,1
3894,137,222,1
3895,137,189,4
3896,137,116,4
3897,137,62,3
3898,137,92,1
3899,137,249,1
3900,137,217,1
3901,137,94,1
3902,137,221,1
3903,137,95,1
3904,137,33,1
3905,137,64,1
3906,137,16,1
3907,137,190,1
3908,137,46,2
3909,137,39,1
3910,137,130,1
3911,137,139,1
3912,138,20,2
3913,138,49,6
3914,138,0,2
3915,138,50,4
3916,138,51,4
3917,138,52,4
3918,138,183,4
3919,138,184,4
3920,138,185,4
3921,138,55,4
3922,138,186,4
3923,138,187,4
3924,138,221,1
3925,138,188,1
3926,138,189,4
3927,138,116,4
3928,138,62,4
3929,138,57,4
3930,138,221,1
3931,138,33,4
3932,138,64,1
3933,138,16,1
3934,138,46,2
3935,138,65,1
3936,138,66,1
3937,139,20,1
3938,139,49,6
3939,139,0,2
3940,139,24,1
3941,139,50,4
3942,139,51,4
3943,139,52,4
3944,139,183,4
3945,139,184,4
3946,139,185,4
3947,139,55,4
3948,139,186,4
3949,139,187,4
3950,139,188,2
3951,139,189,4
3952,139,116,4
3953,139,62,4
3954,139,92,2
3955,139,41,1
3956,139,188,1
3957,139,64,2
3958,139,16,2
3959,139,190,2
3960,139,46,1
3961,139,66,2
3962,139,222,1
3963,139,139,1
3964,140,20,2
3965,140,49,6
3966,140,0,2
3967,140,50,4
3968,140,51,4
3969,140,52,4
3970,140,183,4
3971,140,184,4
3972,140,185,4
3973,140,55,4
3974,140,186,4
3975,140,187,4
3976,140,188,2
3977,140,189,4
3978,140,116,4
3979,140,62,4
3980,140,92,2
3981,140,188,1
3982,140,63,2
3983,140,64,3
3984,140,16,2
3985,140,46,1
3986,140,65,3
3987,140,66,1
3988,141,49,7
3989,141,24,2
3990,141,50,4
3991,141,51,4
3992,141,52,4
3993,141,53,4
3994,141,54,4
3995,141,55,4
3996,141,56,1
3997,141,11,4
3998,141,57,1
3999,141,58,4
4000,141,59,2
4001,141,13,1
4002,141,60,4
4003,141,40,4
4004,141,353,1
4005,141,61,1
4006,141,62,4
4007,141,92,2
4008,141,95,1
4009,141,63,2
4010,141,64,3
4011,141,16,1
4012,141,46,1
4013,141,65,2
4014,141,66,1
4015,141,67,1
4016,141,139,1
4017,142,49,6
4018,142,24,3
4019,142,50,4
4020,142,51,4
4021,142,52,4
4022,142,53,4
4023,142,54,4
4024,142,55,4
4025,142,56,2
4026,142,11,4
4027,142,57,1
4028,142,58,4
4029,142,59,1
4030,142,13,1
4031,142,60,4
4032,142,40,4
4033,142,61,2
4034,142,62,4
4035,142,41,1
4036,142,63,2
4037,142,64,3
4038,142,16,2
4039,142,59,1
4040,142,46,2
4041,142,65,2
4042,142,66,2
4043,143,49,6
4044,143,24,2
4045,143,50,4
4046,143,51,4
4047,143,52,4
4048,143,326,4
4049,143,327,4
4050,143,211,4
4051,143,184,2
4052,143,11,4
4053,143,328,1
4054,143,57,2
4055,143,58,4
4056,143,16,1
4057,143,60,4
4058,143,65,1
4059,143,66,3
4060,143,39,2
4061,143,216,4
4062,143,138,2
4063,143,92,2
4064,143,249,1
4065,143,41,1
4066,143,133,1
4067,143,14,1
4068,143,95,1
4069,143,63,2
4070,143,64,2
4071,143,46,2
4072,144,68,3
4073,144,120,3
4074,144,121,4
4075,144,23,14
4076,144,122,3
4077,144,26,3
4078,144,123,2
4079,144,124,4
4080,144,30,4
4081,144,125,3
4082,144,126,2
4083,144,127,4
4084,144,70,1
4085,144,315,2
4086,144,128,4
4087,144,129,4
4088,144,43,4
4089,144,126,2
4090,144,167,1
4091,144,253,3
4092,144,35,2
4093,144,130,3
4094,145,68,3
4095,145,120,4
4096,145,121,4
4097,145,23,14
4098,145,26,4
4099,145,124,4
4100,145,30,4
4101,145,125,4
4102,145,126,2
4103,145,127,4
4104,145,70,1
4105,145,252,3
4106,145,128,4
4107,145,166,1
4108,145,129,4
4109,145,29,1
4110,145,43,4
4111,145,126,2
4112,145,45,2
4113,145,340,1
4114,145,46,2
4115,145,35,1
4116,145,130,2
4117,146,68,3
4118,146,120,4
4119,146,121,4
4120,146,23,14
4121,146,122,2
4122,146,26,4
4123,146,123,2
4124,146,124,4
4125,146,30,4
4126,146,125,4
4127,146,126,2
4128,146,127,4
4129,146,70,1
4130,146,128,4
4131,146,129,4
4132,146,43,4
4133,146,126,1
4134,146,45,3
4135,146,247,1
4136,146,46,1
4137,146,35,1
4138,146,130,3
4139,146,168,1
4140,147,68,3
4141,147,120,3
4142,147,121,4
4143,147,23,14
4144,147,122,3
4145,147,26,4
4146,147,124,4
4147,147,29,2
4148,147,30,4
4149,147,125,4
4150,147,127,4
4151,147,35,1
4152,147,70,1
4153,147,128,4
4154,147,166,1
4155,147,129,4
4156,147,29,2
4157,147,43,4
4158,147,126,4
4159,147,45,1
4160,147,167,2
4161,147,130,2
4162,148,22,3
4163,148,169,4
4164,148,205,1
4165,148,274,1
4166,148,49,1
4167,148,206,1
4168,148,207,4
4169,148,51,1
4170,148,97,4
4171,148,52,3
4172,148,131,1
4173,148,150,4
4174,148,208,4
4175,148,209,4
4176,148,210,4
4177,148,211,3
4178,148,372,2
4179,148,213,4
4180,148,36,4
4181,148,215,1
4182,148,56,3
4183,148,216,3
4184,148,41,1
4185,148,94,2
4186,148,63,3
4187,148,16,2
4188,148,46,2
4189,148,66,2
4190,148,39,1
4191,148,211,1
4192,148,214,1
4193,149,22,1
4194,149,169,4
4195,149,205,1
4196,149,49,1
4197,149,24,2
4198,149,206,1
4199,149,77,1
4200,149,207,4
4201,149,51,1
4202,149,97,4
4203,149,52,4
4204,149,150,4
4205,149,208,3
4206,149,209,4
4207,149,210,4
4208,149,211,4
4209,149,212,1
4210,149,213,4
4211,149,36,4
4212,149,56,2
4213,149,11,1
4214,149,353,1
4215,149,216,4
4216,149,138,3
4217,149,249,1
4218,149,208,1
4219,149,41,1
4220,149,217,1
4221,149,94,1
4222,149,206,1
4223,149,63,2
4224,149,16,1
4225,149,46,1
4226,149,66,2
4227,150,21,4
4228,150,22,4
4229,150,23,6
4230,150,24,4
4231,150,25,4
4232,150,26,4
4233,150,27,1
4234,150,69,1
4235,150,28,4
4236,150,30,4
4237,150,224,1
4238,150,31,2
4239,150,32,3
4240,150,33,4
4241,150,34,4
4242,150,36,1
4243,150,38,4
4244,150,39,3
4245,150,44,2
4246,150,68,1
4247,150,41,1
4248,150,83,1
4249,150,29,1
4250,150,167,1
4251,150,46,2
4252,150,39,1
4253,150,35,1
4254,150,48,4
4255,150,36,2
4256,151,76,4
4257,151,24,2
4258,151,77,4
4259,151,79,10
4260,151,98,1
4261,151,80,4
4262,151,208,4
4263,151,237,3
4264,151,238,1
4265,151,373,1
4266,151,33,1
4267,151,212,4
4268,151,239,1
4269,151,114,3
4270,151,240,3
4271,151,99,2
4272,151,241,2
4273,151,119,1
4274,151,88,4
4275,151,40,1
4276,151,216,4
4277,151,92,2
4278,151,374,2
4279,151,41,1
4280,151,99,2
4281,151,94,1
4282,151,238,1
4283,151,243,2
4284,151,33,1
4285,151,65,1
4286,151,139,2
4287,152,278,2
4288,152,141,4
4289,152,143,4
4290,152,49,3
4291,152,24,2
4292,152,144,5
4293,152,145,1
4294,152,97,4
4295,152,149,4
4296,152,268,4
4297,152,83,2
4298,152,84,4
4299,152,163,4
4300,152,267,2
4301,152,154,1
4302,152,157,2
4303,152,66,2
4304,152,202,2
4305,152,161,1
4306,152,182,4
4307,152,158,3
4308,152,202,1
4309,152,267,2
4310,152,41,2
4311,152,42,2
4312,152,279,1
4313,152,162,1
4314,152,158,1
4315,152,46,2
4316,152,47,2
4317,152,139,1
4318,153,278,2
4319,153,141,4
4320,153,143,4
4321,153,49,3
4322,153,24,2
4323,153,144,5
4324,153,145,1
4325,153,97,4
4326,153,149,4
4327,153,268,4
4328,153,83,2
4329,153,84,4
4330,153,163,4
4331,153,267,2
4332,153,154,1
4333,153,157,2
4334,153,66,2
4335,153,202,2
4336,153,161,1
4337,153,182,4
4338,153,158,3
4339,153,202,1
4340,153,267,2
4341,153,41,2
4342,153,42,2
4343,153,279,1
4344,153,162,1
4345,153,158,1
4346,153,46,2
4347,153,47,2
4348,153,139,1
4349,154,278,2
4350,154,141,4
4351,154,143,4
4352,154,49,4
4353,154,24,1
4354,154,144,4
4355,154,145,2
4356,154,97,4
4357,154,149,4
4358,154,268,4
4359,154,83,3
4360,154,84,4
4361,154,163,4
4362,154,139,2
4363,154,157,2
4364,154,66,1
4365,154,222,1
4366,154,202,2
4367,154,182,4
4368,154,158,4
4369,154,202,1
4370,154,92,2
4371,154,267,2
4372,154,41,1
4373,154,161,1
4374,154,94,1
4375,154,133,1
4376,154,357,1
4377,154,279,1
4378,154,46,2
4379,154,47,2
4380,155,169,3
4381,155,170,4
4382,155,171,4
4383,155,0,2
4384,155,24,3
4385,155,147,4
4386,155,148,4
4387,155,172,4
4388,155,173,3
4389,155,174,4
4390,155,175,4
4391,155,9,4
4392,155,176,4
4393,155,177,2
4394,155,163,4
4395,155,11,4
4396,155,154,2
4397,155,362,1
4398,155,160,3
4399,155,154,1
4400,155,63,2
4401,155,279,3
4402,155,162,3
4403,155,362,1
4404,155,178,2
4405,156,76,4
4406,156,49,3
4407,156,24,4
4408,156,77,2
4409,156,78,3
4410,156,79,5
4411,156,80,4
4412,156,81,3
4413,156,82,3
4414,156,83,4
4415,156,84,4
4416,156,375,2
4417,156,85,4
4418,156,47,2
4419,156,114,2
4420,156,87,2
4421,156,88,2
4422,156,89,2
4423,156,66,1
4424,156,91,4
4425,156,92,3
4426,156,41,2
4427,156,94,1
4428,156,14,1
4429,156,376,1
4430,156,286,1
4431,156,88,2
4432,156,65,1
4433,156,96,2
4434,156,220,1
4435,157,20,1
4436,157,49,7
4437,157,0,1
4438,157,24,1
4439,157,50,4
4440,157,51,4
4441,157,52,4
4442,157,183,4
4443,157,184,4
4444,157,185,4
4445,157,55,4
4446,157,186,4
4447,157,187,4
4448,157,188,2
4449,157,189,4
4450,157,116,4
4451,157,62,4
4452,157,92,2
4453,157,249,1
4454,157,41,1
4455,157,217,1
4456,157,221,1
4457,157,63,1
4458,157,33,1
4459,157,64,2
4460,157,16,1
4461,157,46,2
4462,157,65,2
4463,158,20,2
4464,158,49,6
4465,158,0,2
4466,158,50,4
4467,158,51,4
4468,158,52,4
4469,158,183,4
4470,158,184,4
4471,158,185,4
4472,158,55,4
4473,158,186,4
4474,158,187,4
4475,158,188,1
4476,158,222,1
4477,158,189,4
4478,158,116,4
4479,158,62,4
4480,158,92,2
4481,158,249,1
4482,158,41,2
4483,158,217,1
4484,158,221,1
4485,158,63,1
4486,158,33,2
4487,158,64,1
4488,158,16,1
4489,158,190,1
4490,158,46,1
4491,158,222,1
4492,159,20,1
4493,159,49,7
4494,159,0,2
4495,159,50,4
4496,159,51,4
4497,159,52,4
4498,159,183,4
4499,159,184,4
4500,159,185,4
4501,159,55,4
4502,159,186,4
4503,159,187,4
4504,159,188,2
4505,159,189,4
4506,159,116,4
4507,159,62,4
4508,159,92,2
4509,159,41,2
4510,159,63,2
4511,159,64,1
4512,159,16,2
4513,159,65,2
4514,159,66,2
4515,159,139,2
4516,160,49,6
4517,160,24,3
4518,160,50,4
4519,160,51,4
4520,160,52,4
4521,160,104,2
4522,160,53,4
4523,160,54,4
4524,160,55,4
4525,160,56,1
4526,160,11,4
4527,160,133,1
4528,160,57,1
4529,160,58,4
4530,160,59,1
4531,160,60,4
4532,160,40,4
4533,160,61,1
4534,160,62,4
4535,160,41,1
4536,160,94,2
4537,160,63,2
4538,160,64,2
4539,160,137,2
4540,160,46,2
4541,160,65,2
4542,160,66,2
4543,161,49,5
4544,161,24,3
4545,161,50,4
4546,161,51,4
4547,161,52,4
4548,161,25,1
4549,161,104,2
4550,161,53,4
4551,161,54,4
4552,161,55,4
4553,161,11,4
4554,161,57,2
4555,161,58,4
4556,161,59,2
4557,161,60,4
4558,161,40,4
4559,161,61,1
4560,161,62,4
4561,161,92,2
4562,161,63,2
4563,161,64,2
4564,161,16,2
4565,161,46,2
4566,161,65,2
4567,161,67,2
4568,161,369,1
4569,162,49,6
4570,162,24,3
4571,162,50,4
4572,162,51,4
4573,162,52,4
4574,162,53,4
4575,162,54,4
4576,162,55,4
4577,162,56,1
4578,162,11,4
4579,162,57,2
4580,162,58,4
4581,162,59,2
4582,162,60,4
4583,162,40,4
4584,162,61,2
4585,162,62,4
4586,162,41,1
4587,162,63,2
4588,162,64,2
4589,162,16,2
4590,162,46,3
4591,162,65,2
4592,162,66,2
4593,162,67,1
4594,163,49,3
4595,163,0,1
4596,163,24,2
4597,163,50,4
4598,163,51,4
4599,163,97,2
4600,163,52,4
4601,163,53,4
4602,163,33,4
4603,163,54,4
4604,163,55,4
4605,163,11,4
4606,163,377,3
4607,163,378,1
4608,163,58,4
4609,163,60,4
4610,163,61,3
4611,163,136,1
4612,163,62,4
4613,163,378,2
4614,163,63,1
4615,163,64,1
4616,163,16,1
4617,163,46,2
4618,163,65,2
4619,163,66,2
4620,163,39,2
4621,163,350,2
4622,164,49,5
4623,164,24,4
4624,164,50,4
4625,164,51,4
4626,164,52,4
4627,164,53,4
4628,164,54,4
4629,164,55,4
4630,164,11,4
4631,164,377,4
4632,164,57,2
4633,164,58,4
4634,164,60,4
4635,164,40,4
4636,164,137,1
4637,164,62,4
4638,164,138,2
4639,164,249,1
4640,164,41,1
4641,164,181,1
4642,164,64,1
4643,164,16,2
4644,164,46,4
4645,164,65,3
4646,165,49,6
4647,165,24,2
4648,165,50,4
4649,165,51,4
4650,165,52,4
4651,165,326,4
4652,165,327,4
4653,165,211,4
4654,165,184,2
4655,165,138,1
4656,165,56,1
4657,165,11,4
4658,165,57,1
4659,165,58,4
4660,165,16,1
4661,165,60,4
4662,165,65,2
4663,165,66,3
4664,165,39,1
4665,165,216,4
4666,165,92,2
4667,165,249,2
4668,165,41,1
4669,165,133,1
4670,165,14,1
4671,165,329,2
4672,165,95,1
4673,165,63,2
4674,165,46,1
4675,165,159,2
4676,166,49,6
4677,166,24,2
4678,166,50,4
4679,166,51,4
4680,166,52,4
4681,166,326,4
4682,166,327,4
4683,166,211,4
4684,166,184,2
4685,166,56,1
4686,166,249,1
4687,166,11,4
4688,166,328,1
4689,166,57,1
4690,166,58,4
4691,166,60,4
4692,166,65,1
4693,166,66,3
4694,166,39,2
4695,166,216,4
4696,166,138,1
4697,166,92,2
4698,166,41,1
4699,166,94,1
4700,166,133,1
4701,166,328,1
4702,166,329,2
4703,166,95,1
4704,166,63,2
4705,166,64,1
4706,166,46,2
4707,167,68,3
4708,167,120,3
4709,167,121,4
4710,167,23,14
4711,167,122,2
4712,167,26,4
4713,167,123,1
4714,167,124,4
4715,167,29,1
4716,167,30,4
4717,167,125,2
4718,167,126,2
4719,167,247,1
4720,167,127,4
4721,167,379,1
4722,167,38,2
4723,167,128,4
4724,167,129,4
4725,167,29,1
4726,167,368,1
4727,167,126,2
4728,167,45,3
4729,167,281,4
4730,167,35,1
4731,167,130,3
4732,168,68,3
4733,168,120,3
4734,168,121,4
4735,168,23,14
4736,168,122,3
4737,168,26,4
4738,168,123,2
4739,168,124,4
4740,168,30,4
4741,168,125,2
4742,168,127,4
4743,168,70,2
4744,168,252,2
4745,168,315,2
4746,168,128,4
4747,168,129,4
4748,168,43,3
4749,168,126,2
4750,168,45,2
4751,168,167,2
4752,168,75,1
4753,168,46,2
4754,168,130,2
4755,168,168,1
4756,169,68,3
4757,169,120,3
4758,169,121,4
4759,169,23,14
4760,169,122,3
4761,169,26,4
4762,169,124,4
4763,169,30,4
4764,169,125,3
4765,169,127,4
4766,169,35,2
4767,169,70,2
4768,169,128,4
4769,169,166,2
4770,169,129,4
4771,169,29,2
4772,169,43,3
4773,169,126,4
4774,169,167,2
4775,169,247,1
4776,169,130,3
4777,170,68,3
4778,170,120,3
4779,170,121,4
4780,170,23,14
4781,170,122,3
4782,170,26,4
4783,170,123,2
4784,170,124,4
4785,170,29,1
4786,170,30,4
4787,170,125,3
4788,170,126,1
4789,170,127,4
4790,170,70,1
4791,170,128,4
4792,170,166,1
4793,170,129,4
4794,170,43,4
4795,170,126,3
4796,170,45,3
4797,170,167,1
4798,170,46,1
4799,170,130,2
4800,170,168,1
4801,171,22,4
4802,171,169,4
4803,171,205,1
4804,171,49,1
4805,171,206,1
4806,171,207,4
4807,171,51,1
4808,171,97,4
4809,171,52,4
4810,171,131,1
4811,171,150,4
4812,171,208,4
4813,171,209,4
4814,171,210,3
4815,171,211,3
4816,171,213,4
4817,171,36,4
4818,171,56,4
4819,171,118,2
4820,171,16,1
4821,171,216,2
4822,171,41,2
4823,171,63,2
4824,171,16,1
4825,171,46,2
4826,171,66,2
4827,171,39,3
4828,171,211,1
4829,171,212,1
4830,171,214,1
4831,172,21,4
4832,172,22,4
4833,172,23,6
4834,172,24,4
4835,172,25,4
4836,172,26,4
4837,172,27,1
4838,172,28,4
4839,172,29,1
4840,172,30,4
4841,172,224,1
4842,172,31,3
4843,172,32,4
4844,172,33,4
4845,172,34,4
4846,172,38,4
4847,172,339,2
4848,172,39,2
4849,172,380,1
4850,172,29,1
4851,172,45,2
4852,172,75,1
4853,172,39,2
4854,172,35,2
4855,172,130,3
4856,172,48,2
4857,172,353,1
4858,173,21,3
4859,173,22,4
4860,173,23,3
4861,173,24,4
4862,173,97,3
4863,173,255,1
4864,173,25,4
4865,173,26,4
4866,173,27,1
4867,173,235,1
4868,173,69,1
4869,173,28,4
4870,173,381,1
4871,173,382,1
4872,173,30,4
4873,173,224,1
4874,173,31,4
4875,173,33,4
4876,173,34,4
4877,173,35,1
4878,173,38,4
4879,173,39,2
4880,173,43,1
4881,173,136,2
4882,173,29,1
4883,173,193,4
4884,173,43,1
4885,173,44,1
4886,173,39,2
4887,173,48,2
4888,173,36,1
4889,173,214,1
4890,174,21,4
4891,174,22,4
4892,174,23,6
4893,174,24,3
4894,174,97,2
4895,174,25,3
4896,174,26,4
4897,174,27,1
4898,174,83,1
4899,174,28,4
4900,174,30,4
4901,174,224,1
4902,174,31,3
4903,174,32,4
4904,174,33,4
4905,174,34,4
4906,174,36,1
4907,174,70,2
4908,174,38,4
4909,174,39,1
4910,174,383,1
4911,174,57,3
4912,174,29,1
4913,174,44,2
4914,174,39,2
4915,174,35,1
4916,174,48,2
4917,174,168,1
4918,174,351,1
4919,174,214,1
4920,175,21,4
4921,175,22,4
4922,175,23,6
4923,175,24,3
4924,175,97,2
4925,175,25,3
4926,175,26,4
4927,175,27,1
4928,175,28,4
4929,175,29,3
4930,175,30,4
4931,175,31,3
4932,175,32,3
4933,175,33,4
4934,175,34,4
4935,175,36,2
4936,175,70,2
4937,175,38,4
4938,175,234,1
4939,175,41,1
4940,175,235,1
4941,175,44,1
4942,175,236,2
4943,175,46,2
4944,175,39,2
4945,175,35,2
4946,175,48,2
4947,175,214,1
4948,176,21,4
4949,176,22,4
4950,176,23,6
4951,176,24,4
4952,176,25,4
4953,176,26,4
4954,176,27,1
4955,176,28,4
4956,176,29,1
4957,176,30,4
4958,176,224,1
4959,176,31,2
4960,176,32,3
4961,176,33,4
4962,176,34,4
4963,176,36,1
4964,176,70,2
4965,176,57,1
4966,176,38,4
4967,176,39,2
4968,176,56,1
4969,176,384,1
4970,176,57,1
4971,176,43,1
4972,176,44,1
4973,176,167,1
4974,176,282,1
4975,176,75,1
4976,176,46,1
4977,176,39,2
4978,176,35,2
4979,176,48,1
4980,176,36,1
4981,177,76,4
4982,177,24,2
4983,177,77,4
4984,177,79,10
4985,177,98,2
4986,177,80,4
4987,177,208,4
4988,177,237,3
4989,177,238,1
4990,177,373,1
4991,177,33,1
4992,177,212,4
4993,177,239,1
4994,177,114,3
4995,177,240,3
4996,177,99,2
4997,177,241,2
4998,177,88,4
4999,177,40,2
5000,177,216,3
5001,177,92,2
5002,177,41,1
5003,177,99,2
5004,177,94,1
5005,177,238,1
5006,177,243,2
5007,177,285,1
5008,177,33,1
5009,177,46,1
5010,177,96,1
5011,177,139,2
5012,178,76,4
5013,178,24,3
5014,178,77,4
5015,178,79,10
5016,178,98,1
5017,178,80,4
5018,178,208,4
5019,178,237,3
5020,178,238,1
5021,178,212,4
5022,178,239,1
5023,178,114,2
5024,178,240,3
5025,178,241,3
5026,178,119,3
5027,178,88,3
5028,178,89,1
5029,178,40,2
5030,178,219,1
5031,178,216,3
5032,178,92,1
5033,178,242,2
5034,178,99,4
5035,178,119,1
5036,178,95,1
5037,178,385,3
5038,178,33,2
5039,178,88,1
5040,179,22,3
5041,179,169,3
5042,179,76,3
5043,179,306,1
5044,179,288,4
5045,179,79,1
5046,179,98,1
5047,179,289,1
5048,179,363,2
5049,179,80,4
5050,179,25,2
5051,179,290,2
5052,179,291,4
5053,179,208,4
5054,179,69,4
5055,179,111,1
5056,179,285,3
5057,179,212,4
5058,179,292,1
5059,179,36,3
5060,179,114,1
5061,179,88,3
5062,179,40,3
5063,179,386,2
5064,179,293,2
5065,179,240,1
5066,179,99,4
5067,179,105,1
5068,179,119,2
5069,179,387,1
5070,179,95,1
5071,179,89,2
5072,179,66,1
5073,180,68,2
5074,180,120,3
5075,180,121,4
5076,180,23,2
5077,180,49,3
5078,180,0,3
5079,180,97,2
5080,180,52,2
5081,180,246,2
5082,180,25,1
5083,180,124,3
5084,180,125,4
5085,180,213,1
5086,180,36,1
5087,180,248,2
5088,180,11,3
5089,180,200,4
5090,180,217,2
5091,180,250,4
5092,180,16,2
5093,180,65,1
5094,180,66,2
5095,180,39,1
5096,180,40,4
5097,180,128,2
5098,180,249,1
5099,180,41,1
5100,180,14,1
5101,180,105,1
5102,180,57,1
5103,180,29,1
5104,180,277,2
5105,180,63,2
5106,180,247,1
5107,180,46,1
5108,180,65,1
5109,180,139,1
5110,180,36,1
5111,181,68,2
5112,181,22,2
5113,181,120,1
5114,181,121,4
5115,181,23,2
5116,181,49,3
5117,181,0,2
5118,181,24,1
5119,181,97,4
5120,181,255,1
5121,181,246,2
5122,181,25,1
5123,181,125,4
5124,181,213,3
5125,181,36,3
5126,181,11,3
5127,181,200,4
5128,181,250,4
5129,181,57,1
5130,181,95,1
5131,181,16,1
5132,181,66,3
5133,181,40,4
5134,181,128,4
5135,181,249,2
5136,181,217,1
5137,181,181,3
5138,181,94,2
5139,181,105,1
5140,181,247,2
5141,181,66,1
5142,181,19,1
5143,181,139,1
5144,181,36,1
5145,182,68,2
5146,182,120,3
5147,182,121,4
5148,182,23,2
5149,182,49,3
5150,182,0,3
5151,182,24,1
5152,182,97,3
5153,182,52,1
5154,182,246,2
5155,182,25,1
5156,182,124,3
5157,182,125,4
5158,182,251,1
5159,182,35,1
5160,182,248,1
5161,182,11,3
5162,182,200,4
5163,182,250,4
5164,182,105,1
5165,182,57,1
5166,182,16,3
5167,182,66,2
5168,182,39,2
5169,182,40,3
5170,182,128,2
5171,182,217,1
5172,182,14,1
5173,182,105,1
5174,182,95,1
5175,182,63,3
5176,182,137,2
5177,182,247,1
5178,182,46,1
5179,182,65,1
5180,182,39,1
5181,182,35,1
5182,182,159,1
5183,183,141,4
5184,183,143,4
5185,183,49,6
5186,183,24,4
5187,183,145,4
5188,183,296,4
5189,183,55,4
5190,183,200,4
5191,183,133,4
5192,183,60,4
5193,183,297,2
5194,183,298,4
5195,183,299,4
5196,183,158,4
5197,183,62,4
5198,183,180,2
5199,183,162,2
5200,183,66,2
5201,183,300,3
5202,183,130,2
5203,183,163,2
5204,183,139,2
5205,184,76,4
5206,184,49,5
5207,184,24,3
5208,184,77,2
5209,184,78,3
5210,184,79,4
5211,184,80,4
5212,184,81,3
5213,184,82,4
5214,184,83,4
5215,184,84,3
5216,184,85,4
5217,184,47,4
5218,184,139,1
5219,184,114,2
5220,184,88,2
5221,184,89,2
5222,184,66,2
5223,184,91,4
5224,184,92,2
5225,184,41,2
5226,184,99,2
5227,184,217,1
5228,184,119,1
5229,184,88,2
5230,184,46,2
5231,184,96,1
5232,184,219,1
5233,184,220,1
5234,185,49,4
5235,185,24,3
5236,185,50,4
5237,185,51,4
5238,185,52,4
5239,185,25,2
5240,185,53,4
5241,185,54,4
5242,185,55,4
5243,185,56,1
5244,185,11,4
5245,185,57,2
5246,185,58,4
5247,185,59,2
5248,185,60,4
5249,185,40,4
5250,185,61,2
5251,185,62,4
5252,185,92,1
5253,185,133,1
5254,185,63,2
5255,185,33,2
5256,185,16,2
5257,185,46,2
5258,185,65,1
5259,185,66,2
5260,185,67,1
5261,185,139,1
5262,186,20,2
5263,186,49,6
5264,186,0,2
5265,186,50,4
5266,186,51,4
5267,186,52,4
5268,186,183,4
5269,186,184,4
5270,186,185,4
5271,186,55,1
5272,186,186,4
5273,186,187,4
5274,186,188,2
5275,186,388,1
5276,186,16,1
5277,186,66,2
5278,186,222,2
5279,186,189,4
5280,186,116,4
5281,186,64,1
5282,186,94,1
5283,186,95,1
5284,186,388,1
5285,186,33,1
5286,186,64,1
5287,186,16,1
5288,186,190,2
5289,186,46,2
5290,186,65,1
5291,186,130,2
5292,186,139,2
5293,187,49,6
5294,187,24,3
5295,187,50,4
5296,187,51,4
5297,187,52,4
5298,187,53,4
5299,187,54,4
5300,187,55,4
5301,187,56,1
5302,187,11,4
5303,187,57,2
5304,187,58,4
5305,187,59,2
5306,187,60,4
5307,187,40,4
5308,187,61,2
5309,187,62,4
5310,187,104,2
5311,187,64,3
5312,187,16,2
5313,187,46,3
5314,187,65,2
5315,187,66,2
5316,187,67,1
5317,188,20,2
5318,188,49,6
5319,188,0,2
5320,188,50,4
5321,188,51,4
5322,188,52,4
5323,188,183,4
5324,188,184,4
5325,188,185,4
5326,188,55,1
5327,188,186,4
5328,188,187,4
5329,188,221,1
5330,188,188,4
5331,188,66,2
5332,188,222,2
5333,188,189,4
5334,188,116,4
5335,188,92,1
5336,188,249,2
5337,188,41,1
5338,188,217,2
5339,188,388,4
5340,188,64,2
5341,188,190,1
5342,188,46,2
5343,189,20,1
5344,189,49,6
5345,189,0,2
5346,189,24,1
5347,189,50,4
5348,189,51,4
5349,189,52,4
5350,189,183,4
5351,189,184,4
5352,189,185,4
5353,189,186,4
5354,189,187,4
5355,189,221,2
5356,189,188,2
5357,189,66,2
5358,189,222,3
5359,189,189,4
5360,189,116,4
5361,189,46,1
5362,189,92,1
5363,189,249,1
5364,189,94,1
5365,189,57,1
5366,189,95,1
5367,189,33,1
5368,189,64,2
5369,189,16,2
5370,189,46,2
5371,189,65,1
5372,189,130,1
5373,189,139,1
5374,190,68,3
5375,190,120,3
5376,190,121,4
5377,190,23,14
5378,190,122,3
5379,190,26,4
5380,190,164,1
5381,190,123,4
5382,190,381,1
5383,190,124,4
5384,190,30,4
5385,190,125,3
5386,190,127,4
5387,190,128,4
5388,190,129,4
5389,190,43,4
5390,190,126,3
5391,190,45,3
5392,190,167,2
5393,190,281,1
5394,190,130,2
5395,191,21,4
5396,191,22,4
5397,191,23,6
5398,191,24,4
5399,191,25,4
5400,191,26,4
5401,191,27,1
5402,191,28,4
5403,191,29,2
5404,191,30,4
5405,191,224,1
5406,191,31,1
5407,191,32,3
5408,191,33,4
5409,191,34,4
5410,191,35,2
5411,191,36,1
5412,191,38,4
5413,191,39,3
5414,191,41,2
5415,191,42,1
5416,191,57,2
5417,191,29,1
5418,191,31,1
5419,191,44,1
5420,191,46,1
5421,191,65,1
5422,191,48,3
5423,191,36,2
5424,192,22,2
5425,192,169,4
5426,192,49,1
5427,192,206,1
5428,192,77,1
5429,192,207,4
5430,192,51,2
5431,192,97,4
5432,192,52,4
5433,192,80,2
5434,192,150,4
5435,192,208,4
5436,192,209,4
5437,192,210,3
5438,192,211,4
5439,192,212,2
5440,192,213,4
5441,192,36,4
5442,192,214,1
5443,192,215,1
5444,192,56,2
5445,192,39,1
5446,192,216,1
5447,192,269,2
5448,192,41,1
5449,192,63,2
5450,192,33,1
5451,192,16,2
5452,192,46,3
5453,192,66,1
5454,192,39,2
5455,192,214,1
5456,193,305,3
5457,193,76,4
5458,193,142,3
5459,193,143,2
5460,193,24,1
5461,193,77,2
5462,193,97,3
5463,193,79,2
5464,193,80,4
5465,193,149,3
5466,193,389,4
5467,193,81,3
5468,193,82,3
5469,193,390,1
5470,193,83,2
5471,193,280,2
5472,193,85,4
5473,193,391,3
5474,193,47,1
5475,193,88,3
5476,193,89,2
5477,193,90,1
5478,193,91,4
5479,193,92,2
5480,193,41,2
5481,193,160,2
5482,193,99,2
5483,193,94,2
5484,193,88,1
5485,193,89,1
5486,193,96,2
5487,193,222,1
5488,194,20,1
5489,194,49,7
5490,194,24,2
5491,194,50,4
5492,194,51,4
5493,194,52,4
5494,194,183,4
5495,194,184,4
5496,194,185,4
5497,194,55,4
5498,194,186,4
5499,194,187,4
5500,194,188,2
5501,194,189,4
5502,194,116,4
5503,194,62,4
5504,194,92,2
5505,194,134,1
5506,194,95,1
5507,194,64,2
5508,194,16,2
5509,194,46,2
5510,194,66,2
5511,194,222,1
5512,194,130,2
5513,195,20,1
5514,195,49,6
5515,195,0,2
5516,195,24,1
5517,195,50,4
5518,195,51,4
5519,195,52,4
5520,195,183,4
5521,195,184,4
5522,195,185,4
5523,195,186,4
5524,195,187,4
5525,195,221,2
5526,195,188,3
5527,195,66,2
5528,195,222,2
5529,195,189,4
5530,195,116,4
5531,195,64,1
5532,195,92,2
5533,195,249,1
5534,195,41,1
5535,195,94,1
5536,195,14,1
5537,195,95,1
5538,195,33,1
5539,195,64,1
5540,195,16,2
5541,195,190,1
5542,195,46,1
5543,195,139,2
5544,196,49,6
5545,196,24,2
5546,196,50,4
5547,196,51,4
5548,196,52,4
5549,196,326,4
5550,196,327,4
5551,196,211,4
5552,196,184,3
5553,196,56,1
5554,196,11,4
5555,196,328,2
5556,196,57,1
5557,196,58,4
5558,196,60,4
5559,196,65,1
5560,196,66,3
5561,196,39,1
5562,196,216,4
5563,196,92,2
5564,196,249,1
5565,196,41,2
5566,196,329,2
5567,196,95,1
5568,196,63,3
5569,196,64,2
5570,196,65,1
5571,196,39,1
5572,197,68,3
5573,197,120,4
5574,197,121,4
5575,197,23,14
5576,197,26,4
5577,197,124,4
5578,197,30,4
5579,197,125,4
5580,197,127,4
5581,197,70,2
5582,197,252,3
5583,197,128,4
5584,197,166,2
5585,197,129,4
5586,197,29,4
5587,197,43,4
5588,197,126,4
5589,197,130,3
5590,198,21,4
5591,198,22,4
5592,198,23,6
5593,198,24,4
5594,198,25,4
5595,198,26,4
5596,198,27,1
5597,198,28,4
5598,198,29,2
5599,198,30,4
5600,198,224,1
5601,198,31,1
5602,198,32,4
5603,198,33,4
5604,198,34,4
5605,198,35,2
5606,198,36,1
5607,198,38,3
5608,198,39,3
5609,198,68,1
5610,198,41,1
5611,198,57,2
5612,198,29,1
5613,198,31,1
5614,198,44,1
5615,198,46,1
5616,198,65,1
5617,198,35,1
5618,198,48,3
5619,198,36,2
5620,199,76,4
5621,199,24,2
5622,199,77,4
5623,199,79,10
5624,199,98,1
5625,199,80,4
5626,199,208,4
5627,199,237,3
5628,199,238,1
5629,199,212,4
5630,199,114,2
5631,199,240,3
5632,199,99,2
5633,199,241,3
5634,199,88,4
5635,199,89,1
5636,199,40,2
5637,199,219,1
5638,199,216,3
5639,199,392,2
5640,199,92,2
5641,199,99,2
5642,199,14,1
5643,199,95,1
5644,199,243,2
5645,199,286,3
5646,199,33,1
5647,199,46,1
5648,199,219,1
5649,199,220,1
5650,200,0,20
5651,200,78,3
5652,200,2,4
5653,200,191,4
5654,200,4,4
5655,200,5,3
5656,200,7,1
5657,200,9,4
5658,200,18,2
5659,200,10,1
5660,200,192,3
5661,200,11,4
5662,200,12,2
5663,200,16,2
5664,200,13,3
5665,200,14,2
5666,200,193,4
5667,200,16,2
5668,200,18,2
5669,200,178,2
5670,200,194,3
5671,201,49,4
5672,201,24,4
5673,201,50,4
5674,201,51,4
5675,201,52,4
5676,201,53,4
5677,201,54,4
5678,201,296,3
5679,201,55,4
5680,201,56,2
5681,201,11,4
5682,201,393,3
5683,201,57,1
5684,201,58,4
5685,201,60,4
5686,201,40,3
5687,201,62,4
5688,201,41,1
5689,201,95,2
5690,201,63,2
5691,201,64,3
5692,201,16,2
5693,201,46,2
5694,201,65,2
5695,201,130,1
5696,202,68,4
5697,202,120,2
5698,202,121,4
5699,202,23,14
5700,202,122,2
5701,202,26,4
5702,202,124,4
5703,202,30,4
5704,202,125,4
5705,202,127,4
5706,202,35,2
5707,202,70,2
5708,202,252,3
5709,202,339,1
5710,202,128,4
5711,202,166,2
5712,202,70,1
5713,202,43,4
5714,202,126,3
5715,202,167,2
5716,202,46,3
5717,202,35,2
5718,203,20,1
5719,203,68,1
5720,203,22,1
5721,203,120,3
5722,203,121,4
5723,203,23,3
5724,203,49,4
5725,203,0,3
5726,203,97,3
5727,203,52,1
5728,203,246,2
5729,203,124,1
5730,203,125,4
5731,203,139,2
5732,203,36,1
5733,203,11,3
5734,203,200,4
5735,203,217,1
5736,203,250,4
5737,203,57,1
5738,203,16,3
5739,203,315,2
5740,203,65,1
5741,203,66,3
5742,203,40,4
5743,203,41,1
5744,203,217,1
5745,203,105,2
5746,203,95,1
5747,203,63,1
5748,203,16,1
5749,203,190,1
5750,203,46,2
5751,203,65,1
5752,203,139,2
5753,203,36,2
5754,204,278,2
5755,204,141,4
5756,204,143,4
5757,204,49,4
5758,204,24,2
5759,204,144,4
5760,204,145,1
5761,204,97,4
5762,204,149,4
5763,204,268,4
5764,204,83,2
5765,204,84,4
5766,204,163,4
5767,204,267,2
5768,204,157,2
5769,204,316,1
5770,204,66,2
5771,204,202,2
5772,204,161,1
5773,204,182,4
5774,204,158,3
5775,204,267,2
5776,204,41,2
5777,204,42,2
5778,204,279,1
5779,204,162,1
5780,204,158,1
5781,204,46,2
5782,204,47,2
5783,204,139,2
5784,205,332,4
5785,205,195,1
5786,205,76,4
5787,205,49,4
5788,205,77,3
5789,205,79,3
5790,205,98,3
5791,205,80,4
5792,205,42,1
5793,205,224,1
5794,205,220,1
5795,205,139,2
5796,205,92,1
5797,205,114,2
5798,205,200,4
5799,205,240,4
5800,205,217,3
5801,205,95,1
5802,205,88,3
5803,205,89,2
5804,205,66,3
5805,205,40,3
5806,205,222,3
5807,205,92,2
5808,205,99,2
5809,205,94,2
5810,205,42,1
5811,205,95,1
5812,205,394,2
5813,205,88,1
5814,205,220,1
5815,205,47,2
5816,205,139,1
5817,206,68,2
5818,206,120,4
5819,206,121,4
5820,206,23,10
5821,206,144,1
5822,206,260,4
5823,206,26,4
5824,206,124,4
5825,206,30,4
5826,206,125,4
5827,206,127,3
5828,206,252,3
5829,206,128,4
5830,206,166,2
5831,206,129,3
5832,206,158,4
5833,206,172,3
5834,206,154,2
5835,206,126,4
5836,206,347,1
5837,206,46,3
5838,206,130,2
5839,207,21,1
5840,207,22,4
5841,207,23,1
5842,207,24,4
5843,207,97,1
5844,207,255,4
5845,207,246,4
5846,207,25,4
5847,207,26,4
5848,207,264,3
5849,207,30,4
5850,207,395,4
5851,207,33,4
5852,207,396,3
5853,207,397,4
5854,207,398,4
5855,207,252,4
5856,207,399,2
5857,207,216,1
5858,207,400,2
5859,207,105,1
5860,207,380,2
5861,207,63,2
5862,207,16,2
5863,207,46,2
5864,207,401,4
5865,208,22,2
5866,208,169,4
5867,208,205,1
5868,208,274,4
5869,208,306,1
5870,208,49,1
5871,208,254,1
5872,208,207,1
5873,208,51,2
5874,208,97,4
5875,208,52,4
5876,208,150,4
5877,208,208,4
5878,208,209,4
5879,208,33,2
5880,208,210,4
5881,208,211,3
5882,208,213,4
5883,208,36,4
5884,208,56,3
5885,208,216,3
5886,208,92,1
5887,208,41,1
5888,208,63,2
5889,208,16,3
5890,208,46,2
5891,208,65,2
5892,208,66,1
5893,208,39,2
5894,208,211,1
5895,209,68,2
5896,209,120,3
5897,209,121,4
5898,209,23,14
5899,209,122,3
5900,209,26,4
5901,209,124,4
5902,209,29,1
5903,209,30,4
5904,209,125,4
5905,209,126,2
5906,209,247,1
5907,209,127,4
5908,209,37,1
5909,209,252,1
5910,209,128,4
5911,209,129,4
5912,209,29,1
5913,209,43,4
5914,209,126,2
5915,209,167,2
5916,209,253,2
5917,209,46,1
5918,209,130,2
5919,209,168,1
5920,210,278,1
5921,210,170,4
5922,210,0,4
5923,210,24,2
5924,210,144,2
5925,210,147,4
5926,210,148,4
5927,210,172,4
5928,210,191,2
5929,210,4,4
5930,210,343,4
5931,210,402,4
5932,210,9,4
5933,210,349,2
5934,210,17,1
5935,210,403,4
5936,210,404,2
5937,210,11,4
5938,210,156,4
5939,210,203,3
5940,210,160,3
5941,210,198,3
5942,210,162,2
5943,210,347,2
5944,210,18,2
5945,211,76,4
5946,211,24,3
5947,211,77,4
5948,211,79,10
5949,211,98,1
5950,211,80,4
5951,211,208,4
5952,211,237,3
5953,211,238,1
5954,211,212,4
5955,211,239,1
5956,211,114,3
5957,211,240,3
5958,211,241,2
5959,211,119,3
5960,211,88,3
5961,211,89,1
5962,211,40,3
5963,211,216,3
5964,211,242,1
5965,211,99,4
5966,211,95,2
5967,211,243,1
5968,211,385,2
5969,211,33,2
5970,211,88,1
5971,211,46,1
5972,211,219,1
5973,212,195,1
5974,212,76,4
5975,212,49,5
5976,212,24,3
5977,212,77,2
5978,212,78,2
5979,212,79,4
5980,212,80,4
5981,212,81,2
5982,212,82,4
5983,212,83,4
5984,212,280,1
5985,212,84,4
5986,212,85,4
5987,212,47,3
5988,212,114,2
5989,212,87,1
5990,212,88,2
5991,212,89,2
5992,212,66,2
5993,212,91,4
5994,212,92,2
5995,212,41,1
5996,212,99,2
5997,212,14,1
5998,212,95,1
5999,212,88,2
6000,212,89,1
6001,212,46,1
6002,212,65,1
6003,212,96,1
6004,212,220,1
6005,212,139,1
6006,213,68,3
6007,213,120,3
6008,213,121,4
6009,213,23,14
6010,213,122,2
6011,213,26,4
6012,213,123,2
6013,213,124,4
6014,213,30,4
6015,213,125,3
6016,213,126,3
6017,213,127,4
6018,213,70,2
6019,213,128,4
6020,213,129,4
6021,213,43,4
6022,213,126,1
6023,213,45,2
6024,213,167,1
6025,213,46,2
6026,213,35,2
6027,213,130,3
6028,214,76,4
6029,214,24,2
6030,214,77,4
6031,214,79,10
6032,214,98,2
6033,214,80,4
6034,214,208,4
6035,214,237,3
6036,214,238,2
6037,214,212,4
6038,214,139,1
6039,214,114,3
6040,214,240,2
6041,214,241,3
6042,214,119,2
6043,214,88,4
6044,214,40,3
6045,214,219,1
6046,214,216,2
6047,214,242,1
6048,214,240,1
6049,214,99,4
6050,214,385,3
6051,214,33,3
6052,214,89,1
6053,214,46,1
6054,214,139,1
6055,215,21,2
6056,215,22,4
6057,215,169,2
6058,215,23,2
6059,215,97,4
6060,215,255,4
6061,215,25,4
6062,215,264,2
6063,215,69,3
6064,215,405,1
6065,215,30,4
6066,215,224,2
6067,215,406,2
6068,215,395,4
6069,215,396,2
6070,215,397,4
6071,215,407,2
6072,215,408,4
6073,215,398,4
6074,215,252,2
6075,215,57,2
6076,215,138,2
6077,215,11,2
6078,215,57,2
6079,215,167,2
6080,215,46,2
6081,215,65,3
6082,215,35,2
6083,216,278,1
6084,216,20,1
6085,216,141,4
6086,216,195,1
6087,216,143,4
6088,216,49,3
6089,216,24,2
6090,216,144,5
6091,216,145,2
6092,216,97,2
6093,216,149,3
6094,216,268,4
6095,216,83,3
6096,216,198,2
6097,216,84,4
6098,216,163,4
6099,216,139,1
6100,216,56,2
6101,216,222,2
6102,216,202,2
6103,216,182,4
6104,216,158,4
6105,216,92,2
6106,216,267,3
6107,216,269,2
6108,216,154,3
6109,216,42,2
6110,216,279,1
6111,216,162,1
6112,216,220,1
6113,217,22,3
6114,217,169,4
6115,217,205,1
6116,217,49,1
6117,217,206,1
6118,217,207,4
6119,217,51,2
6120,217,97,4
6121,217,52,4
6122,217,131,1
6123,217,150,4
6124,217,208,4
6125,217,209,3
6126,217,210,4
6127,217,211,2
6128,217,213,4
6129,217,36,4
6130,217,56,3
6131,217,16,3
6132,217,216,4
6133,217,11,1
6134,217,383,2
6135,217,41,2
6136,217,94,2
6137,217,44,2
6138,217,63,2
6139,217,46,2
6140,217,39,1
6141,217,211,1
6142,218,195,1
6143,218,76,4
6144,218,49,3
6145,218,24,4
6146,218,77,2
6147,218,78,2
6148,218,97,2
6149,218,79,3
6150,218,80,4
6151,218,81,2
6152,218,82,4
6153,218,83,4
6154,218,84,4
6155,218,277,1
6156,218,85,4
6157,218,47,3
6158,218,114,2
6159,218,87,1
6160,218,88,2
6161,218,89,2
6162,218,66,2
6163,218,91,4
6164,218,92,2
6165,218,218,2
6166,218,41,1
6167,218,99,2
6168,218,217,1
6169,218,88,1
6170,218,46,2
6171,218,65,1
6172,218,96,1
6173,218,220,1
6174,218,47,1
6175,219,49,6
6176,219,24,2
6177,219,50,4
6178,219,51,4
6179,219,52,4
6180,219,326,4
6181,219,327,4
6182,219,211,4
6183,219,184,1
6184,219,138,1
6185,219,56,1
6186,219,249,1
6187,219,11,3
6188,219,57,1
6189,219,58,4
6190,219,16,2
6191,219,60,4
6192,219,65,1
6193,219,66,3
6194,219,39,1
6195,219,222,1
6196,219,216,4
6197,219,138,1
6198,219,92,2
6199,219,41,1
6200,219,181,2
6201,219,133,1
6202,219,64,2
6203,219,190,1
6204,219,46,1
6205,219,65,1
6206,219,39,1
6207,219,139,2
6208,220,205,1
6209,220,141,3
6210,220,143,4
6211,220,49,1
6212,220,196,3
6213,220,223,2
6214,220,0,1
6215,220,144,1
6216,220,50,2
6217,220,147,2
6218,220,52,4
6219,220,148,1
6220,220,131,1
6221,220,224,1
6222,220,220,1
6223,220,138,2
6224,220,200,4
6225,220,153,4
6226,220,154,4
6227,220,225,3
6228,220,156,4
6229,220,157,4
6230,220,66,2
6231,220,40,2
6232,220,222,1
6233,220,130,2
6234,220,92,2
6235,220,172,1
6236,220,180,1
6237,220,181,1
6238,220,95,1
6239,220,388,1
6240,220,162,2
6241,220,244,1
6242,220,47,2
6243,220,229,1
6244,220,163,2
6245,221,0,16
6246,221,50,4
6247,221,78,2
6248,221,51,1
6249,221,52,1
6250,221,409,4
6251,221,191,1
6252,221,4,4
6253,221,9,4
6254,221,360,4
6255,221,272,4
6256,221,410,4
6257,221,411,2
6258,221,11,4
6259,221,16,2
6260,221,13,3
6261,221,193,4
6262,221,63,2
6263,221,16,2
6264,221,46,3
6265,221,18,2
6266,221,178,1
6267,221,194,1
6268,222,68,1
6269,222,21,4
6270,222,22,4
6271,222,23,7
6272,222,24,2
6273,222,25,4
6274,222,26,4
6275,222,263,2
6276,222,27,1
6277,222,83,1
6278,222,28,4
6279,222,30,4
6280,222,224,1
6281,222,31,4
6282,222,32,4
6283,222,33,4
6284,222,34,4
6285,222,38,4
6286,222,39,1
6287,222,56,3
6288,222,29,1
6289,222,43,3
6290,222,44,2
6291,222,39,2
6292,222,35,1
6293,222,47,2
6294,222,168,1
6295,223,49,4
6296,223,24,4
6297,223,50,4
6298,223,51,4
6299,223,52,4
6300,223,53,4
6301,223,54,4
6302,223,296,3
6303,223,55,4
6304,223,56,2
6305,223,11,4
6306,223,393,3
6307,223,57,1
6308,223,58,4
6309,223,60,4
6310,223,40,3
6311,223,62,4
6312,223,41,1
6313,223,95,2
6314,223,63,2
6315,223,64,3
6316,223,16,2
6317,223,46,2
6318,223,65,2
6319,223,130,1
6320,224,76,4
6321,224,24,1
6322,224,77,4
6323,224,79,11
6324,224,98,2
6325,224,80,4
6326,224,208,4
6327,224,237,2
6328,224,238,2
6329,224,212,4
6330,224,239,1
6331,224,114,3
6332,224,240,3
6333,224,217,1
6334,224,241,3
6335,224,119,2
6336,224,88,4
6337,224,40,3
6338,224,216,2
6339,224,239,1
6340,224,99,4
6341,224,412,1
6342,224,14,1
6343,224,322,2
6344,224,243,1
6345,224,33,3
6346,224,89,1
6347,224,46,1
6348,225,21,4
6349,225,22,4
6350,225,23,6
6351,225,24,4
6352,225,25,4
6353,225,26,4
6354,225,27,1
6355,225,69,2
6356,225,28,4
6357,225,29,2
6358,225,30,4
6359,225,31,2
6360,225,32,3
6361,225,33,4
6362,225,34,4
6363,225,36,1
6364,225,38,4
6365,225,39,3
6366,225,41,2
6367,225,83,1
6368,225,29,1
6369,225,43,3
6370,225,95,2
6371,225,44,1
6372,225,45,2
6373,225,39,1
6374,225,35,1
6375,225,168,1
6376,226,76,4
6377,226,49,5
6378,226,24,3
6379,226,77,2
6380,226,78,2
6381,226,79,5
6382,226,80,4
6383,226,81,2
6384,226,82,4
6385,226,83,4
6386,226,84,4
6387,226,85,4
6388,226,47,4
6389,226,114,2
6390,226,87,1
6391,226,88,3
6392,226,89,2
6393,226,66,1
6394,226,91,4
6395,226,92,2
6396,226,218,2
6397,226,41,1
6398,226,99,2
6399,226,217,1
6400,226,88,1
6401,226,46,2
6402,226,39,1
6403,226,220,1
6404,226,139,2
6405,227,49,6
6406,227,24,2
6407,227,50,4
6408,227,51,4
6409,227,52,4
6410,227,326,4
6411,227,327,4
6412,227,211,4
6413,227,184,2
6414,227,56,1
6415,227,11,4
6416,227,328,3
6417,227,57,1
6418,227,58,4
6419,227,60,4
6420,227,65,1
6421,227,66,3
6422,227,39,1
6423,227,216,4
6424,227,138,1
6425,227,92,2
6426,227,249,1
6427,227,41,1
6428,227,133,1
6429,227,329,2
6430,227,63,2
6431,227,64,2
6432,227,46,2
6433,227,39,1
6434,228,22,4
6435,228,169,1
6436,228,141,4
6437,228,143,4
6438,228,259,4
6439,228,24,1
6440,228,144,1
6441,228,97,1
6442,228,260,4
6443,228,149,4
6444,228,261,4
6445,228,262,4
6446,228,26,4
6447,228,263,4
6448,228,264,4
6449,228,30,4
6450,228,265,3
6451,228,266,4
6452,228,158,1
6453,228,267,2
6454,228,268,2
6455,228,169,1
6456,228,154,2
6457,228,162,3
6458,228,158,3
6459,228,35,1
6460,228,36,1
6461,229,169,2
6462,229,170,4
6463,229,171,4
6464,229,0,2
6465,229,24,4
6466,229,147,4
6467,229,148,4
6468,229,172,4
6469,229,173,3
6470,229,174,4
6471,229,175,4
6472,229,9,4
6473,229,176,4
6474,229,177,2
6475,229,163,4
6476,229,11,4
6477,229,154,2
6478,229,362,1
6479,229,160,3
6480,229,154,1
6481,229,63,2
6482,229,279,3
6483,229,162,3
6484,229,362,1
6485,229,178,2
6486,230,76,4
6487,230,24,3
6488,230,77,4
6489,230,79,9
6490,230,98,1
6491,230,80,4
6492,230,283,2
6493,230,208,4
6494,230,237,3
6495,230,238,2
6496,230,285,4
6497,230,286,3
6498,230,212,4
6499,230,114,3
6500,230,242,2
6501,230,88,4
6502,230,216,4
6503,230,92,2
6504,230,240,2
6505,230,41,2
6506,230,99,3
6507,230,89,1
6508,230,46,2
6509,230,130,1
6510,230,139,2
6511,231,169,1
6512,231,76,4
6513,231,77,4
6514,231,79,10
6515,231,98,3
6516,231,80,4
6517,231,208,4
6518,231,237,3
6519,231,238,2
6520,231,212,4
6521,231,239,1
6522,231,114,4
6523,231,240,2
6524,231,241,2
6525,231,119,2
6526,231,88,3
6527,231,89,1
6528,231,40,4
6529,231,216,2
6530,231,92,2
6531,231,242,1
6532,231,99,4
6533,231,94,2
6534,231,119,1
6535,231,243,1
6536,231,33,3
6537,231,88,1
6538,232,76,4
6539,232,24,2
6540,232,77,4
6541,232,79,11
6542,232,98,1
6543,232,80,4
6544,232,208,4
6545,232,237,3
6546,232,238,3
6547,232,212,4
6548,232,239,1
6549,232,114,3
6550,232,240,2
6551,232,241,3
6552,232,119,2
6553,232,88,4
6554,232,40,3
6555,232,216,2
6556,232,242,1
6557,232,99,4
6558,232,95,1
6559,232,33,3
6560,232,244,1
6561,232,89,2
6562,232,46,1
6563,232,130,1
6564,232,139,1
6565,233,68,3
6566,233,120,3
6567,233,121,4
6568,233,23,14
6569,233,122,3
6570,233,26,4
6571,233,123,2
6572,233,124,4
6573,233,30,4
6574,233,125,3
6575,233,126,3
6576,233,127,4
6577,233,70,1
6578,233,128,4
6579,233,129,4
6580,233,43,4
6581,233,126,1
6582,233,45,4
6583,233,46,3
6584,233,130,3
6585,234,68,2
6586,234,120,3
6587,234,121,4
6588,234,23,14
6589,234,122,3
6590,234,26,4
6591,234,123,2
6592,234,124,4
6593,234,30,4
6594,234,125,4
6595,234,126,1
6596,234,247,1
6597,234,127,4
6598,234,70,2
6599,234,128,4
6600,234,129,4
6601,234,368,3
6602,234,43,2
6603,234,126,2
6604,234,45,3
6605,234,46,2
6606,234,35,1
6607,234,130,2
6608,235,0,20
6609,235,78,3
6610,235,2,4
6611,235,191,4
6612,235,4,4
6613,235,5,4
6614,235,7,1
6615,235,9,4
6616,235,18,2
6617,235,192,3
6618,235,11,4
6619,235,12,2
6620,235,16,2
6621,235,13,3
6622,235,14,2
6623,235,193,4
6624,235,16,2
6625,235,13,1
6626,235,17,2
6627,235,18,2
6628,235,178,2
6629,236,170,4
6630,236,0,10
6631,236,1,1
6632,236,147,4
6633,236,148,4
6634,236,2,4
6635,236,318,4
6636,236,4,4
6637,236,9,4
6638,236,54,4
6639,236,404,4
6640,236,11,4
6641,236,12,4
6642,236,413,2
6643,236,13,3
6644,236,414,1
6645,236,191,1
6646,236,193,2
6647,236,63,2
6648,236,413,1
6649,236,16,1
6650,236,46,3
6651,236,18,2
6652,236,178,2
6653,237,195,1
6654,237,76,4
6655,237,49,4
6656,237,24,4
6657,237,77,2
6658,237,78,2
6659,237,79,4
6660,237,80,4
6661,237,81,2
6662,237,82,4
6663,237,83,4
6664,237,280,2
6665,237,84,4
6666,237,85,3
6667,237,47,3
6668,237,114,2
6669,237,88,3
6670,237,89,2
6671,237,66,2
6672,237,91,4
6673,237,92,2
6674,237,218,2
6675,237,41,2
6676,237,99,2
6677,237,94,1
6678,237,119,2
6679,237,88,1
6680,237,46,1
6681,237,96,1
6682,237,220,1
6683,238,68,2
6684,238,120,4
6685,238,121,4
6686,238,23,11
6687,238,0,1
6688,238,255,4
6689,238,26,4
6690,238,123,3
6691,238,124,4
6692,238,30,4
6693,238,125,4
6694,238,126,1
6695,238,127,4
6696,238,250,2
6697,238,128,4
6698,238,129,4
6699,238,138,2
6700,238,45,2
6701,238,63,3
6702,238,16,2
6703,238,46,2
6704,238,35,1
6705,238,130,3
6706,239,68,1
6707,239,120,2
6708,239,121,4
6709,239,23,2
6710,239,49,3
6711,239,0,3
6712,239,97,3
6713,239,52,2
6714,239,246,2
6715,239,25,2
6716,239,124,3
6717,239,125,4
6718,239,213,1
6719,239,36,1
6720,239,248,2
6721,239,11,3
6722,239,200,4
6723,239,217,2
6724,239,250,4
6725,239,16,2
6726,239,65,1
6727,239,66,2
6728,239,39,1
6729,239,40,4
6730,239,128,2
6731,239,249,1
6732,239,41,1
6733,239,14,1
6734,239,105,1
6735,239,57,1
6736,239,29,1
6737,239,277,2
6738,239,63,2
6739,239,247,1
6740,239,46,1
6741,239,39,1
6742,239,139,1
6743,239,36,1
6744,240,49,6
6745,240,24,2
6746,240,50,4
6747,240,51,4
6748,240,52,4
6749,240,326,4
6750,240,327,4
6751,240,211,4
6752,240,184,3
6753,240,56,1
6754,240,11,4
6755,240,328,1
6756,240,57,1
6757,240,58,4
6758,240,60,4
6759,240,65,3
6760,240,66,3
6761,240,216,4
6762,240,138,1
6763,240,92,2
6764,240,249,1
6765,240,41,1
6766,240,133,1
6767,240,329,2
6768,240,95,1
6769,240,63,1
6770,240,16,1
6771,240,46,2
6772,240,159,2
6773,241,68,2
6774,241,120,4
6775,241,121,4
6776,241,23,10
6777,241,0,2
6778,241,255,4
6779,241,123,3
6780,241,124,4
6781,241,30,4
6782,241,125,4
6783,241,127,4
6784,241,213,2
6785,241,250,3
6786,241,16,2
6787,241,128,3
6788,241,166,1
6789,241,129,4
6790,241,14,1
6791,241,45,2
6792,241,63,3
6793,241,16,2
6794,241,46,2
6795,241,35,2
6796,241,130,2
6797,241,168,1
6798,242,169,3
6799,242,170,4
6800,242,171,4
6801,242,0,3
6802,242,24,2
6803,242,147,4
6804,242,148,4
6805,242,172,4
6806,242,173,2
6807,242,174,4
6808,242,175,4
6809,242,9,4
6810,242,176,4
6811,242,177,2
6812,242,163,4
6813,242,11,4
6814,242,154,2
6815,242,362,1
6816,242,178,1
6817,242,160,3
6818,242,154,1
6819,242,182,2
6820,242,63,2
6821,242,279,3
6822,242,162,3
6823,242,178,1
6824,243,106,4
6825,243,107,4
6826,243,0,3
6827,243,24,3
6828,243,415,1
6829,243,97,4
6830,243,79,3
6831,243,108,4
6832,243,109,4
6833,243,110,3
6834,243,111,4
6835,243,112,4
6836,243,113,4
6837,243,10,2
6838,243,114,2
6839,243,88,3
6840,243,115,4
6841,243,116,4
6842,243,231,2
6843,243,179,1
6844,243,99,2
6845,243,63,2
6846,243,89,2
6847,243,46,3
6848,243,18,3
6849,244,169,3
6850,244,170,4
6851,244,171,4
6852,244,0,3
6853,244,24,2
6854,244,147,4
6855,244,148,4
6856,244,172,4
6857,244,173,3
6858,244,174,4
6859,244,175,4
6860,244,9,4
6861,244,176,4
6862,244,177,2
6863,244,163,4
6864,244,11,4
6865,244,154,2
6866,244,362,1
6867,244,138,1
6868,244,180,2
6869,244,181,3
6870,244,154,1
6871,244,182,2
6872,244,162,4
6873,244,18,1
6874,244,178,1
6875,245,301,2
6876,245,78,4
6877,245,79,17
6878,245,302,3
6879,245,82,4
6880,245,93,3
6881,245,416,2
6882,245,303,3
6883,245,114,3
6884,245,119,3
6885,245,88,4
6886,245,417,1
6887,245,89,2
6888,245,96,3
6889,245,219,2
6890,245,304,4
6891,245,218,2
6892,245,240,3
6893,245,99,4
6894,245,14,2
6895,245,130,2
6896,245,418,2
6897,246,68,3
6898,246,120,3
6899,246,121,4
6900,246,23,14
6901,246,122,2
6902,246,26,4
6903,246,124,4
6904,246,30,4
6905,246,125,3
6906,246,126,3
6907,246,127,4
6908,246,35,1
6909,246,252,2
6910,246,128,4
6911,246,166,1
6912,246,129,4
6913,246,43,3
6914,246,126,1
6915,246,45,2
6916,246,167,1
6917,246,46,3
6918,246,35,2
6919,246,130,2
6920,246,419,1
6921,247,0,12
6922,247,50,4
6923,247,1,4
6924,247,2,4
6925,247,318,4
6926,247,4,4
6927,247,193,4
6928,247,272,4
6929,247,410,4
6930,247,11,4
6931,247,250,3
6932,247,12,4
6933,247,13,4
6934,247,231,1
6935,247,411,4
6936,247,16,4
6937,247,46,3
6938,247,18,4
6939,248,278,2
6940,248,141,4
6941,248,143,4
6942,248,49,3
6943,248,24,2
6944,248,144,5
6945,248,145,1
6946,248,97,4
6947,248,149,4
6948,248,268,4
6949,248,83,2
6950,248,84,3
6951,248,163,4
6952,248,267,2
6953,248,154,2
6954,248,157,2
6955,248,66,2
6956,248,202,2
6957,248,161,1
6958,248,182,4
6959,248,158,3
6960,248,202,1
6961,248,267,2
6962,248,41,2
6963,248,42,2
6964,248,279,1
6965,248,162,1
6966,248,158,1
6967,248,46,2
6968,248,47,2
6969,248,139,1
6970,249,20,1
6971,249,49,6
6972,249,0,2
6973,249,24,1
6974,249,50,4
6975,249,51,4
6976,249,52,4
6977,249,183,4
6978,249,184,4
6979,249,185,4
6980,249,55,4
6981,249,186,4
6982,249,187,4
6983,249,188,2
6984,249,189,4
6985,249,116,4
6986,249,62,4
6987,249,92,2
6988,249,41,2
6989,249,94,2
6990,249,221,1
6991,249,64,2
6992,249,16,2
6993,249,190,2
6994,249,66,1
6995,249,130,1
6996,250,49,9
6997,250,0,1
6998,250,50,4
6999,250,51,4
7000,250,52,4
7001,250,131,1
7002,250,33,4
7003,250,132,4
7004,250,296,1
7005,250,139,1
7006,250,55,4
7007,250,133,2
7008,250,118,1
7009,250,57,1
7010,250,63,1
7011,250,135,4
7012,250,40,2
7013,250,67,3
7014,250,136,1
7015,250,64,1
7016,250,137,3
7017,250,62,4
7018,250,138,1
7019,250,92,2
7020,250,41,1
7021,250,94,2
7022,250,14,1
7023,250,118,1
7024,250,57,1
7025,250,64,1
7026,250,46,2
7027,250,65,1
7028,250,47,1
7029,250,139,1
7030,251,278,2
7031,251,141,4
7032,251,143,4
7033,251,49,3
7034,251,24,2
7035,251,144,5
7036,251,145,1
7037,251,97,4
7038,251,149,4
7039,251,268,4
7040,251,83,2
7041,251,84,4
7042,251,163,4
7043,251,267,2
7044,251,154,1
7045,251,157,2
7046,251,66,2
7047,251,202,2
7048,251,161,1
7049,251,182,4
7050,251,158,3
7051,251,202,1
7052,251,267,2
7053,251,41,2
7054,251,42,2
7055,251,279,1
7056,251,162,1
7057,251,158,1
7058,251,46,2
7059,251,47,2
7060,251,139,1
7061,252,49,6
7062,252,24,2
7063,252,50,4
7064,252,51,4
7065,252,52,4
7066,252,326,4
7067,252,327,4
7068,252,211,4
7069,252,184,2
7070,252,138,1
7071,252,56,1
7072,252,11,4
7073,252,57,1
7074,252,58,4
7075,252,16,1
7076,252,60,4
7077,252,65,2
7078,252,66,3
7079,252,39,1
7080,252,216,4
7081,252,138,1
7082,252,92,2
7083,252,249,1
7084,252,41,1
7085,252,133,1
7086,252,329,2
7087,252,95,1
7088,252,63,1
7089,252,16,1
7090,252,46,2
7091,252,159,2
7092,253,68,1
7093,253,120,4
7094,253,121,4
7095,253,23,13
7096,253,288,4
7097,253,26,4
7098,253,124,4
7099,253,29,1
7100,253,30,4
7101,253,125,4
7102,253,126,1
7103,253,247,1
7104,253,127,4
7105,253,70,1
7106,253,252,1
7107,253,128,4
7108,253,166,1
7109,253,129,4
7110,253,99,2
7111,253,105,3
7112,253,126,2
7113,253,88,1
7114,253,89,4
7115,253,79,1
7116,253,130,2
7117,254,21,3
7118,254,22,4
7119,254,23,1
7120,254,259,4
7121,254,24,3
7122,254,97,3
7123,254,260,4
7124,254,26,4
7125,254,420,1
7126,254,27,1
7127,254,69,3
7128,254,28,4
7129,254,384,1
7130,254,30,4
7131,254,31,3
7132,254,32,1
7133,254,33,4
7134,254,34,4
7135,254,212,1
7136,254,38,4
7137,254,43,1
7138,254,158,1
7139,254,46,1
7140,254,420,1
7141,254,160,1
7142,254,29,1
7143,254,43,1
7144,254,44,1
7145,254,73,1
7146,254,158,1
7147,254,46,1
7148,254,349,1
7149,254,39,2
7150,254,48,2
7151,254,163,2
7152,255,278,2
7153,255,141,4
7154,255,143,4
7155,255,49,3
7156,255,24,2
7157,255,144,5
7158,255,145,1
7159,255,97,4
7160,255,149,4
7161,255,268,4
7162,255,83,2
7163,255,84,4
7164,255,163,4
7165,255,267,2
7166,255,154,1
7167,255,157,2
7168,255,66,2
7169,255,202,2
7170,255,161,1
7171,255,182,4
7172,255,158,3
7173,255,267,2
7174,255,269,1
7175,255,41,3
7176,255,42,2
7177,255,162,1
7178,255,158,1
7179,255,46,2
7180,255,47,2
7181,255,139,1
7182,256,20,1
7183,256,49,6
7184,256,0,2
7185,256,24,1
7186,256,50,4
7187,256,51,4
7188,256,52,4
7189,256,183,4
7190,256,184,4
7191,256,185,4
7192,256,55,4
7193,256,186,4
7194,256,187,4
7195,256,188,2
7196,256,189,4
7197,256,116,4
7198,256,62,4
7199,256,92,2
7200,256,249,1
7201,256,41,2
7202,256,94,1
7203,256,63,1
7204,256,33,1
7205,256,64,2
7206,256,16,1
7207,256,46,2
7208,256,65,1
7209,256,66,1
7210,257,20,1
7211,257,49,7
7212,257,0,1
7213,257,24,1
7214,257,50,4
7215,257,51,4
7216,257,52,4
7217,257,183,4
7218,257,184,3
7219,257,185,4
7220,257,55,4
7221,257,186,4
7222,257,187,4
7223,257,221,1
7224,257,188,2
7225,257,189,4
7226,257,116,4
7227,257,62,4
7228,257,138,1
7229,257,92,2
7230,257,249,1
7231,257,41,1
7232,257,217,1
7233,257,63,1
7234,257,64,2
7235,257,16,1
7236,257,46,1
7237,257,65,2
7238,257,39,1
7239,257,139,1
7240,258,205,1
7241,258,141,4
7242,258,195,1
7243,258,143,3
7244,258,49,1
7245,258,223,2
7246,258,0,1
7247,258,24,2
7248,258,144,1
7249,258,145,1
7250,258,50,1
7251,258,147,4
7252,258,148,2
7253,258,149,3
7254,258,268,4
7255,258,84,4
7256,258,47,2
7257,258,163,4
7258,258,267,2
7259,258,404,1
7260,258,200,1
7261,258,217,1
7262,258,154,2
7263,258,156,2
7264,258,157,2
7265,258,66,1
7266,258,40,1
7267,258,222,1
7268,258,182,4
7269,258,162,1
7270,258,92,2
7271,258,203,2
7272,258,269,1
7273,258,172,1
7274,258,181,1
7275,258,156,2
7276,258,33,1
7277,258,244,1
7278,258,46,2
7279,258,47,1
7280,258,139,1
7281,259,68,2
7282,259,120,3
7283,259,121,4
7284,259,23,12
7285,259,122,2
7286,259,260,4
7287,259,124,4
7288,259,30,4
7289,259,125,3
7290,259,126,3
7291,259,127,3
7292,259,252,4
7293,259,315,4
7294,259,128,4
7295,259,129,4
7296,259,172,3
7297,259,154,3
7298,259,126,1
7299,259,45,2
7300,259,144,1
7301,259,247,1
7302,259,158,4
7303,260,22,4
7304,260,169,4
7305,260,205,1
7306,260,274,2
7307,260,49,1
7308,260,0,1
7309,260,206,1
7310,260,207,3
7311,260,97,4
7312,260,52,4
7313,260,150,4
7314,260,275,1
7315,260,208,3
7316,260,209,4
7317,260,210,4
7318,260,211,3
7319,260,213,4
7320,260,36,4
7321,260,56,3
7322,260,39,1
7323,260,216,1
7324,260,421,3
7325,260,41,2
7326,260,94,1
7327,260,14,1
7328,260,63,2
7329,260,247,1
7330,260,16,3
7331,260,46,2
7332,260,39,1
7333,260,214,2
7334,261,21,4
7335,261,22,4
7336,261,23,6
7337,261,24,3
7338,261,97,2
7339,261,25,3
7340,261,26,4
7341,261,27,1
7342,261,28,4
7343,261,29,2
7344,261,30,4
7345,261,31,3
7346,261,32,3
7347,261,33,4
7348,261,75,1
7349,261,34,4
7350,261,36,2
7351,261,70,2
7352,261,38,4
7353,261,234,1
7354,261,41,1
7355,261,235,1
7356,261,44,1
7357,261,236,2
7358,261,46,2
7359,261,39,2
7360,261,35,2
7361,261,48,2
7362,261,214,1
7363,262,68,2
7364,262,120,3
7365,262,121,4
7366,262,23,2
7367,262,49,3
7368,262,0,3
7369,262,97,3
7370,262,52,2
7371,262,246,2
7372,262,25,1
7373,262,124,3
7374,262,125,4
7375,262,36,1
7376,262,248,1
7377,262,11,3
7378,262,200,4
7379,262,250,4
7380,262,57,1
7381,262,16,3
7382,262,66,2
7383,262,39,2
7384,262,40,4
7385,262,19,1
7386,262,128,2
7387,262,138,1
7388,262,217,1
7389,262,105,2
7390,262,63,3
7391,262,33,1
7392,262,247,1
7393,262,251,1
7394,262,46,2
7395,262,65,2
7396,262,35,1
7397,263,68,2
7398,263,120,4
7399,263,121,4
7400,263,23,10
7401,263,0,1
7402,263,255,4
7403,263,26,3
7404,263,164,2
7405,263,317,1
7406,263,69,1
7407,263,124,3
7408,263,30,4
7409,263,125,4
7410,263,127,4
7411,263,70,2
7412,263,252,4
7413,263,250,3
7414,263,128,4
7415,263,422,4
7416,263,29,3
7417,263,247,2
7418,263,338,4
7419,263,130,2
7420,264,22,3
7421,264,169,3
7422,264,76,3
7423,264,306,1
7424,264,288,4
7425,264,79,1
7426,264,98,1
7427,264,289,1
7428,264,363,2
7429,264,80,4
7430,264,25,2
7431,264,290,2
7432,264,291,4
7433,264,208,4
7434,264,69,4
7435,264,111,1
7436,264,285,3
7437,264,212,4
7438,264,292,1
7439,264,36,3
7440,264,114,1
7441,264,88,3
7442,264,40,3
7443,264,386,2
7444,264,293,2
7445,264,240,1
7446,264,99,4
7447,264,105,1
7448,264,119,2
7449,264,387,1
7450,264,95,1
7451,264,89,2
7452,264,66,1
7453,265,20,2
7454,265,49,6
7455,265,0,2
7456,265,50,4
7457,265,51,4
7458,265,52,4
7459,265,183,4
7460,265,184,4
7461,265,185,4
7462,265,55,4
7463,265,186,4
7464,265,187,4
7465,265,188,2
7466,265,189,4
7467,265,116,4
7468,265,62,4
7469,265,92,2
7470,265,249,1
7471,265,41,1
7472,265,94,1
7473,265,63,1
7474,265,64,2
7475,265,16,2
7476,265,65,1
7477,265,66,2
7478,265,222,1
7479,265,130,1
7480,266,141,4
7481,266,143,4
7482,266,49,6
7483,266,24,4
7484,266,145,4
7485,266,296,4
7486,266,55,4
7487,266,200,4
7488,266,133,4
7489,266,60,4
7490,266,297,2
7491,266,298,4
7492,266,299,4
7493,266,158,4
7494,266,62,4
7495,266,180,2
7496,266,162,2
7497,266,66,2
7498,266,300,3
7499,266,130,2
7500,266,163,2
7501,266,139,2
7502,267,20,2
7503,267,49,6
7504,267,0,2
7505,267,50,4
7506,267,51,4
7507,267,52,4
7508,267,183,4
7509,267,184,4
7510,267,185,4
7511,267,55,4
7512,267,186,4
7513,267,187,4
7514,267,188,1
7515,267,66,1
7516,267,222,1
7517,267,189,4
7518,267,116,4
7519,267,62,3
7520,267,92,2
7521,267,249,1
7522,267,41,2
7523,267,134,1
7524,267,95,1
7525,267,63,1
7526,267,64,3
7527,267,16,2
7528,267,65,1
7529,267,139,1
7530,268,20,2
7531,268,49,6
7532,268,0,2
7533,268,50,4
7534,268,51,4
7535,268,52,4
7536,268,183,4
7537,268,184,4
7538,268,185,4
7539,268,55,4
7540,268,186,4
7541,268,187,4
7542,268,188,2
7543,268,189,4
7544,268,116,4
7545,268,62,4
7546,268,92,2
7547,268,41,2
7548,268,63,2
7549,268,16,2
7550,268,65,2
7551,268,66,2
7552,268,222,1
7553,268,139,2
7554,269,20,1
7555,269,49,6
7556,269,0,2
7557,269,24,1
7558,269,50,4
7559,269,51,4
7560,269,52,4
7561,269,183,4
7562,269,184,4
7563,269,185,4
7564,269,55,4
7565,269,186,4
7566,269,187,4
7567,269,221,1
7568,269,188,1
7569,269,222,1
7570,269,189,4
7571,269,116,4
7572,269,62,3
7573,269,92,2
7574,269,249,1
7575,269,41,2
7576,269,94,1
7577,269,221,1
7578,269,95,1
7579,269,64,2
7580,269,16,1
7581,269,190,2
7582,269,65,1
7583,269,139,1
7584,270,68,2
7585,270,120,2
7586,270,121,4
7587,270,23,2
7588,270,49,3
7589,270,0,3
7590,270,50,1
7591,270,97,3
7592,270,52,2
7593,270,246,2
7594,270,25,1
7595,270,125,4
7596,270,247,1
7597,270,213,3
7598,270,36,2
7599,270,249,1
7600,270,11,3
7601,270,200,4
7602,270,250,4
7603,270,87,2
7604,270,63,2
7605,270,16,2
7606,270,66,2
7607,270,39,2
7608,270,40,3
7609,270,249,1
7610,270,217,1
7611,270,94,1
7612,270,105,2
7613,270,63,1
7614,270,33,1
7615,270,247,1
7616,270,16,1
7617,270,46,3
7618,270,65,1
7619,270,35,1
7620,270,139,1
7621,271,21,4
7622,271,22,4
7623,271,23,6
7624,271,24,4
7625,271,25,4
7626,271,26,4
7627,271,27,1
7628,271,69,4
7629,271,28,4
7630,271,30,4
7631,271,224,1
7632,271,31,3
7633,271,32,2
7634,271,33,4
7635,271,34,4
7636,271,36,1
7637,271,38,4
7638,271,39,2
7639,271,68,1
7640,271,41,1
7641,271,29,1
7642,271,44,2
7643,271,32,1
7644,271,167,1
7645,271,73,1
7646,271,75,1
7647,271,39,1
7648,271,35,1
7649,271,48,3
7650,271,36,1
7651,272,68,2
7652,272,120,3
7653,272,121,4
7654,272,23,2
7655,272,49,3
7656,272,0,3
7657,272,97,3
7658,272,52,2
7659,272,246,2
7660,272,25,1
7661,272,124,2
7662,272,125,4
7663,272,35,2
7664,272,36,1
7665,272,138,1
7666,272,248,1
7667,272,11,3
7668,272,200,4
7669,272,217,1
7670,272,250,4
7671,272,105,1
7672,272,16,3
7673,272,65,1
7674,272,66,2
7675,272,39,1
7676,272,40,4
7677,272,217,1
7678,272,105,2
7679,272,277,3
7680,272,63,3
7681,272,16,1
7682,272,46,1
7683,272,65,1
7684,272,39,1
7685,272,220,1
7686,272,36,1
7687,273,20,1
7688,273,49,7
7689,273,0,2
7690,273,50,4
7691,273,51,4
7692,273,52,4
7693,273,183,4
7694,273,184,4
7695,273,185,4
7696,273,55,4
7697,273,186,4
7698,273,187,4
7699,273,188,2
7700,273,189,4
7701,273,116,4
7702,273,62,4
7703,273,92,2
7704,273,249,1
7705,273,41,1
7706,273,94,1
7707,273,63,2
7708,273,33,1
7709,273,64,2
7710,273,16,1
7711,273,65,1
7712,273,66,1
7713,273,222,1
7714,273,130,1
7715,274,0,18
7716,274,1,3
7717,274,78,4
7718,274,318,4
7719,274,409,2
7720,274,191,4
7721,274,4,4
7722,274,9,4
7723,274,18,4
7724,274,10,3
7725,274,11,4
7726,274,12,4
7727,274,423,2
7728,274,411,4
7729,274,193,4
7730,274,16,4
7731,274,46,3
7732,275,169,2
7733,275,205,1
7734,275,170,4
7735,275,171,2
7736,275,0,3
7737,275,24,3
7738,275,144,1
7739,275,147,4
7740,275,148,4
7741,275,172,4
7742,275,4,4
7743,275,174,4
7744,275,175,4
7745,275,9,4
7746,275,176,3
7747,275,177,2
7748,275,163,4
7749,275,11,4
7750,275,154,2
7751,275,362,1
7752,275,267,1
7753,275,180,1
7754,275,154,1
7755,275,227,2
7756,275,63,2
7757,275,279,2
7758,275,162,2
7759,275,16,1
7760,275,178,3
7761,276,76,4
7762,276,49,4
7763,276,24,3
7764,276,77,3
7765,276,78,2
7766,276,97,1
7767,276,79,4
7768,276,80,4
7769,276,81,2
7770,276,82,4
7771,276,83,2
7772,276,280,3
7773,276,84,4
7774,276,277,1
7775,276,85,3
7776,276,47,4
7777,276,114,1
7778,276,87,1
7779,276,88,3
7780,276,89,2
7781,276,66,1
7782,276,91,4
7783,276,218,2
7784,276,99,2
7785,276,119,2
7786,276,88,1
7787,276,46,1
7788,276,65,2
7789,276,66,2
7790,276,96,2
7791,276,220,1
7792,277,305,4
7793,277,424,3
7794,277,332,4
7795,277,195,2
7796,277,142,4
7797,277,144,5
7798,277,425,2
7799,277,79,2
7800,277,153,3
7801,277,240,2
7802,277,154,4
7803,277,88,2
7804,277,426,3
7805,277,202,3
7806,277,427,4
7807,277,428,4
7808,277,161,3
7809,277,429,3
7810,277,158,3
7811,277,269,2
7812,277,99,2
7813,277,279,4
7814,277,88,2
7815,277,162,3
7816,277,130,2
7817,278,21,4
7818,278,22,4
7819,278,23,6
7820,278,24,4
7821,278,25,4
7822,278,26,4
7823,278,27,1
7824,278,69,1
7825,278,28,4
7826,278,30,4
7827,278,224,1
7828,278,31,2
7829,278,32,3
7830,278,33,4
7831,278,34,4
7832,278,36,3
7833,278,38,4
7834,278,39,3
7835,278,68,1
7836,278,41,1
7837,278,83,1
7838,278,29,1
7839,278,44,2
7840,278,167,1
7841,278,46,2
7842,278,39,1
7843,278,35,1
7844,278,48,4
7845,279,278,1
7846,279,20,1
7847,279,141,4
7848,279,195,1
7849,279,143,4
7850,279,49,3
7851,279,24,2
7852,279,144,5
7853,279,145,2
7854,279,97,2
7855,279,149,3
7856,279,268,4
7857,279,83,2
7858,279,198,3
7859,279,84,4
7860,279,33,1
7861,279,163,4
7862,279,139,1
7863,279,316,1
7864,279,222,2
7865,279,202,2
7866,279,182,4
7867,279,158,4
7868,279,92,2
7869,279,267,3
7870,279,269,1
7871,279,41,1
7872,279,154,3
7873,279,42,2
7874,279,279,1
7875,279,162,1
7876,279,220,1
7877,280,22,4
7878,280,169,1
7879,280,141,3
7880,280,143,4
7881,280,259,4
7882,280,144,1
7883,280,97,2
7884,280,260,4
7885,280,149,4
7886,280,261,4
7887,280,262,4
7888,280,26,2
7889,280,263,4
7890,280,264,4
7891,280,69,1
7892,280,30,4
7893,280,33,2
7894,280,265,2
7895,280,266,4
7896,280,236,2
7897,280,267,2
7898,280,268,1
7899,280,270,1
7900,280,105,2
7901,280,44,2
7902,280,158,3
7903,280,39,2
7904,280,36,2
7905,281,68,3
7906,281,120,3
7907,281,121,4
7908,281,23,14
7909,281,122,3
7910,281,26,4
7911,281,123,2
7912,281,124,4
7913,281,30,4
7914,281,125,3
7915,281,127,4
7916,281,35,2
7917,281,70,1
7918,281,128,4
7919,281,166,1
7920,281,129,4
7921,281,29,2
7922,281,43,3
7923,281,126,3
7924,281,45,2
7925,281,46,2
7926,281,130,2
7927,281,168,1
7928,282,68,2
7929,282,22,1
7930,282,120,2
7931,282,121,4
7932,282,23,2
7933,282,49,3
7934,282,0,3
7935,282,97,2
7936,282,52,3
7937,282,255,1
7938,282,246,1
7939,282,69,1
7940,282,124,3
7941,282,125,4
7942,282,36,1
7943,282,11,3
7944,282,200,4
7945,282,250,4
7946,282,57,2
7947,282,16,3
7948,282,65,2
7949,282,66,3
7950,282,39,1
7951,282,40,4
7952,282,128,1
7953,282,249,1
7954,282,217,2
7955,282,94,2
7956,282,105,2
7957,282,63,2
7958,282,46,2
7959,282,220,2
7960,282,130,2
7961,283,49,6
7962,283,24,2
7963,283,50,4
7964,283,51,4
7965,283,52,4
7966,283,326,4
7967,283,327,4
7968,283,211,4
7969,283,184,2
7970,283,138,1
7971,283,56,2
7972,283,11,4
7973,283,58,4
7974,283,16,1
7975,283,60,4
7976,283,65,2
7977,283,66,3
7978,283,353,1
7979,283,216,4
7980,283,138,1
7981,283,92,2
7982,283,249,1
7983,283,133,2
7984,283,329,2
7985,283,95,1
7986,283,63,1
7987,283,16,1
7988,283,46,2
7989,283,159,2
7990,284,22,2
7991,284,169,4
7992,284,205,1
7993,284,274,4
7994,284,306,1
7995,284,49,1
7996,284,254,1
7997,284,207,1
7998,284,51,2
7999,284,97,4
8000,284,52,4
8001,284,150,4
8002,284,208,4
8003,284,209,4
8004,284,33,2
8005,284,210,4
8006,284,211,3
8007,284,213,4
8008,284,36,4
8009,284,56,3
8010,284,216,3
8011,284,92,1
8012,284,41,1
8013,284,63,2
8014,284,16,3
8015,284,46,2
8016,284,65,2
8017,284,66,1
8018,284,39,2
8019,284,211,1
8020,285,21,1
8021,285,22,4
8022,285,169,4
8023,285,205,1
8024,285,274,4
8025,285,49,1
8026,285,206,1
8027,285,254,1
8028,285,51,2
8029,285,97,2
8030,285,52,4
8031,285,150,4
8032,285,208,4
8033,285,209,4
8034,285,210,4
8035,285,211,3
8036,285,213,4
8037,285,36,4
8038,285,56,4
8039,285,39,1
8040,285,216,4
8041,285,41,2
8042,285,94,1
8043,285,118,2
8044,285,16,2
8045,285,46,2
8046,285,66,3
8047,285,39,2
8048,285,211,1
8049,286,49,6
8050,286,24,3
8051,286,50,4
8052,286,51,4
8053,286,52,4
8054,286,104,2
8055,286,53,4
8056,286,54,4
8057,286,55,4
8058,286,56,1
8059,286,11,4
8060,286,57,1
8061,286,58,4
8062,286,59,1
8063,286,60,4
8064,286,40,4
8065,286,61,2
8066,286,62,4
8067,286,41,1
8068,286,63,2
8069,286,64,2
8070,286,16,2
8071,286,46,3
8072,286,65,2
8073,286,66,2
8074,286,67,1
8075,287,68,3
8076,287,120,4
8077,287,121,4
8078,287,23,14
8079,287,122,2
8080,287,26,4
8081,287,123,3
8082,287,124,3
8083,287,30,4
8084,287,125,3
8085,287,126,2
8086,287,127,4
8087,287,70,2
8088,287,128,4
8089,287,129,4
8090,287,43,4
8091,287,126,1
8092,287,45,3
8093,287,46,3
8094,287,130,4
8095,288,68,3
8096,288,120,3
8097,288,121,4
8098,288,23,14
8099,288,122,3
8100,288,26,4
8101,288,123,3
8102,288,124,4
8103,288,29,2
8104,288,30,4
8105,288,125,3
8106,288,127,4
8107,288,128,4
8108,288,166,1
8109,288,129,4
8110,288,29,1
8111,288,43,4
8112,288,126,3
8113,288,45,2
8114,288,167,1
8115,288,46,1
8116,288,130,3
8117,289,195,1
8118,289,76,4
8119,289,49,4
8120,289,24,2
8121,289,77,2
8122,289,78,1
8123,289,97,2
8124,289,79,4
8125,289,80,4
8126,289,389,2
8127,289,81,2
8128,289,82,3
8129,289,83,3
8130,289,84,4
8131,289,430,1
8132,289,85,4
8133,289,47,3
8134,289,139,1
8135,289,114,2
8136,289,88,2
8137,289,89,1
8138,289,65,1
8139,289,66,1
8140,289,331,1
8141,289,96,1
8142,289,91,4
8143,289,92,2
8144,289,218,2
8145,289,41,1
8146,289,99,1
8147,289,217,1
8148,289,14,1
8149,289,376,1
8150,289,95,1
8151,289,286,2
8152,289,46,1
8153,289,96,1
8154,289,220,1
8155,290,20,1
8156,290,49,6
8157,290,0,2
8158,290,24,1
8159,290,50,4
8160,290,51,4
8161,290,52,4
8162,290,183,4
8163,290,184,4
8164,290,185,4
8165,290,55,2
8166,290,186,4
8167,290,187,4
8168,290,221,2
8169,290,188,2
8170,290,66,2
8171,290,222,2
8172,290,189,4
8173,290,116,4
8174,290,92,2
8175,290,249,1
8176,290,41,1
8177,290,94,2
8178,290,33,1
8179,290,64,2
8180,290,16,2
8181,290,190,1
8182,290,46,1
8183,290,139,2
8184,291,20,1
8185,291,49,5
8186,291,0,2
8187,291,24,2
8188,291,50,4
8189,291,51,4
8190,291,52,4
8191,291,183,4
8192,291,184,3
8193,291,185,4
8194,291,55,3
8195,291,186,4
8196,291,187,4
8197,291,188,2
8198,291,66,1
8199,291,222,2
8200,291,189,4
8201,291,116,4
8202,291,62,3
8203,291,92,2
8204,291,41,1
8205,291,217,1
8206,291,94,2
8207,291,14,1
8208,291,221,2
8209,291,95,1
8210,291,33,2
8211,291,64,2
8212,291,46,1
8213,292,76,4
8214,292,24,3
8215,292,77,4
8216,292,79,10
8217,292,98,1
8218,292,80,4
8219,292,208,4
8220,292,237,3
8221,292,238,1
8222,292,212,4
8223,292,239,1
8224,292,114,2
8225,292,240,3
8226,292,241,3
8227,292,119,3
8228,292,88,3
8229,292,89,1
8230,292,40,2
8231,292,219,1
8232,292,216,3
8233,292,92,1
8234,292,242,2
8235,292,99,4
8236,292,119,1
8237,292,95,1
8238,292,385,3
8239,292,33,2
8240,292,88,1
8241,293,68,1
8242,293,22,1
8243,293,120,2
8244,293,121,4
8245,293,23,1
8246,293,49,3
8247,293,0,3
8248,293,97,3
8249,293,52,2
8250,293,255,1
8251,293,246,2
8252,293,25,2
8253,293,125,4
8254,293,33,1
8255,293,251,1
8256,293,35,1
8257,293,139,1
8258,293,36,1
8259,293,11,3
8260,293,200,4
8261,293,250,4
8262,293,57,1
8263,293,16,3
8264,293,65,1
8265,293,66,2
8266,293,39,2
8267,293,40,4
8268,293,222,2
8269,293,249,1
8270,293,41,2
8271,293,105,1
8272,293,63,1
8273,293,282,2
8274,293,16,1
8275,293,190,1
8276,293,46,2
8277,293,65,1
8278,293,35,2
8279,293,220,1
8280,294,49,6
8281,294,24,3
8282,294,50,4
8283,294,51,4
8284,294,52,4
8285,294,53,4
8286,294,54,4
8287,294,55,4
8288,294,56,1
8289,294,11,4
8290,294,57,2
8291,294,58,4
8292,294,59,2
8293,294,60,4
8294,294,40,4
8295,294,61,2
8296,294,62,4
8297,294,92,1
8298,294,41,1
8299,294,181,1
8300,294,63,2
8301,294,64,2
8302,294,16,1
8303,294,46,3
8304,294,65,1
8305,294,66,2
8306,294,67,1
8307,295,20,2
8308,295,49,6
8309,295,0,2
8310,295,50,4
8311,295,51,4
8312,295,52,4
8313,295,183,4
8314,295,184,4
8315,295,185,4
8316,295,55,4
8317,295,186,4
8318,295,187,4
8319,295,188,2
8320,295,189,4
8321,295,116,4
8322,295,62,4
8323,295,92,2
8324,295,41,2
8325,295,63,2
8326,295,16,2
8327,295,65,2
8328,295,66,2
8329,295,222,1
8330,295,139,2
8331,296,106,4
8332,296,107,4
8333,296,0,4
8334,296,24,4
8335,296,97,4
8336,296,79,2
8337,296,108,4
8338,296,109,4
8339,296,110,4
8340,296,111,4
8341,296,112,4
8342,296,113,4
8343,296,10,2
8344,296,114,2
8345,296,88,2
8346,296,115,4
8347,296,116,4
8348,296,231,2
8349,296,99,2
8350,296,63,2
8351,296,88,1
8352,296,89,2
8353,296,46,3
8354,296,18,3
8355,297,20,1
8356,297,49,6
8357,297,0,2
8358,297,24,1
8359,297,50,4
8360,297,51,4
8361,297,52,4
8362,297,183,4
8363,297,184,4
8364,297,185,4
8365,297,55,4
8366,297,186,4
8367,297,187,4
8368,297,188,2
8369,297,189,4
8370,297,116,4
8371,297,62,4
8372,297,92,2
8373,297,41,1
8374,297,188,1
8375,297,64,2
8376,297,137,1
8377,297,16,2
8378,297,190,1
8379,297,46,1
8380,297,66,2
8381,297,222,1
8382,297,139,1
8383,298,68,3
8384,298,120,3
8385,298,121,4
8386,298,23,14
8387,298,122,3
8388,298,26,4
8389,298,123,3
8390,298,124,4
8391,298,30,4
8392,298,125,3
8393,298,127,4
8394,298,70,2
8395,298,128,4
8396,298,166,1
8397,298,129,4
8398,298,43,3
8399,298,126,3
8400,298,45,2
8401,298,167,1
8402,298,46,2
8403,298,35,1
8404,298,130,2
8405,298,168,1
8406,299,305,4
8407,299,76,4
8408,299,142,1
8409,299,143,1
8410,299,49,4
8411,299,24,2
8412,299,78,3
8413,299,79,1
8414,299,80,4
8415,299,81,3
8416,299,83,3
8417,299,280,3
8418,299,84,4
8419,299,85,4
8420,299,391,3
8421,299,47,3
8422,299,114,2
8423,299,88,3
8424,299,89,2
8425,299,331,2
8426,299,91,4
8427,299,92,1
8428,299,117,1
8429,299,41,2
8430,299,99,2
8431,299,94,2
8432,299,46,2
8433,299,66,2
8434,299,220,2
8435,299,139,1
8436,300,76,4
8437,300,49,4
8438,300,24,4
8439,300,77,2
8440,300,78,2
8441,300,79,5
8442,300,80,4
8443,300,389,1
8444,300,81,3
8445,300,82,3
8446,300,83,3
8447,300,84,4
8448,300,375,2
8449,300,85,4
8450,300,47,4
8451,300,114,2
8452,300,87,1
8453,300,88,3
8454,300,89,1
8455,300,91,4
8456,300,92,2
8457,300,114,1
8458,300,218,1
8459,300,41,1
8460,300,119,2
8461,300,46,2
8462,300,39,2
8463,300,96,1
8464,300,220,1
8465,300,139,2
8466,301,68,3
8467,301,120,3
8468,301,121,4
8469,301,23,14
8470,301,122,3
8471,301,26,4
8472,301,123,1
8473,301,124,4
8474,301,30,4
8475,301,125,3
8476,301,126,1
8477,301,127,4
8478,301,35,1
8479,301,252,2
8480,301,128,4
8481,301,166,1
8482,301,129,4
8483,301,43,3
8484,301,126,3
8485,301,45,2
8486,301,167,2
8487,301,247,1
8488,301,46,1
8489,301,35,1
8490,301,130,2
8491,302,106,4
8492,302,107,4
8493,302,0,3
8494,302,24,4
8495,302,415,1
8496,302,97,4
8497,302,79,2
8498,302,108,4
8499,302,81,2
8500,302,109,4
8501,302,110,3
8502,302,111,4
8503,302,112,4
8504,302,113,4
8505,302,10,1
8506,302,114,2
8507,302,88,1
8508,302,115,4
8509,302,231,1
8510,302,116,4
8511,302,119,3
8512,302,232,4
8513,302,431,2
8514,302,233,2
8515,302,88,2
8516,302,89,2
8517,303,278,2
8518,303,141,4
8519,303,143,4
8520,303,49,3
8521,303,24,2
8522,303,144,5
8523,303,145,1
8524,303,97,4
8525,303,149,4
8526,303,268,4
8527,303,83,2
8528,303,84,4
8529,303,163,4
8530,303,267,2
8531,303,154,1
8532,303,157,2
8533,303,66,2
8534,303,202,2
8535,303,161,1
8536,303,182,4
8537,303,158,3
8538,303,202,1
8539,303,267,2
8540,303,269,1
8541,303,172,2
8542,303,41,2
8543,303,279,1
8544,303,162,2
8545,303,158,1
8546,303,47,2
8547,303,139,1
8548,304,20,1
8549,304,49,6
8550,304,0,2
8551,304,24,1
8552,304,50,4
8553,304,51,4
8554,304,52,4
8555,304,183,4
8556,304,184,4
8557,304,185,4
8558,304,55,2
8559,304,186,4
8560,304,187,4
8561,304,188,2
8562,304,66,2
8563,304,222,2
8564,304,189,4
8565,304,116,4
8566,304,62,2
8567,304,92,1
8568,304,249,1
8569,304,41,1
8570,304,217,1
8571,304,94,1
8572,304,95,1
8573,304,64,2
8574,304,16,1
8575,304,190,1
8576,304,46,1
8577,304,39,1
8578,304,130,2
8579,304,139,1
8580,305,20,1
8581,305,49,6
8582,305,0,2
8583,305,24,1
8584,305,50,4
8585,305,51,4
8586,305,52,4
8587,305,183,4
8588,305,184,4
8589,305,185,4
8590,305,55,4
8591,305,186,4
8592,305,187,4
8593,305,221,1
8594,305,188,1
8595,305,222,1
8596,305,189,4
8597,305,116,4
8598,305,62,3
8599,305,92,2
8600,305,249,1
8601,305,41,2
8602,305,94,1
8603,305,221,1
8604,305,95,1
8605,305,64,2
8606,305,16,1
8607,305,190,2
8608,305,65,1
8609,305,139,1
8610,306,49,6
8611,306,24,2
8612,306,50,4
8613,306,51,4
8614,306,52,4
8615,306,326,4
8616,306,327,4
8617,306,211,4
8618,306,184,3
8619,306,56,1
8620,306,11,4
8621,306,328,1
8622,306,57,1
8623,306,58,4
8624,306,60,4
8625,306,65,3
8626,306,66,3
8627,306,216,4
8628,306,138,1
8629,306,92,2
8630,306,249,2
8631,306,41,1
8632,306,133,1
8633,306,329,2
8634,306,95,1
8635,306,63,1
8636,306,46,2
8637,306,159,2
8638,307,49,6
8639,307,24,2
8640,307,50,4
8641,307,51,4
8642,307,52,4
8643,307,326,4
8644,307,327,4
8645,307,211,4
8646,307,184,2
8647,307,56,1
8648,307,11,4
8649,307,328,2
8650,307,57,1
8651,307,58,4
8652,307,60,4
8653,307,65,1
8654,307,66,3
8655,307,39,2
8656,307,216,4
8657,307,138,1
8658,307,92,2
8659,307,249,1
8660,307,133,1
8661,307,328,1
8662,307,329,2
8663,307,95,1
8664,307,63,2
8665,307,64,1
8666,307,46,2
8667,307,18,1
8668,308,0,20
8669,308,78,3
8670,308,2,4
8671,308,191,4
8672,308,4,4
8673,308,5,4
8674,308,7,1
8675,308,9,4
8676,308,18,2
8677,308,192,3
8678,308,11,4
8679,308,12,2
8680,308,16,2
8681,308,13,3
8682,308,14,2
8683,308,193,4
8684,308,16,2
8685,308,13,1
8686,308,17,2
8687,308,18,2
8688,308,178,2
8689,309,76,4
8690,309,24,2
8691,309,77,4
8692,309,79,11
8693,309,98,1
8694,309,80,4
8695,309,208,4
8696,309,237,3
8697,309,238,2
8698,309,394,1
8699,309,212,4
8700,309,239,1
8701,309,114,3
8702,309,240,2
8703,309,241,3
8704,309,119,2
8705,309,88,4
8706,309,40,3
8707,309,216,2
8708,309,92,1
8709,309,218,1
8710,309,41,1
8711,309,99,3
8712,309,238,1
8713,309,394,1
8714,309,89,2
8715,309,46,2
8716,309,219,1
8717,309,139,2
8718,310,76,4
8719,310,24,1
8720,310,77,4
8721,310,79,11
8722,310,98,2
8723,310,80,4
8724,310,208,4
8725,310,237,2
8726,310,238,2
8727,310,212,4
8728,310,239,1
8729,310,114,3
8730,310,240,3
8731,310,217,1
8732,310,241,3
8733,310,119,2
8734,310,88,4
8735,310,40,3
8736,310,216,2
8737,310,239,1
8738,310,99,4
8739,310,412,1
8740,310,14,1
8741,310,322,2
8742,310,243,1
8743,310,33,3
8744,310,89,1
8745,310,46,1
8746,311,20,2
8747,311,49,6
8748,311,0,2
8749,311,50,4
8750,311,51,4
8751,311,52,4
8752,311,183,4
8753,311,184,4
8754,311,185,4
8755,311,55,4
8756,311,186,4
8757,311,187,4
8758,311,188,2
8759,311,189,4
8760,311,116,4
8761,311,62,4
8762,311,92,2
8763,311,41,2
8764,311,63,2
8765,311,16,2
8766,311,65,2
8767,311,66,2
8768,311,222,1
8769,311,139,2
8770,312,68,3
8771,312,120,3
8772,312,121,4
8773,312,23,14
8774,312,122,3
8775,312,26,4
8776,312,164,1
8777,312,124,4
8778,312,30,4
8779,312,125,3
8780,312,126,2
8781,312,127,4
8782,312,35,2
8783,312,128,4
8784,312,166,1
8785,312,129,4
8786,312,29,2
8787,312,43,4
8788,312,126,2
8789,312,45,2
8790,312,167,1
8791,312,130,3
8792,312,168,1
8793,313,195,1
8794,313,76,4
8795,313,49,4
8796,313,24,2
8797,313,77,3
8798,313,78,2
8799,313,97,1
8800,313,79,4
8801,313,80,4
8802,313,81,2
8803,313,82,4
8804,313,83,3
8805,313,84,4
8806,313,277,1
8807,313,286,1
8808,313,85,4
8809,313,47,4
8810,313,114,1
8811,313,87,1
8812,313,88,3
8813,313,89,2
8814,313,66,1
8815,313,91,4
8816,313,92,2
8817,313,114,1
8818,313,218,2
8819,313,41,1
8820,313,99,2
8821,313,217,1
8822,313,95,1
8823,313,88,1
8824,313,46,1
8825,313,96,1
8826,313,220,1
8827,313,139,1
8828,314,49,5
8829,314,24,3
8830,314,50,4
8831,314,51,4
8832,314,52,4
8833,314,25,1
8834,314,53,4
8835,314,54,4
8836,314,55,4
8837,314,56,2
8838,314,11,4
8839,314,133,2
8840,314,58,4
8841,314,59,1
8842,314,60,4
8843,314,40,4
8844,314,61,2
8845,314,62,4
8846,314,92,2
8847,314,63,2
8848,314,64,3
8849,314,46,3
8850,314,65,1
8851,314,66,1
8852,314,67,2
8853,314,139,1
8854,315,278,2
8855,315,141,4
8856,315,143,4
8857,315,49,3
8858,315,24,2
8859,315,144,5
8860,315,145,1
8861,315,97,4
8862,315,149,4
8863,315,268,4
8864,315,83,2
8865,315,84,4
8866,315,163,4
8867,315,139,1
8868,315,267,2
8869,315,154,2
8870,315,157,1
8871,315,66,1
8872,315,222,1
8873,315,202,2
8874,315,182,4
8875,315,158,3
8876,315,202,1
8877,315,267,2
8878,315,269,1
8879,315,172,2
8880,315,41,1
8881,315,279,1
8882,315,162,1
8883,315,158,1
8884,315,46,2
8885,315,66,1
8886,315,47,2
8887,316,0,20
8888,316,78,3
8889,316,2,4
8890,316,191,4
8891,316,4,4
8892,316,5,3
8893,316,7,1
8894,316,9,4
8895,316,18,2
8896,316,10,1
8897,316,192,3
8898,316,11,4
8899,316,12,2
8900,316,16,2
8901,316,13,3
8902,316,14,2
8903,316,193,4
8904,316,16,2
8905,316,18,2
8906,316,178,2
8907,316,194,3
8908,317,21,4
8909,317,22,4
8910,317,23,6
8911,317,24,4
8912,317,25,4
8913,317,26,4
8914,317,27,1
8915,317,69,2
8916,317,28,4
8917,317,29,1
8918,317,30,4
8919,317,224,1
8920,317,31,2
8921,317,32,3
8922,317,33,4
8923,317,34,4
8924,317,36,1
8925,317,57,1
8926,317,38,4
8927,317,39,2
8928,317,56,2
8929,317,41,1
8930,317,384,1
8931,317,43,1
8932,317,167,1
8933,317,282,1
8934,317,75,1
8935,317,46,1
8936,317,39,2
8937,317,35,2
8938,317,48,1
8939,317,36,1
8940,318,76,4
8941,318,24,1
8942,318,77,4
8943,318,79,10
8944,318,98,2
8945,318,80,4
8946,318,208,4
8947,318,237,3
8948,318,238,1
8949,318,373,1
8950,318,212,4
8951,318,239,1
8952,318,114,2
8953,318,240,3
8954,318,241,3
8955,318,119,2
8956,318,88,4
8957,318,89,2
8958,318,40,2
8959,318,216,3
8960,318,92,1
8961,318,245,1
8962,318,99,4
8963,318,95,1
8964,318,285,1
8965,318,33,2
8966,318,89,1
8967,318,46,1
8968,318,96,1
8969,318,139,2
8970,319,68,3
8971,319,120,3
8972,319,121,4
8973,319,23,15
8974,319,122,2
8975,319,26,4
8976,319,123,3
8977,319,124,3
8978,319,30,4
8979,319,125,2
8980,319,127,4
8981,319,252,3
8982,319,315,2
8983,319,128,4
8984,319,129,4
8985,319,70,1
8986,319,166,1
8987,319,43,3
8988,319,126,2
8989,319,45,2
8990,319,46,3
8991,319,130,2
8992,319,168,1
8993,320,20,1
8994,320,49,6
8995,320,0,2
8996,320,24,1
8997,320,50,4
8998,320,51,4
8999,320,52,4
9000,320,183,4
9001,320,184,4
9002,320,185,4
9003,320,55,3
9004,320,186,4
9005,320,187,4
9006,320,188,2
9007,320,66,1
9008,320,222,1
9009,320,189,4
9010,320,116,4
9011,320,62,3
9012,320,92,2
9013,320,249,1
9014,320,41,1
9015,320,94,1
9016,320,95,1
9017,320,63,1
9018,320,33,1
9019,320,64,2
9020,320,16,1
9021,320,46,1
9022,320,65,1
9023,320,130,1
9024,320,139,1
9025,321,76,4
9026,321,49,3
9027,321,24,3
9028,321,77,2
9029,321,78,3
9030,321,97,2
9031,321,79,3
9032,321,80,4
9033,321,81,2
9034,321,83,4
9035,321,280,4
9036,321,84,4
9037,321,85,4
9038,321,47,4
9039,321,139,1
9040,321,114,2
9041,321,88,3
9042,321,89,2
9043,321,66,2
9044,321,91,4
9045,321,92,2
9046,321,218,2
9047,321,41,1
9048,321,99,2
9049,321,217,1
9050,321,88,1
9051,321,46,2
9052,321,66,1
9053,321,220,1
9054,321,432,2
9055,322,68,3
9056,322,120,3
9057,322,121,4
9058,322,23,14
9059,322,122,3
9060,322,26,4
9061,322,123,2
9062,322,124,4
9063,322,30,4
9064,322,125,3
9065,322,126,2
9066,322,127,4
9067,322,70,1
9068,322,128,4
9069,322,166,1
9070,322,129,4
9071,322,43,4
9072,322,126,2
9073,322,45,2
9074,322,340,2
9075,322,247,1
9076,322,46,2
9077,322,130,2
9078,323,20,1
9079,323,49,6
9080,323,0,2
9081,323,24,1
9082,323,50,4
9083,323,51,4
9084,323,52,4
9085,323,183,4
9086,323,184,4
9087,323,185,4
9088,323,55,4
9089,323,186,4
9090,323,187,4
9091,323,188,2
9092,323,189,4
9093,323,116,4
9094,323,137,1
9095,323,62,3
9096,323,92,2
9097,323,41,1
9098,323,63,1
9099,323,64,2
9100,323,16,1
9101,323,190,1
9102,323,46,1
9103,323,65,2
9104,323,66,1
9105,323,62,1
9106,323,222,1
9107,323,139,1
9108,324,20,1
9109,324,49,6
9110,324,0,2
9111,324,24,1
9112,324,50,4
9113,324,51,4
9114,324,52,4
9115,324,183,4
9116,324,184,4
9117,324,185,4
9118,324,55,4
9119,324,186,4
9120,324,187,4
9121,324,188,2
9122,324,222,1
9123,324,189,4
9124,324,116,4
9125,324,62,3
9126,324,92,2
9127,324,249,1
9128,324,41,2
9129,324,94,1
9130,324,221,1
9131,324,63,1
9132,324,64,2
9133,324,16,1
9134,324,190,1
9135,324,130,1
9136,324,139,2
9137,325,143,3
9138,325,170,2
9139,325,49,2
9140,325,24,2
9141,325,433,1
9142,325,51,4
9143,325,97,4
9144,325,52,3
9145,325,434,1
9146,325,435,4
9147,325,436,1
9148,325,54,4
9149,325,55,3
9150,325,11,4
9151,325,57,2
9152,325,58,4
9153,325,413,4
9154,325,60,4
9155,325,40,4
9156,325,62,4
9157,325,92,2
9158,325,200,1
9159,325,436,1
9160,325,41,1
9161,325,154,1
9162,325,162,2
9163,325,158,2
9164,325,65,2
9165,325,67,1
9166,325,130,2
9167,326,68,3
9168,326,120,3
9169,326,121,4
9170,326,23,14
9171,326,122,3
9172,326,26,4
9173,326,123,2
9174,326,124,4
9175,326,30,4
9176,326,125,3
9177,326,126,2
9178,326,127,4
9179,326,70,1
9180,326,128,4
9181,326,166,1
9182,326,129,4
9183,326,29,2
9184,326,43,4
9185,326,126,2
9186,326,45,2
9187,326,167,1
9188,326,46,2
9189,326,130,1
9190,326,168,1
9191,327,68,3
9192,327,120,3
9193,327,121,4
9194,327,23,14
9195,327,122,2
9196,327,26,4
9197,327,123,2
9198,327,124,4
9199,327,29,1
9200,327,30,4
9201,327,125,3
9202,327,126,2
9203,327,127,4
9204,327,70,1
9205,327,128,4
9206,327,166,1
9207,327,129,4
9208,327,29,1
9209,327,43,3
9210,327,126,1
9211,327,45,3
9212,327,167,1
9213,327,247,1
9214,327,46,1
9215,327,130,3
9216,327,168,1
9217,328,22,4
9218,328,169,1
9219,328,141,3
9220,328,143,3
9221,328,259,4
9222,328,144,1
9223,328,97,4
9224,328,260,4
9225,328,149,4
9226,328,261,2
9227,328,262,4
9228,328,263,4
9229,328,264,4
9230,328,69,2
9231,328,30,4
9232,328,33,1
9233,328,36,1
9234,328,265,2
9235,328,266,4
9236,328,158,4
9237,328,267,2
9238,328,268,1
9239,328,270,1
9240,328,271,1
9241,328,169,1
9242,328,41,1
9243,328,227,1
9244,328,44,2
9245,328,162,2
9246,328,39,1
9247,328,36,2
9248,329,278,2
9249,329,20,1
9250,329,141,4
9251,329,143,4
9252,329,49,3
9253,329,24,2
9254,329,144,5
9255,329,145,2
9256,329,97,2
9257,329,149,3
9258,329,268,4
9259,329,83,2
9260,329,198,3
9261,329,84,4
9262,329,33,1
9263,329,163,4
9264,329,139,1
9265,329,154,1
9266,329,222,2
9267,329,202,2
9268,329,182,4
9269,329,158,4
9270,329,92,2
9271,329,267,3
9272,329,41,2
9273,329,154,2
9274,329,42,1
9275,329,279,1
9276,329,162,2
9277,329,46,2
9278,330,49,5
9279,330,24,3
9280,330,50,4
9281,330,51,4
9282,330,52,4
9283,330,25,1
9284,330,104,2
9285,330,53,4
9286,330,54,4
9287,330,55,4
9288,330,11,4
9289,330,57,2
9290,330,58,4
9291,330,59,2
9292,330,60,4
9293,330,40,4
9294,330,61,1
9295,330,62,4
9296,330,92,2
9297,330,63,2
9298,330,64,2
9299,330,16,2
9300,330,46,2
9301,330,65,2
9302,330,67,2
9303,330,369,1
9304,331,76,4
9305,331,49,3
9306,331,24,4
9307,331,77,2
9308,331,78,3
9309,331,97,2
9310,331,79,3
9311,331,80,4
9312,331,81,3
9313,331,82,4
9314,331,83,4
9315,331,280,1
9316,331,84,4
9317,331,85,4
9318,331,47,1
9319,331,114,2
9320,331,87,2
9321,331,88,3
9322,331,89,2
9323,331,66,1
9324,331,91,4
9325,331,92,2
9326,331,114,1
9327,331,41,2
9328,331,94,1
9329,331,119,1
9330,331,88,1
9331,331,46,2
9332,331,66,1
9333,331,96,1
9334,331,220,1
9335,331,139,2
9336,332,0,18
9337,332,1,3
9338,332,78,3
9339,332,2,4
9340,332,318,4
9341,332,191,4
9342,332,4,4
9343,332,5,2
9344,332,9,4
9345,332,18,1
9346,332,10,1
9347,332,192,1
9348,332,11,4
9349,332,12,2
9350,332,16,2
9351,332,13,3
9352,332,193,4
9353,332,63,1
9354,332,16,2
9355,332,13,1
9356,332,46,2
9357,332,18,2
9358,332,178,3
9359,333,22,2
9360,333,169,4
9361,333,205,1
9362,333,49,1
9363,333,206,1
9364,333,254,1
9365,333,207,4
9366,333,51,2
9367,333,97,4
9368,333,52,4
9369,333,131,1
9370,333,150,4
9371,333,208,4
9372,333,209,4
9373,333,210,4
9374,333,211,3
9375,333,213,4
9376,333,36,4
9377,333,56,4
9378,333,216,4
9379,333,275,1
9380,333,41,2
9381,333,94,2
9382,333,14,1
9383,333,63,2
9384,333,16,3
9385,333,46,1
9386,333,66,2
9387,333,211,1
9388,334,22,3
9389,334,169,4
9390,334,205,1
9391,334,49,1
9392,334,206,1
9393,334,254,1
9394,334,207,4
9395,334,51,2
9396,334,97,4
9397,334,52,4
9398,334,150,4
9399,334,208,4
9400,334,209,4
9401,334,210,3
9402,334,211,3
9403,334,213,4
9404,334,36,4
9405,334,56,3
9406,334,118,2
9407,334,16,3
9408,334,216,1
9409,334,249,1
9410,334,275,1
9411,334,41,2
9412,334,94,1
9413,334,63,2
9414,334,74,1
9415,334,46,2
9416,334,66,2
9417,334,39,1
9418,334,220,1
9419,334,214,1
9420,335,20,1
9421,335,49,7
9422,335,0,2
9423,335,50,4
9424,335,51,4
9425,335,52,4
9426,335,183,4
9427,335,184,4
9428,335,185,4
9429,335,55,4
9430,335,186,4
9431,335,187,4
9432,335,188,2
9433,335,189,4
9434,335,116,4
9435,335,62,4
9436,335,92,2
9437,335,41,2
9438,335,221,1
9439,335,63,1
9440,335,64,1
9441,335,137,1
9442,335,16,1
9443,335,65,2
9444,335,66,2
9445,335,139,2
9446,336,106,4
9447,336,107,4
9448,336,0,4
9449,336,24,3
9450,336,415,1
9451,336,97,4
9452,336,79,2
9453,336,108,4
9454,336,109,4
9455,336,110,3
9456,336,111,4
9457,336,112,4
9458,336,113,4
9459,336,10,2
9460,336,114,2
9461,336,88,3
9462,336,115,4
9463,336,116,4
9464,336,231,2
9465,336,99,2
9466,336,63,3
9467,336,89,2
9468,336,46,3
9469,336,18,3
9470,337,68,3
9471,337,359,1
9472,337,120,4
9473,337,121,4
9474,337,23,14
9475,337,26,4
9476,337,123,2
9477,337,124,4
9478,337,29,1
9479,337,30,4
9480,337,125,3
9481,337,126,1
9482,337,127,4
9483,337,70,2
9484,337,165,1
9485,337,128,4
9486,337,129,4
9487,337,70,1
9488,337,29,2
9489,337,43,4
9490,337,126,2
9491,337,45,1
9492,337,437,1
9493,337,130,3
9494,337,168,1
9495,338,68,3
9496,338,120,3
9497,338,121,4
9498,338,23,14
9499,338,122,3
9500,338,26,4
9501,338,124,4
9502,338,29,1
9503,338,30,4
9504,338,125,4
9505,338,127,4
9506,338,35,1
9507,338,252,2
9508,338,128,4
9509,338,166,1
9510,338,129,4
9511,338,368,3
9512,338,126,3
9513,338,45,2
9514,338,167,1
9515,338,46,2
9516,338,35,1
9517,338,130,3
9518,339,278,2
9519,339,141,4
9520,339,143,4
9521,339,49,3
9522,339,24,2
9523,339,144,5
9524,339,145,1
9525,339,97,4
9526,339,149,4
9527,339,268,4
9528,339,83,2
9529,339,84,4
9530,339,163,4
9531,339,267,2
9532,339,154,1
9533,339,157,2
9534,339,66,2
9535,339,202,2
9536,339,161,1
9537,339,182,4
9538,339,158,3
9539,339,202,1
9540,339,267,2
9541,339,41,2
9542,339,42,2
9543,339,279,1
9544,339,162,1
9545,339,158,1
9546,339,46,2
9547,339,47,2
9548,339,139,1
9549,340,22,2
9550,340,169,4
9551,340,205,1
9552,340,274,1
9553,340,23,1
9554,340,49,1
9555,340,0,1
9556,340,206,1
9557,340,254,1
9558,340,207,4
9559,340,97,4
9560,340,52,4
9561,340,150,4
9562,340,275,1
9563,340,208,3
9564,340,209,3
9565,340,210,4
9566,340,211,4
9567,340,213,4
9568,340,36,4
9569,340,56,3
9570,340,118,2
9571,340,216,3
9572,340,138,1
9573,340,269,2
9574,340,208,1
9575,340,84,1
9576,340,95,1
9577,340,206,1
9578,340,63,2
9579,340,16,2
9580,340,46,1
9581,340,39,3
9582,341,76,4
9583,341,24,1
9584,341,77,4
9585,341,79,11
9586,341,98,2
9587,341,80,4
9588,341,208,4
9589,341,237,3
9590,341,238,1
9591,341,212,4
9592,341,139,1
9593,341,114,4
9594,341,240,3
9595,341,241,2
9596,341,119,2
9597,341,88,4
9598,341,40,4
9599,341,216,2
9600,341,92,2
9601,341,99,4
9602,341,94,2
9603,341,238,1
9604,341,33,3
9605,341,89,1
9606,341,46,2
9607,342,49,5
9608,342,24,3
9609,342,50,4
9610,342,51,4
9611,342,52,4
9612,342,25,1
9613,342,104,2
9614,342,53,4
9615,342,54,4
9616,342,55,4
9617,342,56,1
9618,342,11,4
9619,342,57,1
9620,342,58,4
9621,342,59,1
9622,342,60,4
9623,342,40,4
9624,342,61,2
9625,342,62,4
9626,342,138,1
9627,342,92,2
9628,342,64,3
9629,342,16,2
9630,342,46,1
9631,342,65,2
9632,342,67,2
9633,342,130,1
9634,342,369,1
9635,343,169,2
9636,343,205,1
9637,343,170,4
9638,343,171,2
9639,343,0,3
9640,343,24,3
9641,343,144,1
9642,343,147,4
9643,343,148,4
9644,343,172,4
9645,343,4,4
9646,343,174,4
9647,343,175,4
9648,343,9,4
9649,343,176,3
9650,343,177,2
9651,343,163,4
9652,343,11,4
9653,343,154,2
9654,343,362,1
9655,343,267,1
9656,343,180,1
9657,343,154,1
9658,343,227,2
9659,343,63,2
9660,343,279,2
9661,343,162,2
9662,343,16,1
9663,343,178,3
9664,344,169,2
9665,344,332,2
9666,344,76,4
9667,344,49,3
9668,344,171,1
9669,344,206,1
9670,344,77,4
9671,344,79,3
9672,344,98,2
9673,344,80,4
9674,344,333,2
9675,344,224,3
9676,344,334,4
9677,344,114,3
9678,344,335,4
9679,344,240,1
9680,344,336,4
9681,344,66,2
9682,344,222,3
9683,344,298,4
9684,344,304,4
9685,344,92,2
9686,344,218,1
9687,344,99,2
9688,344,94,2
9689,344,95,1
9690,344,46,2
9691,344,228,1
9692,344,96,1
9693,344,47,2
9694,344,139,1
9695,345,20,1
9696,345,49,6
9697,345,0,2
9698,345,24,1
9699,345,50,4
9700,345,51,4
9701,345,52,4
9702,345,183,4
9703,345,184,4
9704,345,185,4
9705,345,55,3
9706,345,186,4
9707,345,187,4
9708,345,188,2
9709,345,66,1
9710,345,222,1
9711,345,189,4
9712,345,116,4
9713,345,62,3
9714,345,92,2
9715,345,41,1
9716,345,217,1
9717,345,94,1
9718,345,33,1
9719,345,64,2
9720,345,16,2
9721,345,190,1
9722,345,46,1
9723,345,65,1
9724,345,130,1
9725,345,139,1
9726,346,20,2
9727,346,49,6
9728,346,0,2
9729,346,50,4
9730,346,51,4
9731,346,52,4
9732,346,183,4
9733,346,184,4
9734,346,185,4
9735,346,55,4
9736,346,186,4
9737,346,187,4
9738,346,188,2
9739,346,189,4
9740,346,116,4
9741,346,62,4
9742,346,92,2
9743,346,249,1
9744,346,41,1
9745,346,134,1
9746,346,63,1
9747,346,64,2
9748,346,16,1
9749,346,46,1
9750,346,65,2
9751,346,222,1
9752,346,139,2
9753,347,68,3
9754,347,120,3
9755,347,121,4
9756,347,23,14
9757,347,122,3
9758,347,26,4
9759,347,123,2
9760,347,124,4
9761,347,30,4
9762,347,125,3
9763,347,126,2
9764,347,127,4
9765,347,70,2
9766,347,128,4
9767,347,129,4
9768,347,43,4
9769,347,126,1
9770,347,45,4
9771,347,46,3
9772,347,130,3
9773,348,68,3
9774,348,120,3
9775,348,121,4
9776,348,23,14
9777,348,122,3
9778,348,26,4
9779,348,123,2
9780,348,124,4
9781,348,29,2
9782,348,30,4
9783,348,125,3
9784,348,127,4
9785,348,70,1
9786,348,128,4
9787,348,166,1
9788,348,129,4
9789,348,29,2
9790,348,43,4
9791,348,126,4
9792,348,45,2
9793,348,167,1
9794,348,130,1
9795,348,168,1
9796,349,106,4
9797,349,107,4
9798,349,24,4
9799,349,415,1
9800,349,97,4
9801,349,52,2
9802,349,79,1
9803,349,80,2
9804,349,108,4
9805,349,438,2
9806,349,109,4
9807,349,110,3
9808,349,111,4
9809,349,112,4
9810,349,113,4
9811,349,114,2
9812,349,88,3
9813,349,115,4
9814,349,116,4
9815,349,99,2
9816,349,63,3
9817,349,33,3
9818,349,89,2
9819,349,46,1
9820,349,96,2
9821,349,439,2
9822,350,68,2
9823,350,22,1
9824,350,120,3
9825,350,121,4
9826,350,23,2
9827,350,49,3
9828,350,0,3
9829,350,97,3
9830,350,52,2
9831,350,255,1
9832,350,246,1
9833,350,124,3
9834,350,125,4
9835,350,247,1
9836,350,36,1
9837,350,248,2
9838,350,11,3
9839,350,200,4
9840,350,217,2
9841,350,250,4
9842,350,16,2
9843,350,65,1
9844,350,66,2
9845,350,39,1
9846,350,40,4
9847,350,128,1
9848,350,249,1
9849,350,276,1
9850,350,14,1
9851,350,105,1
9852,350,57,1
9853,350,29,1
9854,350,277,2
9855,350,63,2
9856,350,247,1
9857,350,46,1
9858,350,65,1
9859,350,35,1
9860,350,139,1
9861,351,169,2
9862,351,170,4
9863,351,171,4
9864,351,0,2
9865,351,24,4
9866,351,147,4
9867,351,148,4
9868,351,172,4
9869,351,173,3
9870,351,174,4
9871,351,175,4
9872,351,9,4
9873,351,176,4
9874,351,177,2
9875,351,163,4
9876,351,11,4
9877,351,154,2
9878,351,362,1
9879,351,160,3
9880,351,154,1
9881,351,63,2
9882,351,279,3
9883,351,162,3
9884,351,362,1
9885,351,178,2
9886,352,68,3
9887,352,120,3
9888,352,121,4
9889,352,23,14
9890,352,122,3
9891,352,26,4
9892,352,123,2
9893,352,124,4
9894,352,30,4
9895,352,125,3
9896,352,126,2
9897,352,127,4
9898,352,70,1
9899,352,128,4
9900,352,166,1
9901,352,129,4
9902,352,43,4
9903,352,126,1
9904,352,45,3
9905,352,46,3
9906,352,130,4
9907,353,278,2
9908,353,141,4
9909,353,143,4
9910,353,49,3
9911,353,24,2
9912,353,144,5
9913,353,145,1
9914,353,97,4
9915,353,149,4
9916,353,268,4
9917,353,83,2
9918,353,84,4
9919,353,163,4
9920,353,267,2
9921,353,154,1
9922,353,157,2
9923,353,66,2
9924,353,202,2
9925,353,161,1
9926,353,182,4
9927,353,158,3
9928,353,267,2
9929,353,172,1
9930,353,41,2
9931,353,42,2
9932,353,279,1
9933,353,162,1
9934,353,158,1
9935,353,46,2
9936,353,47,2
9937,353,139,1
9938,354,68,3
9939,354,120,3
9940,354,121,4
9941,354,23,14
9942,354,122,3
9943,354,26,4
9944,354,164,1
9945,354,123,2
9946,354,124,4
9947,354,30,4
9948,354,125,3
9949,354,126,1
9950,354,127,4
9951,354,70,1
9952,354,128,4
9953,354,166,1
9954,354,129,4
9955,354,43,4
9956,354,126,2
9957,354,45,3
9958,354,167,1
9959,354,46,1
9960,354,130,3
9961,354,168,1
9962,355,195,1
9963,355,76,4
9964,355,49,4
9965,355,24,3
9966,355,77,2
9967,355,78,1
9968,355,97,1
9969,355,79,4
9970,355,80,4
9971,355,352,4
9972,355,81,2
9973,355,82,3
9974,355,83,4
9975,355,280,1
9976,355,84,2
9977,355,85,3
9978,355,47,3
9979,355,139,1
9980,355,114,2
9981,355,87,1
9982,355,88,2
9983,355,89,2
9984,355,66,2
9985,355,91,4
9986,355,92,2
9987,355,218,2
9988,355,41,2
9989,355,99,2
9990,355,440,1
9991,355,14,1
9992,355,376,1
9993,355,46,1
9994,355,220,1
9995,355,90,1
9996,355,432,1
9997,356,20,1
9998,356,49,6
9999,356,0,2
10000,356,24,1
10001,356,50,4
10002,356,51,4
10003,356,52,4
10004,356,183,4
10005,356,184,4
10006,356,185,4
10007,356,55,3
10008,356,186,4
10009,356,187,4
10010,356,188,2
10011,356,66,1
10012,356,222,1
10013,356,189,4
10014,356,116,4
10015,356,62,3
10016,356,92,2
10017,356,41,2
10018,356,94,1
10019,356,33,1
10020,356,64,2
10021,356,16,2
10022,356,190,2
10023,356,65,1
10024,356,139,2
10025,357,68,3
10026,357,120,3
10027,357,121,4
10028,357,23,14
10029,357,122,3
10030,357,26,4
10031,357,164,1
10032,357,123,3
10033,357,124,4
10034,357,30,4
10035,357,125,3
10036,357,127,4
10037,357,70,2
10038,357,128,4
10039,357,129,4
10040,357,43,4
10041,357,126,3
10042,357,45,3
10043,357,167,1
10044,357,130,3
10045,357,168,1
10046,358,76,4
10047,358,24,2
10048,358,77,4
10049,358,79,11
10050,358,98,1
10051,358,80,4
10052,358,208,4
10053,358,237,3
10054,358,238,2
10055,358,212,4
10056,358,239,1
10057,358,114,3
10058,358,240,3
10059,358,241,3
10060,358,119,2
10061,358,88,4
10062,358,40,3
10063,358,216,2
10064,358,242,1
10065,358,99,4
10066,358,238,1
10067,358,95,1
10068,358,243,1
10069,358,33,3
10070,358,244,1
10071,358,89,2
10072,358,46,1
10073,359,76,4
10074,359,49,5
10075,359,24,3
10076,359,77,2
10077,359,78,3
10078,359,79,4
10079,359,80,4
10080,359,81,2
10081,359,82,4
10082,359,83,4
10083,359,280,1
10084,359,84,4
10085,359,85,4
10086,359,47,4
10087,359,114,2
10088,359,87,1
10089,359,88,2
10090,359,89,2
10091,359,66,1
10092,359,91,4
10093,359,92,3
10094,359,41,1
10095,359,99,2
10096,359,217,1
10097,359,88,2
10098,359,89,1
10099,359,46,2
10100,359,96,1
10101,359,219,1
10102,359,220,1
10103,360,20,1
10104,360,49,5
10105,360,0,3
10106,360,24,1
10107,360,50,4
10108,360,51,4
10109,360,52,4
10110,360,183,4
10111,360,184,4
10112,360,185,4
10113,360,186,4
10114,360,187,4
10115,360,221,2
10116,360,188,3
10117,360,66,2
10118,360,222,2
10119,360,189,4
10120,360,116,4
10121,360,46,1
10122,360,92,1
10123,360,249,2
10124,360,94,1
10125,360,277,1
10126,360,95,1
10127,360,33,1
10128,360,64,2
10129,360,16,2
10130,360,46,2
10131,360,65,1
10132,360,139,1
10133,361,49,6
10134,361,24,2
10135,361,50,4
10136,361,51,4
10137,361,52,4
10138,361,326,4
10139,361,327,4
10140,361,211,4
10141,361,184,2
10142,361,56,1
10143,361,249,1
10144,361,11,4
10145,361,328,1
10146,361,57,1
10147,361,58,4
10148,361,60,4
10149,361,65,1
10150,361,66,3
10151,361,39,2
10152,361,216,4
10153,361,138,1
10154,361,92,2
10155,361,41,1
10156,361,94,1
10157,361,133,1
10158,361,328,1
10159,361,329,2
10160,361,95,1
10161,361,63,2
10162,361,64,1
10163,361,46,2
10164,362,68,3
10165,362,120,3
10166,362,121,4
10167,362,23,14
10168,362,122,2
10169,362,26,4
10170,362,164,1
10171,362,124,4
10172,362,30,4
10173,362,125,4
10174,362,127,4
10175,362,70,1
10176,362,252,3
10177,362,128,4
10178,362,166,1
10179,362,129,4
10180,362,43,4
10181,362,126,3
10182,362,45,2
10183,362,167,1
10184,362,247,1
10185,362,46,2
10186,362,130,2
10187,363,0,20
10188,363,78,4
10189,363,2,4
10190,363,191,4
10191,363,4,4
10192,363,9,4
10193,363,18,4
10194,363,10,2
10195,363,192,3
10196,363,11,4
10197,363,12,2
10198,363,16,2
10199,363,13,3
10200,363,361,1
10201,363,14,2
10202,363,193,4
10203,363,16,2
10204,363,46,1
10205,363,178,2
10206,363,194,3
10207,364,21,4
10208,364,22,4
10209,364,23,6
10210,364,24,4
10211,364,25,4
10212,364,26,4
10213,364,27,1
10214,364,69,2
10215,364,28,4
10216,364,29,1
10217,364,30,4
10218,364,224,1
10219,364,31,2
10220,364,32,2
10221,364,33,4
10222,364,73,1
10223,364,34,4
10224,364,38,4
10225,364,39,2
10226,364,44,2
10227,364,68,1
10228,364,41,1
10229,364,105,2
10230,364,57,1
10231,364,29,1
10232,364,73,1
10233,364,46,1
10234,364,39,1
10235,364,35,2
10236,364,48,3
10237,364,168,1
10238,365,76,4
10239,365,24,2
10240,365,77,4
10241,365,79,11
10242,365,98,1
10243,365,80,4
10244,365,208,4
10245,365,237,3
10246,365,238,2
10247,365,212,4
10248,365,239,1
10249,365,114,3
10250,365,240,3
10251,365,241,3
10252,365,119,2
10253,365,88,4
10254,365,40,3
10255,365,216,2
10256,365,242,1
10257,365,99,4
10258,365,14,1
10259,365,238,1
10260,365,95,1
10261,365,243,2
10262,365,33,3
10263,365,89,2
10264,366,76,4
10265,366,24,2
10266,366,77,4
10267,366,79,11
10268,366,98,1
10269,366,80,4
10270,366,208,4
10271,366,237,3
10272,366,238,3
10273,366,212,4
10274,366,239,1
10275,366,114,3
10276,366,240,2
10277,366,241,3
10278,366,119,2
10279,366,88,4
10280,366,40,3
10281,366,216,2
10282,366,242,1
10283,366,99,4
10284,366,95,1
10285,366,243,1
10286,366,33,3
10287,366,89,2
10288,366,46,2
10289,366,130,1
10290,367,169,4
10291,367,274,2
10292,367,23,1
10293,367,24,1
10294,367,441,1
10295,367,288,4
10296,367,206,1
10297,367,442,2
10298,367,77,1
10299,367,207,2
10300,367,97,4
10301,367,255,1
10302,367,79,1
10303,367,269,2
10304,367,208,4
10305,367,209,3
10306,367,210,4
10307,367,247,1
10308,367,211,3
10309,367,213,4
10310,367,36,4
10311,367,88,2
10312,367,315,1
10313,367,89,1
10314,367,443,2
10315,367,421,3
10316,367,392,1
10317,367,269,1
10318,367,275,2
10319,367,400,2
10320,367,119,2
10321,367,89,1
10322,367,46,2
10323,367,211,1
10324,367,130,2
10325,367,351,2
10326,368,278,2
10327,368,141,4
10328,368,143,4
10329,368,49,3
10330,368,24,2
10331,368,144,5
10332,368,145,1
10333,368,97,4
10334,368,149,4
10335,368,268,4
10336,368,83,2
10337,368,84,4
10338,368,163,4
10339,368,267,2
10340,368,154,1
10341,368,157,2
10342,368,66,2
10343,368,202,2
10344,368,161,1
10345,368,182,4
10346,368,158,3
10347,368,202,1
10348,368,267,2
10349,368,41,2
10350,368,83,1
10351,368,42,2
10352,368,279,1
10353,368,158,1
10354,368,46,2
10355,368,47,2
10356,368,139,1
10357,369,278,2
10358,369,169,2
10359,369,141,4
10360,369,143,4
10361,369,49,3
10362,369,144,3
10363,369,145,3
10364,369,97,4
10365,369,149,4
10366,369,268,4
10367,369,83,3
10368,369,84,4
10369,369,227,1
10370,369,47,1
10371,369,163,4
10372,369,267,2
10373,369,316,1
10374,369,444,1
10375,369,39,1
10376,369,202,1
10377,369,182,4
10378,369,158,3
10379,369,445,1
10380,369,267,1
10381,369,41,1
10382,369,94,1
10383,369,42,2
10384,369,227,1
10385,369,279,1
10386,369,162,1
10387,369,65,2
10388,369,66,2
10389,369,39,1
10390,369,47,1
10391,369,139,1
10392,370,278,2
10393,370,141,4
10394,370,143,4
10395,370,49,3
10396,370,24,1
10397,370,144,5
10398,370,145,2
10399,370,97,4
10400,370,149,4
10401,370,268,4
10402,370,83,3
10403,370,84,4
10404,370,227,1
10405,370,47,1
10406,370,163,4
10407,370,267,2
10408,370,154,2
10409,370,444,1
10410,370,202,1
10411,370,161,1
10412,370,182,4
10413,370,158,2
10414,370,445,1
10415,370,202,1
10416,370,267,1
10417,370,271,2
10418,370,41,1
10419,370,42,2
10420,370,162,1
10421,370,158,1
10422,370,46,2
10423,370,66,2
10424,370,47,1
10425,370,139,1
10426,371,169,3
10427,371,140,2
10428,371,170,4
10429,371,171,3
10430,371,0,4
10431,371,147,4
10432,371,148,4
10433,371,172,2
10434,371,173,2
10435,371,227,2
10436,371,174,3
10437,371,175,4
10438,371,9,4
10439,371,176,4
10440,371,17,2
10441,371,177,3
10442,371,163,4
10443,371,11,4
10444,371,154,2
10445,371,179,2
10446,371,154,2
10447,371,14,1
10448,371,63,3
10449,371,279,2
10450,371,162,3
10451,371,300,2
10452,372,76,4
10453,372,49,5
10454,372,24,3
10455,372,77,2
10456,372,78,3
10457,372,79,4
10458,372,80,4
10459,372,81,2
10460,372,82,4
10461,372,83,4
10462,372,280,1
10463,372,84,4
10464,372,85,4
10465,372,47,4
10466,372,114,2
10467,372,87,1
10468,372,88,2
10469,372,89,2
10470,372,66,1
10471,372,91,4
10472,372,92,3
10473,372,41,1
10474,372,99,2
10475,372,217,1
10476,372,88,2
10477,372,89,1
10478,372,46,2
10479,372,96,1
10480,372,220,1
10481,372,139,1
10482,373,195,1
10483,373,76,4
10484,373,49,2
10485,373,24,1
10486,373,77,2
10487,373,97,4
10488,373,79,6
10489,373,80,4
10490,373,83,4
10491,373,446,4
10492,373,280,1
10493,373,84,4
10494,373,85,4
10495,373,47,4
10496,373,139,1
10497,373,114,1
10498,373,87,2
10499,373,88,4
10500,373,89,2
10501,373,39,1
10502,373,91,4
10503,373,92,4
10504,373,114,1
10505,373,218,1
10506,373,14,1
10507,373,89,1
10508,373,46,1
10509,373,39,3
10510,373,219,2
10511,373,220,1
10512,374,76,4
10513,374,49,5
10514,374,24,2
10515,374,77,2
10516,374,78,2
10517,374,79,5
10518,374,80,4
10519,374,389,1
10520,374,81,2
10521,374,82,4
10522,374,83,3
10523,374,280,3
10524,374,84,4
10525,374,85,1
10526,374,47,3
10527,374,114,2
10528,374,87,1
10529,374,88,3
10530,374,89,2
10531,374,66,2
10532,374,91,4
10533,374,447,1
10534,374,92,1
10535,374,114,1
10536,374,218,1
10537,374,41,1
10538,374,99,2
10539,374,14,1
10540,374,95,2
10541,374,39,1
10542,374,96,2
10543,374,219,1
10544,374,220,2
10545,375,68,2
10546,375,120,4
10547,375,121,4
10548,375,23,11
10549,375,0,1
10550,375,255,4
10551,375,123,2
10552,375,124,4
10553,375,30,4
10554,375,125,4
10555,375,127,4
10556,375,252,2
10557,375,250,3
10558,375,315,3
10559,375,128,4
10560,375,129,4
10561,375,45,3
10562,375,63,3
10563,375,16,3
10564,375,46,2
10565,375,130,3
10566,375,168,1
10567,376,68,2
10568,376,120,4
10569,376,121,4
10570,376,23,10
10571,376,0,2
10572,376,255,4
10573,376,26,4
10574,376,123,3
10575,376,124,4
10576,376,30,4
10577,376,125,4
10578,376,213,2
10579,376,250,4
10580,376,315,3
10581,376,128,4
10582,376,129,3
10583,376,45,3
10584,376,63,3
10585,376,16,2
10586,376,46,3
10587,376,130,2
10588,376,168,2
10589,377,68,3
10590,377,120,3
10591,377,121,4
10592,377,23,14
10593,377,122,3
10594,377,26,4
10595,377,164,1
10596,377,123,3
10597,377,124,4
10598,377,30,4
10599,377,125,3
10600,377,127,4
10601,377,70,1
10602,377,128,4
10603,377,166,1
10604,377,129,4
10605,377,43,4
10606,377,126,2
10607,377,45,2
10608,377,167,1
10609,377,46,2
10610,377,130,2
10611,377,168,2
10612,378,106,4
10613,378,107,4
10614,378,0,3
10615,378,24,4
10616,378,415,1
10617,378,97,4
10618,378,79,3
10619,378,108,4
10620,378,109,4
10621,378,110,3
10622,378,111,4
10623,378,112,4
10624,378,113,4
10625,378,10,2
10626,378,114,2
10627,378,88,2
10628,378,115,4
10629,378,116,4
10630,378,231,2
10631,378,99,2
10632,378,63,2
10633,378,88,1
10634,378,89,2
10635,378,46,3
10636,378,18,3
10637,379,21,4
10638,379,22,4
10639,379,23,6
10640,379,24,4
10641,379,25,4
10642,379,26,4
10643,379,27,1
10644,379,69,2
10645,379,28,4
10646,379,29,1
10647,379,30,4
10648,379,224,1
10649,379,31,2
10650,379,32,2
10651,379,33,4
10652,379,34,4
10653,379,36,1
10654,379,38,4
10655,379,39,4
10656,379,68,1
10657,379,41,1
10658,379,42,1
10659,379,57,1
10660,379,29,1
10661,379,44,1
10662,379,73,1
10663,379,74,1
10664,379,46,2
10665,379,35,1
10666,379,47,1
10667,379,48,3
10668,380,76,4
10669,380,24,2
10670,380,77,4
10671,380,79,11
10672,380,98,1
10673,380,80,4
10674,380,208,4
10675,380,237,3
10676,380,238,2
10677,380,212,4
10678,380,239,1
10679,380,114,2
10680,380,242,1
10681,380,240,2
10682,380,241,3
10683,380,119,2
10684,380,88,3
10685,380,89,2
10686,380,40,3
10687,380,216,2
10688,380,242,1
10689,380,99,3
10690,380,94,2
10691,380,95,1
10692,380,394,2
10693,380,33,2
10694,380,88,1
10695,380,89,1
10696,380,46,1
10697,380,96,1
10698,381,76,4
10699,381,24,2
10700,381,77,4
10701,381,79,11
10702,381,98,1
10703,381,80,4
10704,381,208,4
10705,381,237,3
10706,381,238,2
10707,381,212,4
10708,381,114,2
10709,381,240,3
10710,381,241,3
10711,381,119,3
10712,381,88,3
10713,381,89,2
10714,381,40,2
10715,381,216,3
10716,381,92,2
10717,381,245,2
10718,381,99,4
10719,381,33,2
10720,381,88,1
10721,381,89,1
10722,381,46,1
10723,381,219,1
10724,381,130,1
10725,382,76,4
10726,382,24,2
10727,382,77,4
10728,382,79,11
10729,382,98,1
10730,382,80,4
10731,382,208,4
10732,382,237,2
10733,382,238,2
10734,382,224,1
10735,382,33,1
10736,382,212,4
10737,382,114,3
10738,382,240,2
10739,382,99,2
10740,382,241,2
10741,382,243,1
10742,382,88,3
10743,382,89,2
10744,382,40,3
10745,382,216,2
10746,382,242,1
10747,382,240,1
10748,382,99,2
10749,382,119,2
10750,382,95,2
10751,382,385,1
10752,382,33,2
10753,382,88,1
10754,382,89,1
10755,382,46,2
10756,383,22,2
10757,383,169,4
10758,383,205,1
10759,383,274,1
10760,383,49,1
10761,383,206,1
10762,383,254,1
10763,383,207,4
10764,383,51,2
10765,383,97,4
10766,383,52,4
10767,383,150,4
10768,383,208,4
10769,383,209,4
10770,383,210,4
10771,383,211,3
10772,383,213,4
10773,383,36,4
10774,383,56,3
10775,383,39,1
10776,383,40,2
10777,383,216,2
10778,383,41,2
10779,383,94,1
10780,383,63,2
10781,383,74,1
10782,383,16,2
10783,383,46,2
10784,383,66,2
10785,383,211,1
10786,383,220,1
10787,383,214,1
10788,384,21,2
10789,384,22,4
10790,384,23,4
10791,384,259,4
10792,384,24,4
10793,384,97,4
10794,384,26,4
10795,384,234,1
10796,384,27,1
10797,384,69,3
10798,384,28,4
10799,384,30,4
10800,384,31,3
10801,384,32,2
10802,384,33,4
10803,384,34,4
10804,384,212,1
10805,384,38,4
10806,384,39,2
10807,384,236,1
10808,384,56,2
10809,384,383,1
10810,384,41,1
10811,384,160,1
10812,384,29,1
10813,384,44,1
10814,384,32,2
10815,384,162,2
10816,384,39,2
10817,384,48,1
10818,384,36,1
10819,385,76,4
10820,385,24,2
10821,385,77,4
10822,385,79,11
10823,385,98,1
10824,385,80,4
10825,385,208,4
10826,385,237,3
10827,385,238,2
10828,385,33,1
10829,385,212,4
10830,385,239,1
10831,385,114,3
10832,385,240,2
10833,385,241,3
10834,385,119,2
10835,385,88,3
10836,385,89,1
10837,385,40,3
10838,385,216,2
10839,385,99,4
10840,385,119,1
10841,385,95,1
10842,385,243,2
10843,385,33,2
10844,385,88,1
10845,385,89,1
10846,385,46,2
10847,385,130,1
10848,386,76,4
10849,386,24,2
10850,386,77,4
10851,386,79,11
10852,386,98,1
10853,386,80,4
10854,386,208,4
10855,386,237,3
10856,386,238,3
10857,386,212,4
10858,386,239,1
10859,386,114,3
10860,386,240,2
10861,386,241,3
10862,386,119,2
10863,386,88,4
10864,386,40,3
10865,386,216,2
10866,386,242,1
10867,386,99,4
10868,386,448,2
10869,386,243,2
10870,386,33,3
10871,386,89,1
10872,386,46,1
10873,386,96,1
10874,387,278,1
10875,387,141,4
10876,387,143,4
10877,387,49,4
10878,387,24,2
10879,387,144,4
10880,387,145,1
10881,387,78,1
10882,387,97,4
10883,387,149,4
10884,387,268,2
10885,387,83,1
10886,387,198,4
10887,387,280,3
10888,387,84,4
10889,387,47,2
10890,387,163,2
10891,387,267,2
10892,387,154,2
10893,387,157,2
10894,387,202,1
10895,387,161,1
10896,387,182,2
10897,387,158,3
10898,387,161,1
10899,387,154,1
10900,387,95,2
10901,387,46,3
10902,387,66,2
10903,387,39,2
10904,387,449,2
10905,387,220,1
10906,387,47,1
10907,388,195,1
10908,388,76,4
10909,388,49,2
10910,388,24,4
10911,388,77,2
10912,388,78,2
10913,388,97,1
10914,388,79,5
10915,388,80,4
10916,388,81,2
10917,388,82,4
10918,388,83,3
10919,388,84,4
10920,388,430,1
10921,388,85,4
10922,388,47,4
10923,388,114,2
10924,388,87,1
10925,388,88,3
10926,388,89,2
10927,388,66,1
10928,388,91,4
10929,388,92,1
10930,388,218,1
10931,388,41,2
10932,388,99,2
10933,388,217,2
10934,388,88,1
10935,388,46,2
10936,388,65,1
10937,388,66,1
10938,388,101,1
10939,388,220,1
10940,389,49,7
10941,389,0,2
10942,389,24,3
10943,389,50,4
10944,389,51,4
10945,389,52,3
10946,389,450,4
10947,389,230,4
10948,389,33,4
10949,389,451,2
10950,389,55,4
10951,389,57,2
10952,389,66,2
10953,389,67,4
10954,389,216,2
10955,389,136,3
10956,389,137,2
10957,389,62,4
10958,389,138,1
10959,389,92,2
10960,389,41,1
10961,389,133,1
10962,389,14,1
10963,389,376,1
10964,389,63,2
10965,389,16,2
10966,389,46,2
10967,389,65,1
10968,389,47,1
10969,390,205,1
10970,390,140,1
10971,390,141,4
10972,390,143,4
10973,390,49,3
10974,390,196,3
10975,390,223,1
10976,390,144,1
10977,390,145,2
10978,390,52,2
10979,390,148,4
10980,390,224,1
10981,390,220,1
10982,390,47,1
10983,390,200,4
10984,390,153,3
10985,390,154,4
10986,390,225,3
10987,390,157,4
10988,390,66,2
10989,390,40,3
10990,390,222,1
10991,390,229,1
10992,390,201,1
10993,390,162,1
10994,390,158,4
10995,390,92,1
10996,390,203,2
10997,390,269,1
10998,390,160,1
10999,390,95,1
11000,390,162,2
11001,390,66,1
11002,390,228,1
11003,390,47,1
11004,390,163,2
11005,390,139,2
11006,391,76,4
11007,391,24,2
11008,391,77,4
11009,391,79,11
11010,391,98,1
11011,391,80,4
11012,391,208,4
11013,391,237,3
11014,391,238,3
11015,391,212,4
11016,391,239,1
11017,391,114,3
11018,391,240,2
11019,391,241,3
11020,391,119,2
11021,391,88,4
11022,391,40,3
11023,391,216,2
11024,391,242,2
11025,391,41,1
11026,391,99,4
11027,391,95,1
11028,391,33,2
11029,391,89,2
11030,391,46,2
11031,391,130,1
11032,392,49,6
11033,392,24,2
11034,392,50,4
11035,392,51,4
11036,392,52,4
11037,392,326,4
11038,392,327,4
11039,392,211,4
11040,392,184,2
11041,392,56,2
11042,392,249,1
11043,392,11,4
11044,392,328,2
11045,392,57,1
11046,392,58,4
11047,392,60,4
11048,392,66,4
11049,392,216,4
11050,392,92,2
11051,392,249,1
11052,392,41,1
11053,392,133,1
11054,392,63,2
11055,392,33,2
11056,392,64,1
11057,392,46,2
11058,392,39,2
11059,392,18,1
11060,393,20,2
11061,393,49,6
11062,393,0,2
11063,393,50,4
11064,393,51,4
11065,393,52,4
11066,393,183,4
11067,393,184,4
11068,393,185,4
11069,393,55,4
11070,393,186,4
11071,393,187,4
11072,393,188,2
11073,393,189,4
11074,393,116,4
11075,393,62,4
11076,393,92,1
11077,393,249,1
11078,393,217,1
11079,393,94,1
11080,393,188,1
11081,393,63,2
11082,393,33,1
11083,393,64,1
11084,393,452,1
11085,393,46,2
11086,393,65,2
11087,393,66,1
11088,394,20,1
11089,394,49,4
11090,394,0,2
11091,394,24,4
11092,394,50,4
11093,394,51,4
11094,394,52,4
11095,394,183,4
11096,394,184,4
11097,394,185,4
11098,394,11,1
11099,394,186,4
11100,394,187,4
11101,394,221,1
11102,394,188,3
11103,394,66,2
11104,394,222,1
11105,394,189,4
11106,394,116,4
11107,394,64,1
11108,394,138,1
11109,394,92,2
11110,394,94,2
11111,394,14,1
11112,394,95,2
11113,394,63,1
11114,394,33,2
11115,394,64,1
11116,394,46,2
11117,394,222,1
11118,395,20,1
11119,395,49,6
11120,395,0,2
11121,395,24,1
11122,395,50,4
11123,395,51,4
11124,395,52,4
11125,395,183,4
11126,395,184,3
11127,395,185,4
11128,395,55,2
11129,395,186,4
11130,395,187,4
11131,395,221,1
11132,395,188,2
11133,395,452,1
11134,395,66,2
11135,395,40,1
11136,395,222,1
11137,395,189,4
11138,395,116,4
11139,395,46,1
11140,395,138,1
11141,395,92,1
11142,395,249,1
11143,395,11,1
11144,395,94,1
11145,395,133,1
11146,395,14,1
11147,395,57,1
11148,395,95,1
11149,395,63,1
11150,395,33,2
11151,395,64,1
11152,395,46,1
11153,395,130,1
11154,396,49,6
11155,396,24,2
11156,396,50,4
11157,396,51,4
11158,396,52,4
11159,396,326,4
11160,396,327,4
11161,396,211,4
11162,396,55,3
11163,396,11,3
11164,396,57,1
11165,396,58,3
11166,396,60,2
11167,396,65,1
11168,396,66,3
11169,396,39,2
11170,396,40,4
11171,396,216,2
11172,396,62,4
11173,396,138,1
11174,396,92,2
11175,396,249,1
11176,396,133,1
11177,396,328,1
11178,396,329,2
11179,396,95,1
11180,396,63,2
11181,396,64,1
11182,396,46,2
11183,396,18,1
11184,397,68,3
11185,397,120,3
11186,397,121,4
11187,397,23,17
11188,397,26,4
11189,397,453,1
11190,397,123,4
11191,397,124,4
11192,397,30,4
11193,397,125,3
11194,397,247,1
11195,397,127,4
11196,397,128,4
11197,397,129,4
11198,397,383,2
11199,397,43,4
11200,397,126,2
11201,397,454,1
11202,397,167,2
11203,397,46,3
11204,397,168,1
11205,398,76,4
11206,398,24,2
11207,398,77,4
11208,398,79,11
11209,398,98,1
11210,398,80,4
11211,398,208,4
11212,398,237,3
11213,398,238,3
11214,398,212,4
11215,398,239,1
11216,398,114,3
11217,398,240,2
11218,398,241,3
11219,398,119,2
11220,398,88,4
11221,398,40,3
11222,398,216,2
11223,398,242,1
11224,398,99,4
11225,398,95,1
11226,398,33,3
11227,398,89,2
11228,398,46,2
11229,398,130,2
11230,399,49,7
11231,399,0,2
11232,399,50,4
11233,399,51,4
11234,399,52,4
11235,399,150,2
11236,399,326,4
11237,399,327,4
11238,399,211,3
11239,399,56,1
11240,399,11,4
11241,399,57,1
11242,399,58,4
11243,399,16,2
11244,399,60,4
11245,399,65,1
11246,399,66,3
11247,399,39,2
11248,399,216,4
11249,399,138,1
11250,399,92,2
11251,399,249,1
11252,399,41,1
11253,399,95,1
11254,399,63,2
11255,399,33,1
11256,399,64,2
11257,399,16,1
11258,399,46,2
11259,399,18,1
11260,400,195,1
11261,400,76,4
11262,400,49,4
11263,400,24,4
11264,400,77,2
11265,400,78,2
11266,400,79,4
11267,400,80,4
11268,400,352,1
11269,400,81,2
11270,400,82,3
11271,400,83,3
11272,400,84,4
11273,400,42,1
11274,400,85,4
11275,400,47,3
11276,400,114,2
11277,400,87,1
11278,400,88,3
11279,400,89,1
11280,400,66,2
11281,400,96,1
11282,400,91,4
11283,400,92,3
11284,400,218,3
11285,400,41,1
11286,400,99,1
11287,400,119,1
11288,400,88,1
11289,400,46,2
11290,400,39,1
11291,400,96,1
11292,400,220,1
11293,401,20,1
11294,401,49,5
11295,401,0,3
11296,401,24,1
11297,401,50,4
11298,401,51,4
11299,401,52,4
11300,401,183,4
11301,401,184,4
11302,401,185,4
11303,401,55,3
11304,401,11,1
11305,401,186,4
11306,401,187,4
11307,401,221,1
11308,401,188,2
11309,401,189,4
11310,401,116,4
11311,401,62,3
11312,401,92,1
11313,401,249,2
11314,401,94,2
11315,401,33,2
11316,401,64,1
11317,401,190,1
11318,401,46,2
11319,401,66,2
11320,401,39,2
11321,402,23,3
11322,402,0,1
11323,402,24,4
11324,402,97,3
11325,402,255,4
11326,402,246,4
11327,402,317,4
11328,402,318,4
11329,402,341,4
11330,402,342,4
11331,402,191,2
11332,402,345,3
11333,402,54,4
11334,402,320,4
11335,402,250,3
11336,402,455,4
11337,402,339,2
11338,402,61,3
11339,402,456,2
11340,402,414,2
11341,402,191,2
11342,402,323,1
11343,402,340,3
11344,402,457,3
11345,402,339,2
11346,403,20,1
11347,403,332,3
11348,403,141,3
11349,403,195,1
11350,403,143,4
11351,403,49,3
11352,403,196,4
11353,403,144,4
11354,403,145,3
11355,403,224,1
11356,403,220,1
11357,403,139,1
11358,403,200,4
11359,403,153,2
11360,403,154,4
11361,403,157,4
11362,403,66,2
11363,403,40,3
11364,403,222,2
11365,403,229,2
11366,403,201,1
11367,403,202,2
11368,403,161,1
11369,403,158,4
11370,403,92,2
11371,403,269,1
11372,403,180,1
11373,403,94,2
11374,403,227,2
11375,403,162,2
11376,403,244,1
11377,403,47,2
11378,403,229,1
11379,403,139,1
11380,404,170,4
11381,404,0,9
11382,404,1,1
11383,404,147,4
11384,404,148,4
11385,404,2,4
11386,404,318,4
11387,404,4,4
11388,404,9,4
11389,404,54,4
11390,404,404,4
11391,404,11,4
11392,404,250,2
11393,404,156,4
11394,404,458,2
11395,404,13,2
11396,404,138,2
11397,404,231,2
11398,404,154,1
11399,404,63,3
11400,404,162,2
11401,404,46,2
11402,404,18,3
11403,405,20,1
11404,405,49,5
11405,405,0,3
11406,405,24,1
11407,405,50,4
11408,405,51,4
11409,405,52,4
11410,405,183,4
11411,405,184,4
11412,405,185,4
11413,405,186,4
11414,405,187,4
11415,405,221,3
11416,405,188,2
11417,405,66,2
11418,405,222,2
11419,405,189,4
11420,405,116,4
11421,405,46,1
11422,405,92,1
11423,405,249,1
11424,405,94,1
11425,405,95,1
11426,405,63,1
11427,405,33,2
11428,405,64,2
11429,405,16,1
11430,405,190,1
11431,405,46,2
11432,405,65,1
11433,405,130,1
11434,406,22,3
11435,406,169,3
11436,406,23,1
11437,406,76,2
11438,406,306,1
11439,406,49,1
11440,406,288,3
11441,406,79,1
11442,406,98,1
11443,406,289,1
11444,406,363,2
11445,406,80,3
11446,406,25,2
11447,406,290,2
11448,406,291,4
11449,406,208,4
11450,406,69,4
11451,406,364,4
11452,406,285,2
11453,406,212,4
11454,406,36,2
11455,406,114,2
11456,406,459,2
11457,406,88,2
11458,406,66,2
11459,406,293,3
11460,406,99,3
11461,406,365,1
11462,406,119,2
11463,406,387,1
11464,406,44,1
11465,406,46,2
11466,406,39,2
11467,406,366,3
