,DeckIdx,CardIdx,Count
0,0,0,1
1,0,1,4
2,0,2,1
3,0,3,2
4,0,4,4
5,0,5,4
6,0,6,4
7,0,7,1
8,0,8,2
9,0,9,4
10,0,10,4
11,0,11,4
12,0,12,4
13,0,13,2
14,0,14,4
15,0,15,2
16,0,16,4
17,0,17,4
18,0,18,1
19,0,19,4
20,0,20,1
21,0,21,1
22,0,22,2
23,0,8,1
24,0,23,1
25,0,24,1
26,0,25,2
27,0,26,2
28,0,27,2
29,0,28,2
30,1,29,2
31,1,30,4
32,1,31,4
33,1,1,3
34,1,3,2
35,1,32,5
36,1,33,1
37,1,34,4
38,1,35,4
39,1,36,4
40,1,37,2
41,1,38,4
42,1,39,4
43,1,40,1
44,1,41,2
45,1,42,1
46,1,43,2
47,1,44,1
48,1,45,2
49,1,46,1
50,1,47,4
51,1,48,3
52,1,45,1
53,1,41,2
54,1,49,2
55,1,50,1
56,1,51,1
57,1,52,1
58,1,53,1
59,1,48,1
60,1,27,2
61,1,54,1
62,1,55,2
63,2,0,2
64,2,56,4
65,2,57,1
66,2,58,4
67,2,59,2
68,2,60,1
69,2,61,1
70,2,62,2
71,2,63,4
72,2,7,4
73,2,64,4
74,2,65,1
75,2,66,2
76,2,40,1
77,2,67,1
78,2,68,1
79,2,69,1
80,2,70,3
81,2,71,1
82,2,72,3
83,2,73,1
84,2,74,1
85,2,75,4
86,2,76,3
87,2,77,2
88,2,44,2
89,2,78,1
90,2,79,1
91,2,80,2
92,2,20,1
93,2,50,1
94,2,81,2
95,2,82,1
96,2,83,1
97,2,84,2
98,2,85,2
99,2,86,1
100,2,76,1
101,2,78,1
102,2,40,1
103,2,87,1
104,3,1,6
105,3,3,2
106,3,4,4
107,3,5,4
108,3,6,4
109,3,7,1
110,3,8,2
111,3,9,4
112,3,10,4
113,3,11,4
114,3,88,2
115,3,12,4
116,3,14,4
117,3,15,1
118,3,16,4
119,3,17,4
120,3,18,1
121,3,89,1
122,3,19,4
123,3,88,1
124,3,21,2
125,3,8,1
126,3,23,1
127,3,90,1
128,3,25,2
129,3,26,2
130,3,27,2
131,3,28,2
132,3,91,1
133,4,92,3
134,4,30,4
135,4,93,2
136,4,1,5
137,4,94,4
138,4,32,5
139,4,33,3
140,4,55,2
141,4,40,1
142,4,70,4
143,4,95,3
144,4,42,4
145,4,43,4
146,4,44,3
147,4,17,3
148,4,54,3
149,4,96,2
150,4,46,2
151,4,48,4
152,4,20,2
153,4,97,2
154,4,73,1
155,4,81,1
156,4,83,1
157,4,53,2
158,4,98,1
159,4,99,2
160,4,39,3
161,5,56,4
162,5,1,4
163,5,3,3
164,5,60,2
165,5,100,3
166,5,34,1
167,5,61,3
168,5,63,4
169,5,101,3
170,5,102,2
171,5,103,3
172,5,37,2
173,5,38,4
174,5,104,2
175,5,105,1
176,5,106,4
177,5,55,2
178,5,68,2
179,5,76,3
180,5,77,3
181,5,44,1
182,5,107,4
183,5,20,2
184,5,71,2
185,5,50,2
186,5,108,1
187,5,76,1
188,5,77,1
189,5,27,2
190,5,44,1
191,5,78,1
192,5,109,1
193,5,55,1
194,6,110,3
195,6,111,3
196,6,112,4
197,6,113,14
198,6,114,3
199,6,115,4
200,6,116,4
201,6,117,1
202,6,118,4
203,6,119,3
204,6,120,2
205,6,121,4
206,6,122,1
207,6,123,2
208,6,124,4
209,6,125,4
210,6,126,1
211,6,117,1
212,6,127,4
213,6,120,2
214,6,74,2
215,6,27,2
216,6,128,1
217,6,99,2
218,7,0,4
219,7,129,2
220,7,30,3
221,7,31,3
222,7,130,4
223,7,32,1
224,7,34,3
225,7,131,4
226,7,35,4
227,7,132,3
228,7,133,4
229,7,115,3
230,7,134,3
231,7,135,1
232,7,136,4
233,7,137,1
234,7,138,1
235,7,118,4
236,7,139,2
237,7,140,3
238,7,141,2
239,7,48,1
240,7,41,2
241,7,36,1
242,7,142,2
243,7,143,2
244,7,144,1
245,7,53,2
246,7,48,2
247,7,145,2
248,7,55,1
249,8,110,3
250,8,111,3
251,8,112,4
252,8,113,14
253,8,114,2
254,8,115,4
255,8,116,4
256,8,118,4
257,8,119,4
258,8,121,4
259,8,128,2
260,8,122,1
261,8,123,3
262,8,146,2
263,8,147,2
264,8,124,4
265,8,117,2
266,8,146,2
267,8,120,4
268,8,74,2
269,8,27,2
270,8,99,3
271,9,148,3
272,9,149,2
273,9,150,2
274,9,93,2
275,9,151,4
276,9,32,3
277,9,152,2
278,9,153,2
279,9,100,2
280,9,61,2
281,9,95,3
282,9,72,2
283,9,42,4
284,9,154,2
285,9,76,3
286,9,155,2
287,9,156,1
288,9,45,3
289,9,157,3
290,9,158,4
291,9,46,3
292,9,159,3
293,9,48,3
294,9,160,1
295,9,161,2
296,9,162,2
297,9,47,2
298,9,163,2
299,9,53,2
300,9,27,2
301,9,39,2
302,10,0,4
303,10,113,2
304,10,3,3
305,10,4,1
306,10,34,4
307,10,164,4
308,10,165,2
309,10,7,2
310,10,115,4
311,10,166,1
312,10,118,4
313,10,167,1
314,10,168,4
315,10,86,4
316,10,169,1
317,10,170,2
318,10,128,2
319,10,171,4
320,10,12,4
321,10,172,1
322,10,139,4
323,10,173,2
324,10,174,2
325,10,166,1
326,10,172,1
327,10,175,1
328,10,176,2
329,10,26,3
330,10,27,2
331,10,145,3
332,11,177,4
333,11,178,4
334,11,2,3
335,11,3,4
336,11,179,1
337,11,34,4
338,11,61,2
339,11,180,3
340,11,181,1
341,11,182,2
342,11,183,4
343,11,184,4
344,11,185,2
345,11,186,2
346,11,187,4
347,11,188,4
348,11,68,2
349,11,76,2
350,11,189,4
351,11,190,4
352,11,68,1
353,11,103,4
354,11,108,2
355,11,191,2
356,11,85,1
357,11,78,3
358,11,192,2
359,12,1,8
360,12,4,4
361,12,5,4
362,12,6,4
363,12,8,4
364,12,193,4
365,12,194,4
366,12,195,2
367,12,174,1
368,12,88,1
369,12,12,4
370,12,13,1
371,12,14,4
372,12,26,1
373,12,16,4
374,12,28,2
375,12,44,3
376,12,54,1
377,12,196,4
378,12,174,1
379,12,20,2
380,12,21,1
381,12,50,2
382,12,23,1
383,12,24,1
384,12,197,1
385,12,198,1
386,12,27,2
387,12,28,1
388,12,91,2
389,13,150,3
390,13,199,4
391,13,2,9
392,13,3,1
393,13,200,4
394,13,201,3
395,13,202,4
396,13,203,4
397,13,204,4
398,13,205,4
399,13,206,2
400,13,207,2
401,13,39,4
402,13,208,3
403,13,12,4
404,13,209,3
405,13,47,2
406,13,162,3
407,13,210,1
408,13,42,2
409,13,211,2
410,13,52,2
411,13,53,3
412,13,212,2
413,14,1,8
414,14,4,4
415,14,5,4
416,14,6,4
417,14,8,4
418,14,193,4
419,14,194,4
420,14,195,2
421,14,12,4
422,14,213,1
423,14,13,2
424,14,14,4
425,14,26,2
426,14,16,4
427,14,28,1
428,14,44,3
429,14,54,1
430,14,196,4
431,14,174,1
432,14,20,2
433,14,21,1
434,14,50,2
435,14,23,2
436,14,197,2
437,14,25,2
438,14,27,2
439,14,145,1
440,15,30,4
441,15,31,4
442,15,1,8
443,15,3,2
444,15,33,4
445,15,214,4
446,15,11,4
447,15,70,4
448,15,90,4
449,15,16,4
450,15,215,2
451,15,216,4
452,15,217,4
453,15,48,4
454,15,19,4
455,15,160,2
456,15,210,2
457,15,218,3
458,15,53,2
459,15,44,2
460,15,99,2
461,15,39,2
462,16,1,7
463,16,3,2
464,16,4,4
465,16,5,4
466,16,6,4
467,16,7,1
468,16,8,2
469,16,9,4
470,16,10,4
471,16,11,4
472,16,12,4
473,16,13,1
474,16,14,4
475,16,15,1
476,16,16,4
477,16,17,4
478,16,18,2
479,16,19,4
480,16,22,2
481,16,8,1
482,16,23,1
483,16,90,1
484,16,25,2
485,16,26,2
486,16,219,1
487,16,27,2
488,16,28,2
489,16,44,1
490,17,110,4
491,17,111,3
492,17,112,4
493,17,113,14
494,17,114,1
495,17,115,4
496,17,116,4
497,17,118,4
498,17,119,4
499,17,120,2
500,17,121,4
501,17,123,4
502,17,147,2
503,17,124,4
504,17,127,2
505,17,126,2
506,17,127,2
507,17,120,2
508,17,74,2
509,17,125,1
510,17,220,1
511,17,27,3
512,17,128,2
513,18,1,7
514,18,3,1
515,18,4,4
516,18,5,4
517,18,6,4
518,18,8,4
519,18,193,4
520,18,194,4
521,18,195,2
522,18,88,2
523,18,12,4
524,18,213,1
525,18,14,4
526,18,26,1
527,18,16,4
528,18,28,2
529,18,44,3
530,18,54,1
531,18,196,4
532,18,174,1
533,18,20,2
534,18,21,1
535,18,50,1
536,18,23,1
537,18,197,2
538,18,198,1
539,18,27,2
540,18,28,1
541,18,145,1
542,18,91,2
543,19,1,3
544,19,3,3
545,19,4,4
546,19,5,4
547,19,6,4
548,19,7,4
549,19,221,4
550,19,222,2
551,19,195,4
552,19,223,4
553,19,11,4
554,19,224,4
555,19,23,1
556,19,225,4
557,19,226,1
558,19,227,3
559,19,17,3
560,19,19,4
561,19,20,2
562,19,50,1
563,19,90,1
564,19,24,1
565,19,83,1
566,19,228,2
567,19,26,2
568,19,219,1
569,19,27,1
570,19,28,1
571,19,44,2
572,20,1,5
573,20,3,3
574,20,4,4
575,20,5,4
576,20,6,4
577,20,7,1
578,20,8,3
579,20,9,3
580,20,10,4
581,20,11,4
582,20,88,1
583,20,12,4
584,20,13,1
585,20,14,4
586,20,26,1
587,20,15,1
588,20,16,4
589,20,17,4
590,20,18,1
591,20,19,4
592,20,21,1
593,20,23,1
594,20,90,2
595,20,25,2
596,20,89,1
597,20,26,1
598,20,219,1
599,20,27,2
600,20,28,2
601,20,229,1
602,20,214,1
603,21,1,6
604,21,3,3
605,21,4,4
606,21,5,4
607,21,6,4
608,21,8,2
609,21,9,4
610,21,10,4
611,21,174,1
612,21,11,4
613,21,88,1
614,21,12,3
615,21,14,4
616,21,15,1
617,21,16,4
618,21,17,4
619,21,229,1
620,21,230,1
621,21,18,1
622,21,19,4
623,21,20,1
624,21,21,1
625,21,90,1
626,21,24,1
627,21,191,1
628,21,86,2
629,21,25,2
630,21,89,1
631,21,219,1
632,21,27,1
633,21,28,1
634,21,44,1
635,21,229,1
636,22,1,6
637,22,3,3
638,22,4,4
639,22,5,4
640,22,6,4
641,22,8,3
642,22,9,4
643,22,10,4
644,22,11,4
645,22,88,1
646,22,12,4
647,22,13,2
648,22,14,4
649,22,16,4
650,22,17,4
651,22,18,1
652,22,19,4
653,22,20,1
654,22,22,2
655,22,24,1
656,22,226,1
657,22,25,2
658,22,89,1
659,22,26,1
660,22,27,2
661,22,28,2
662,22,44,1
663,22,229,1
664,23,231,1
665,23,1,6
666,23,2,2
667,23,3,1
668,23,4,4
669,23,5,4
670,23,6,4
671,23,221,4
672,23,195,4
673,23,223,4
674,23,11,2
675,23,12,1
676,23,224,4
677,23,225,4
678,23,226,2
679,23,227,3
680,23,232,4
681,23,233,4
682,23,25,2
683,23,20,1
684,23,21,1
685,23,50,2
686,23,86,2
687,23,219,2
688,23,28,2
689,23,54,1
690,23,99,2
691,23,40,2
692,24,1,6
693,24,3,2
694,24,4,4
695,24,5,4
696,24,6,4
697,24,7,1
698,24,8,3
699,24,9,3
700,24,10,4
701,24,11,4
702,24,12,4
703,24,13,2
704,24,14,4
705,24,15,2
706,24,16,4
707,24,17,4
708,24,229,1
709,24,19,4
710,24,50,1
711,24,23,2
712,24,24,1
713,24,86,1
714,24,25,2
715,24,89,1
716,24,26,2
717,24,27,2
718,24,28,2
719,24,44,1
720,25,29,4
721,25,32,17
722,25,234,1
723,25,235,1
724,25,236,4
725,25,237,1
726,25,238,4
727,25,239,4
728,25,240,3
729,25,241,4
730,25,242,4
731,25,39,1
732,25,42,4
733,25,48,4
734,25,243,4
735,25,41,2
736,25,49,4
737,25,46,1
738,25,154,2
739,25,52,2
740,25,53,4
741,26,1,6
742,26,3,3
743,26,4,4
744,26,5,4
745,26,6,4
746,26,8,2
747,26,9,4
748,26,10,4
749,26,11,4
750,26,88,1
751,26,12,4
752,26,90,1
753,26,14,4
754,26,16,4
755,26,17,4
756,26,229,1
757,26,18,1
758,26,89,1
759,26,19,4
760,26,8,2
761,26,90,1
762,26,86,1
763,26,25,2
764,26,26,2
765,26,219,2
766,26,27,2
767,26,28,1
768,26,44,2
769,27,1,7
770,27,3,2
771,27,4,4
772,27,5,4
773,27,6,4
774,27,8,2
775,27,9,4
776,27,10,4
777,27,11,4
778,27,88,1
779,27,12,4
780,27,90,1
781,27,14,4
782,27,16,4
783,27,17,4
784,27,18,2
785,27,89,1
786,27,19,4
787,27,20,1
788,27,21,2
789,27,8,2
790,27,90,1
791,27,24,1
792,27,86,1
793,27,25,2
794,27,26,2
795,27,27,2
796,27,28,1
797,28,1,6
798,28,3,2
799,28,4,4
800,28,5,4
801,28,6,4
802,28,8,4
803,28,193,4
804,28,194,4
805,28,195,2
806,28,174,1
807,28,88,1
808,28,12,4
809,28,90,1
810,28,13,1
811,28,14,4
812,28,26,2
813,28,16,4
814,28,28,2
815,28,44,2
816,28,196,4
817,28,20,2
818,28,21,1
819,28,129,1
820,28,50,1
821,28,90,1
822,28,24,2
823,28,197,1
824,28,191,1
825,28,25,1
826,28,219,1
827,28,44,1
828,28,40,2
829,29,30,4
830,29,56,2
831,29,151,2
832,29,31,4
833,29,57,2
834,29,153,1
835,29,6,4
836,29,201,4
837,29,244,4
838,29,98,1
839,29,70,4
840,29,95,2
841,29,42,2
842,29,245,4
843,29,246,4
844,29,209,4
845,29,43,4
846,29,44,2
847,29,17,4
848,29,96,2
849,29,20,2
850,29,95,1
851,29,81,2
852,29,47,2
853,29,191,1
854,29,53,2
855,29,55,1
856,29,99,2
857,29,40,2
858,30,110,3
859,30,111,3
860,30,112,4
861,30,113,13
862,30,114,3
863,30,115,4
864,30,116,4
865,30,117,2
866,30,118,4
867,30,119,4
868,30,120,2
869,30,121,4
870,30,122,1
871,30,247,1
872,30,146,1
873,30,124,4
874,30,125,3
875,30,24,2
876,30,248,1
877,30,146,3
878,30,120,2
879,30,74,2
880,30,220,1
881,30,128,1
882,30,99,3
883,31,110,3
884,31,111,4
885,31,112,4
886,31,113,14
887,31,114,1
888,31,115,4
889,31,116,4
890,31,118,4
891,31,119,4
892,31,121,4
893,31,249,2
894,31,122,2
895,31,124,4
896,31,127,2
897,31,125,4
898,31,248,2
899,31,117,2
900,31,127,2
901,31,120,4
902,31,74,1
903,31,250,1
904,31,27,1
905,31,99,2
906,32,110,2
907,32,251,1
908,32,111,4
909,32,252,1
910,32,112,4
911,32,113,8
912,32,32,2
913,32,131,4
914,32,116,4
915,32,118,4
916,32,119,4
917,32,120,3
918,32,121,4
919,32,253,3
920,32,42,3
921,32,254,4
922,32,124,4
923,32,125,1
924,32,41,1
925,32,49,2
926,32,162,3
927,32,241,1
928,32,125,3
929,32,48,2
930,32,255,1
931,32,27,2
932,33,256,2
933,33,0,4
934,33,30,1
935,33,113,1
936,33,31,1
937,33,130,4
938,33,3,1
939,33,34,4
940,33,131,4
941,33,115,4
942,33,257,2
943,33,166,1
944,33,258,4
945,33,248,1
946,33,118,4
947,33,259,3
948,33,260,1
949,33,86,4
950,33,170,4
951,33,88,1
952,33,173,4
953,33,127,1
954,33,48,3
955,33,261,1
956,33,97,1
957,33,50,1
958,33,127,1
959,33,144,3
960,33,53,2
961,33,241,2
962,33,27,1
963,33,145,2
964,33,67,2
965,34,110,3
966,34,111,4
967,34,112,4
968,34,113,14
969,34,114,1
970,34,115,4
971,34,116,4
972,34,118,4
973,34,119,4
974,34,120,2
975,34,121,4
976,34,122,1
977,34,124,4
978,34,262,1
979,34,127,2
980,34,125,4
981,34,248,1
982,34,117,2
983,34,127,2
984,34,120,1
985,34,228,2
986,34,74,1
987,34,263,1
988,34,27,1
989,34,128,1
990,34,99,3
991,35,129,3
992,35,199,4
993,35,264,1
994,35,2,7
995,35,32,1
996,35,200,4
997,35,201,4
998,35,49,4
999,35,265,4
1000,35,239,4
1001,35,205,4
1002,35,266,4
1003,35,267,4
1004,35,39,4
1005,35,12,4
1006,35,209,4
1007,35,210,3
1008,35,23,2
1009,35,42,1
1010,35,53,4
1011,35,255,1
1012,35,212,2
1013,35,268,2
1014,36,1,6
1015,36,3,2
1016,36,4,4
1017,36,5,4
1018,36,6,4
1019,36,7,1
1020,36,8,3
1021,36,9,3
1022,36,10,4
1023,36,11,4
1024,36,88,2
1025,36,12,4
1026,36,14,4
1027,36,15,3
1028,36,16,4
1029,36,17,4
1030,36,19,4
1031,36,90,1
1032,36,193,1
1033,36,13,1
1034,36,226,1
1035,36,25,2
1036,36,26,2
1037,36,219,1
1038,36,27,2
1039,36,28,3
1040,36,229,1
1041,37,1,6
1042,37,3,2
1043,37,4,4
1044,37,5,4
1045,37,6,4
1046,37,8,4
1047,37,193,4
1048,37,194,4
1049,37,195,2
1050,37,174,2
1051,37,88,1
1052,37,12,4
1053,37,90,1
1054,37,14,4
1055,37,26,1
1056,37,16,4
1057,37,28,2
1058,37,44,2
1059,37,230,1
1060,37,196,4
1061,37,174,1
1062,37,20,2
1063,37,50,2
1064,37,23,1
1065,37,197,2
1066,37,198,2
1067,37,191,1
1068,37,26,1
1069,37,27,1
1070,37,91,2
1071,38,110,3
1072,38,111,4
1073,38,112,4
1074,38,113,13
1075,38,114,2
1076,38,115,4
1077,38,116,4
1078,38,117,2
1079,38,118,4
1080,38,119,4
1081,38,121,4
1082,38,249,2
1083,38,122,2
1084,38,124,4
1085,38,127,2
1086,38,125,2
1087,38,248,1
1088,38,127,2
1089,38,120,4
1090,38,74,2
1091,38,125,2
1092,38,27,1
1093,38,128,1
1094,38,99,2
1095,39,56,4
1096,39,1,5
1097,39,3,2
1098,39,60,2
1099,39,100,2
1100,39,61,5
1101,39,63,4
1102,39,102,2
1103,39,103,4
1104,39,37,4
1105,39,38,4
1106,39,85,1
1107,39,106,4
1108,39,55,2
1109,39,68,2
1110,39,269,1
1111,39,76,4
1112,39,77,2
1113,39,28,1
1114,39,44,1
1115,39,107,4
1116,39,20,2
1117,39,71,2
1118,39,50,1
1119,39,108,2
1120,39,81,2
1121,39,85,1
1122,39,27,2
1123,39,78,1
1124,39,98,1
1125,39,55,1
1126,40,1,7
1127,40,3,2
1128,40,4,4
1129,40,5,4
1130,40,6,4
1131,40,22,1
1132,40,8,2
1133,40,9,4
1134,40,10,4
1135,40,11,4
1136,40,88,1
1137,40,12,4
1138,40,13,1
1139,40,14,4
1140,40,15,1
1141,40,16,4
1142,40,17,4
1143,40,18,1
1144,40,19,4
1145,40,20,1
1146,40,22,2
1147,40,8,1
1148,40,23,1
1149,40,25,2
1150,40,89,2
1151,40,26,1
1152,40,27,2
1153,40,28,2
1154,40,91,1
1155,41,1,6
1156,41,3,2
1157,41,4,4
1158,41,5,4
1159,41,6,4
1160,41,7,1
1161,41,8,3
1162,41,9,4
1163,41,10,4
1164,41,11,4
1165,41,88,2
1166,41,12,4
1167,41,14,4
1168,41,15,1
1169,41,16,4
1170,41,17,4
1171,41,18,1
1172,41,19,4
1173,41,50,1
1174,41,22,2
1175,41,90,1
1176,41,193,1
1177,41,25,2
1178,41,89,1
1179,41,26,1
1180,41,219,1
1181,41,27,2
1182,41,28,2
1183,41,270,1
1184,42,1,6
1185,42,3,2
1186,42,4,4
1187,42,5,4
1188,42,6,4
1189,42,8,4
1190,42,193,4
1191,42,194,4
1192,42,195,2
1193,42,174,1
1194,42,88,2
1195,42,12,4
1196,42,213,1
1197,42,14,4
1198,42,26,1
1199,42,16,4
1200,42,28,2
1201,42,44,3
1202,42,196,4
1203,42,174,1
1204,42,20,3
1205,42,21,2
1206,42,90,2
1207,42,197,2
1208,42,86,1
1209,42,25,2
1210,42,27,2
1211,43,110,3
1212,43,111,4
1213,43,112,4
1214,43,113,13
1215,43,114,2
1216,43,115,4
1217,43,271,1
1218,43,116,4
1219,43,117,2
1220,43,118,4
1221,43,119,4
1222,43,121,4
1223,43,122,2
1224,43,123,2
1225,43,124,4
1226,43,125,3
1227,43,248,2
1228,43,127,3
1229,43,120,2
1230,43,228,1
1231,43,74,2
1232,43,263,1
1233,43,27,1
1234,43,128,1
1235,43,99,2
1236,44,29,4
1237,44,32,16
1238,44,100,1
1239,44,236,3
1240,44,237,2
1241,44,238,4
1242,44,239,4
1243,44,240,3
1244,44,241,4
1245,44,242,4
1246,44,39,3
1247,44,42,4
1248,44,48,4
1249,44,243,4
1250,44,49,4
1251,44,272,1
1252,44,273,1
1253,44,52,2
1254,44,53,4
1255,44,255,3
1256,45,1,3
1257,45,3,2
1258,45,4,4
1259,45,5,4
1260,45,34,1
1261,45,6,4
1262,45,7,4
1263,45,221,4
1264,45,222,1
1265,45,195,3
1266,45,223,4
1267,45,11,4
1268,45,224,4
1269,45,23,1
1270,45,225,4
1271,45,226,1
1272,45,227,2
1273,45,28,1
1274,45,44,1
1275,45,17,3
1276,45,25,1
1277,45,89,1
1278,45,19,3
1279,45,20,1
1280,45,50,1
1281,45,90,1
1282,45,24,1
1283,45,83,1
1284,45,228,2
1285,45,26,2
1286,45,219,1
1287,45,27,1
1288,45,44,1
1289,45,222,1
1290,45,40,2
1291,46,110,4
1292,46,111,4
1293,46,252,1
1294,46,112,4
1295,46,113,12
1296,46,115,3
1297,46,274,3
1298,46,118,4
1299,46,275,2
1300,46,276,1
1301,46,120,2
1302,46,121,4
1303,46,277,4
1304,46,253,3
1305,46,147,1
1306,46,278,4
1307,46,124,4
1308,46,117,1
1309,46,146,3
1310,46,120,2
1311,46,228,1
1312,46,74,2
1313,46,27,2
1314,46,99,2
1315,46,249,2
1316,47,110,2
1317,47,111,3
1318,47,112,4
1319,47,113,2
1320,47,1,3
1321,47,2,3
1322,47,34,3
1323,47,6,2
1324,47,165,2
1325,47,7,1
1326,47,116,3
1327,47,117,2
1328,47,119,4
1329,47,279,1
1330,47,12,3
1331,47,70,4
1332,47,73,1
1333,47,23,1
1334,47,280,4
1335,47,13,1
1336,47,191,1
1337,47,26,2
1338,47,28,1
1339,47,44,2
1340,47,145,1
1341,47,17,4
1342,47,73,1
1343,47,248,1
1344,47,228,1
1345,47,191,1
1346,47,86,1
1347,47,263,1
1348,47,26,1
1349,47,169,1
1350,47,27,2
1351,47,28,1
1352,47,128,1
1353,47,55,1
1354,47,40,1
1355,47,67,1
1356,48,129,3
1357,48,199,4
1358,48,264,4
1359,48,2,2
1360,48,3,3
1361,48,200,4
1362,48,201,4
1363,48,49,4
1364,48,175,3
1365,48,265,4
1366,48,239,4
1367,48,205,4
1368,48,266,4
1369,48,270,2
1370,48,39,4
1371,48,12,4
1372,48,42,2
1373,48,281,1
1374,48,162,3
1375,48,42,1
1376,48,52,3
1377,48,53,3
1378,48,281,1
1379,48,156,2
1380,48,212,2
1381,49,1,5
1382,49,3,3
1383,49,4,4
1384,49,5,4
1385,49,6,4
1386,49,7,1
1387,49,22,2
1388,49,8,1
1389,49,9,4
1390,49,10,4
1391,49,11,4
1392,49,12,4
1393,49,13,2
1394,49,14,4
1395,49,15,1
1396,49,16,4
1397,49,17,4
1398,49,18,1
1399,49,19,4
1400,49,22,2
1401,49,8,2
1402,49,193,1
1403,49,25,2
1404,49,89,1
1405,49,26,2
1406,49,27,2
1407,49,28,2
1408,49,44,1
1409,50,1,6
1410,50,3,3
1411,50,4,4
1412,50,5,4
1413,50,6,4
1414,50,22,2
1415,50,9,4
1416,50,10,4
1417,50,11,4
1418,50,12,4
1419,50,13,2
1420,50,14,4
1421,50,15,2
1422,50,16,4
1423,50,17,4
1424,50,18,1
1425,50,19,4
1426,50,22,1
1427,50,8,3
1428,50,23,1
1429,50,191,1
1430,50,25,2
1431,50,26,2
1432,50,27,2
1433,50,28,2
1434,50,229,1
1435,51,1,7
1436,51,3,1
1437,51,4,4
1438,51,5,4
1439,51,6,4
1440,51,8,4
1441,51,193,4
1442,51,194,4
1443,51,195,3
1444,51,174,1
1445,51,88,1
1446,51,12,4
1447,51,13,1
1448,51,14,4
1449,51,26,1
1450,51,16,4
1451,51,28,2
1452,51,44,3
1453,51,196,4
1454,51,174,1
1455,51,20,3
1456,51,21,1
1457,51,50,1
1458,51,90,1
1459,51,197,2
1460,51,83,1
1461,51,191,1
1462,51,25,1
1463,51,27,2
1464,51,91,1
1465,52,1,7
1466,52,3,2
1467,52,4,4
1468,52,5,4
1469,52,6,4
1470,52,8,2
1471,52,9,4
1472,52,10,4
1473,52,11,4
1474,52,88,2
1475,52,12,4
1476,52,14,4
1477,52,15,1
1478,52,16,4
1479,52,17,4
1480,52,18,2
1481,52,19,4
1482,52,21,1
1483,52,8,2
1484,52,23,1
1485,52,90,1
1486,52,25,3
1487,52,89,1
1488,52,26,2
1489,52,27,2
1490,52,28,2
1491,53,1,7
1492,53,3,2
1493,53,4,4
1494,53,5,4
1495,53,6,4
1496,53,8,2
1497,53,9,4
1498,53,10,4
1499,53,11,4
1500,53,88,1
1501,53,12,4
1502,53,13,1
1503,53,14,4
1504,53,15,1
1505,53,16,4
1506,53,17,4
1507,53,18,2
1508,53,19,4
1509,53,21,1
1510,53,8,2
1511,53,23,1
1512,53,90,1
1513,53,25,3
1514,53,89,1
1515,53,26,2
1516,53,27,2
1517,53,28,2
1518,54,231,1
1519,54,1,6
1520,54,2,2
1521,54,3,1
1522,54,4,4
1523,54,5,4
1524,54,6,4
1525,54,221,4
1526,54,195,4
1527,54,223,4
1528,54,11,3
1529,54,224,4
1530,54,225,4
1531,54,226,1
1532,54,227,2
1533,54,44,1
1534,54,232,4
1535,54,233,4
1536,54,19,3
1537,54,20,1
1538,54,21,1
1539,54,50,1
1540,54,81,1
1541,54,86,2
1542,54,25,2
1543,54,26,2
1544,54,219,1
1545,54,27,2
1546,54,28,1
1547,54,40,1
1548,55,1,5
1549,55,3,2
1550,55,4,4
1551,55,5,4
1552,55,6,4
1553,55,7,2
1554,55,22,1
1555,55,8,2
1556,55,9,4
1557,55,10,4
1558,55,11,4
1559,55,88,1
1560,55,12,4
1561,55,14,4
1562,55,15,1
1563,55,16,4
1564,55,17,4
1565,55,18,2
1566,55,19,4
1567,55,22,2
1568,55,90,1
1569,55,191,1
1570,55,25,2
1571,55,89,1
1572,55,26,2
1573,55,219,1
1574,55,27,2
1575,55,28,2
1576,55,44,1
1577,56,256,2
1578,56,0,4
1579,56,113,1
1580,56,130,4
1581,56,3,2
1582,56,34,4
1583,56,131,4
1584,56,7,1
1585,56,115,4
1586,56,97,1
1587,56,257,1
1588,56,166,1
1589,56,258,4
1590,56,248,1
1591,56,118,4
1592,56,259,2
1593,56,260,2
1594,56,86,3
1595,56,170,4
1596,56,88,1
1597,56,173,4
1598,56,127,1
1599,56,48,4
1600,56,27,1
1601,56,97,1
1602,56,282,1
1603,56,283,1
1604,56,284,1
1605,56,42,1
1606,56,176,1
1607,56,117,1
1608,56,144,1
1609,56,53,2
1610,56,241,1
1611,56,145,2
1612,56,128,1
1613,56,285,1
1614,57,110,3
1615,57,111,3
1616,57,112,4
1617,57,113,14
1618,57,114,2
1619,57,115,4
1620,57,271,1
1621,57,116,4
1622,57,117,1
1623,57,118,4
1624,57,119,4
1625,57,120,3
1626,57,121,4
1627,57,122,2
1628,57,124,4
1629,57,125,3
1630,57,122,1
1631,57,24,1
1632,57,248,3
1633,57,127,4
1634,57,74,1
1635,57,99,2
1636,57,286,1
1637,57,249,2
1638,58,110,2
1639,58,111,3
1640,58,112,4
1641,58,113,2
1642,58,1,3
1643,58,2,3
1644,58,34,3
1645,58,6,2
1646,58,164,1
1647,58,165,1
1648,58,7,1
1649,58,116,3
1650,58,119,4
1651,58,128,2
1652,58,88,1
1653,58,12,3
1654,58,70,4
1655,58,73,1
1656,58,23,1
1657,58,280,4
1658,58,287,1
1659,58,191,1
1660,58,26,2
1661,58,28,1
1662,58,44,2
1663,58,145,1
1664,58,17,4
1665,58,21,1
1666,58,73,2
1667,58,287,2
1668,58,288,3
1669,58,191,2
1670,58,263,1
1671,58,28,2
1672,58,67,2
1673,59,1,5
1674,59,3,3
1675,59,4,4
1676,59,5,4
1677,59,6,4
1678,59,7,1
1679,59,8,2
1680,59,9,4
1681,59,10,4
1682,59,11,4
1683,59,88,2
1684,59,12,4
1685,59,14,4
1686,59,15,1
1687,59,16,4
1688,59,17,4
1689,59,18,2
1690,59,19,4
1691,59,22,2
1692,59,8,1
1693,59,90,1
1694,59,25,2
1695,59,26,2
1696,59,219,1
1697,59,27,2
1698,59,28,2
1699,59,44,1
1700,59,229,1
1701,60,110,1
1702,60,0,2
1703,60,111,2
1704,60,112,4
1705,60,113,2
1706,60,1,2
1707,60,2,3
1708,60,34,3
1709,60,6,2
1710,60,164,1
1711,60,165,2
1712,60,7,1
1713,60,117,1
1714,60,119,4
1715,60,289,2
1716,60,67,1
1717,60,279,2
1718,60,12,3
1719,60,70,4
1720,60,73,2
1721,60,280,4
1722,60,26,3
1723,60,28,1
1724,60,44,2
1725,60,145,2
1726,60,17,4
1727,60,50,2
1728,60,73,1
1729,60,81,1
1730,60,13,1
1731,60,248,2
1732,60,288,2
1733,60,191,2
1734,60,219,1
1735,60,27,1
1736,60,67,2
1737,61,1,8
1738,61,3,3
1739,61,4,4
1740,61,5,4
1741,61,6,4
1742,61,86,4
1743,61,290,4
1744,61,40,1
1745,61,11,4
1746,61,12,1
1747,61,90,1
1748,61,291,1
1749,61,198,1
1750,61,292,2
1751,61,26,2
1752,61,44,1
1753,61,293,4
1754,61,229,3
1755,61,89,3
1756,61,243,3
1757,61,19,2
1758,61,20,1
1759,61,50,2
1760,61,51,1
1761,61,198,1
1762,61,191,2
1763,61,25,2
1764,61,28,1
1765,61,145,1
1766,61,19,2
1767,61,229,1
1768,61,40,1
1769,62,0,3
1770,62,129,4
1771,62,294,1
1772,62,1,1
1773,62,295,1
1774,62,296,1
1775,62,297,4
1776,62,5,2
1777,62,34,4
1778,62,6,4
1779,62,298,4
1780,62,64,3
1781,62,299,4
1782,62,300,4
1783,62,194,2
1784,62,289,4
1785,62,67,4
1786,62,88,1
1787,62,12,4
1788,62,198,1
1789,62,26,2
1790,62,196,2
1791,62,174,1
1792,62,97,2
1793,62,50,2
1794,62,73,1
1795,62,23,2
1796,62,81,1
1797,62,198,1
1798,62,26,1
1799,62,27,1
1800,62,44,1
1801,62,194,1
1802,62,285,1
1803,63,231,1
1804,63,1,6
1805,63,2,2
1806,63,3,1
1807,63,4,4
1808,63,5,4
1809,63,6,4
1810,63,221,4
1811,63,195,4
1812,63,223,4
1813,63,11,4
1814,63,224,4
1815,63,225,4
1816,63,226,1
1817,63,227,2
1818,63,232,4
1819,63,233,4
1820,63,19,3
1821,63,20,2
1822,63,50,2
1823,63,81,2
1824,63,226,2
1825,63,86,1
1826,63,25,2
1827,63,219,2
1828,63,44,1
1829,63,99,1
1830,64,1,5
1831,64,3,2
1832,64,4,4
1833,64,5,4
1834,64,34,2
1835,64,6,4
1836,64,8,2
1837,64,9,4
1838,64,10,4
1839,64,11,4
1840,64,88,1
1841,64,12,4
1842,64,13,1
1843,64,14,4
1844,64,15,2
1845,64,16,4
1846,64,17,4
1847,64,18,1
1848,64,19,4
1849,64,88,1
1850,64,8,2
1851,64,23,2
1852,64,90,1
1853,64,25,2
1854,64,89,1
1855,64,26,2
1856,64,27,2
1857,64,28,2
1858,65,1,6
1859,65,3,2
1860,65,4,4
1861,65,5,4
1862,65,6,4
1863,65,8,4
1864,65,193,4
1865,65,194,4
1866,65,195,3
1867,65,88,1
1868,65,12,4
1869,65,213,2
1870,65,14,4
1871,65,26,1
1872,65,16,4
1873,65,28,1
1874,65,44,3
1875,65,145,1
1876,65,196,4
1877,65,174,1
1878,65,20,2
1879,65,21,1
1880,65,50,1
1881,65,197,2
1882,65,83,1
1883,65,191,1
1884,65,25,2
1885,65,27,2
1886,65,301,2
1887,66,256,4
1888,66,0,4
1889,66,113,6
1890,66,3,4
1891,66,7,4
1892,66,115,4
1893,66,166,1
1894,66,258,4
1895,66,248,1
1896,66,117,1
1897,66,118,4
1898,66,65,1
1899,66,259,4
1900,66,260,2
1901,66,86,4
1902,66,170,4
1903,66,128,1
1904,66,67,1
1905,66,122,1
1906,66,173,4
1907,66,145,1
1908,66,110,1
1909,66,88,1
1910,66,248,1
1911,66,117,1
1912,66,127,1
1913,66,260,1
1914,66,74,1
1915,66,27,1
1916,66,145,2
1917,66,128,1
1918,66,99,1
1919,66,261,2
1920,66,67,1
1921,67,256,4
1922,67,0,4
1923,67,113,6
1924,67,3,3
1925,67,34,2
1926,67,7,3
1927,67,115,4
1928,67,166,1
1929,67,258,4
1930,67,117,1
1931,67,118,4
1932,67,65,1
1933,67,259,3
1934,67,260,4
1935,67,86,4
1936,67,170,4
1937,67,67,1
1938,67,122,2
1939,67,173,4
1940,67,145,1
1941,67,283,1
1942,67,37,1
1943,67,13,3
1944,67,248,1
1945,67,2,2
1946,67,144,2
1947,67,128,1
1948,67,261,2
1949,67,302,1
1950,67,285,1
1951,68,0,3
1952,68,129,4
1953,68,294,1
1954,68,303,2
1955,68,1,1
1956,68,295,1
1957,68,296,1
1958,68,297,2
1959,68,5,3
1960,68,34,2
1961,68,6,4
1962,68,298,4
1963,68,64,4
1964,68,299,4
1965,68,86,1
1966,68,300,4
1967,68,194,3
1968,68,289,4
1969,68,67,4
1970,68,88,2
1971,68,12,3
1972,68,198,1
1973,68,196,2
1974,68,174,1
1975,68,97,2
1976,68,50,2
1977,68,73,1
1978,68,23,2
1979,68,81,1
1980,68,198,1
1981,68,26,1
1982,68,27,2
1983,68,44,1
1984,68,98,1
1985,69,129,1
1986,69,56,4
1987,69,60,4
1988,69,61,10
1989,69,62,2
1990,69,63,4
1991,69,64,4
1992,69,304,3
1993,69,82,2
1994,69,305,1
1995,69,66,4
1996,69,306,1
1997,69,68,2
1998,69,71,2
1999,69,72,2
2000,69,108,1
2001,69,307,2
2002,69,76,4
2003,69,77,1
2004,69,17,4
2005,69,196,2
2006,69,20,1
2007,69,161,1
2008,69,108,2
2009,69,81,2
2010,69,308,2
2011,69,84,2
2012,69,309,1
2013,69,86,2
2014,69,27,1
2015,69,78,1
2016,70,310,4
2017,70,311,4
2018,70,113,4
2019,70,34,4
2020,70,312,4
2021,70,313,4
2022,70,314,1
2023,70,103,2
2024,70,315,1
2025,70,316,4
2026,70,118,4
2027,70,309,2
2028,70,317,1
2029,70,318,1
2030,70,319,4
2031,70,122,4
2032,70,68,4
2033,70,108,3
2034,70,76,1
2035,70,320,4
2036,70,321,1
2037,70,108,1
2038,70,322,3
2039,70,82,2
2040,70,248,3
2041,70,323,3
2042,70,324,2
2043,71,177,3
2044,71,178,3
2045,71,129,2
2046,71,294,1
2047,71,56,4
2048,71,34,2
2049,71,6,3
2050,71,61,1
2051,71,244,1
2052,71,63,4
2053,71,325,2
2054,71,298,4
2055,71,326,2
2056,71,64,4
2057,71,309,3
2058,71,86,4
2059,71,66,4
2060,71,327,1
2061,71,289,1
2062,71,67,2
2063,71,68,1
2064,71,198,4
2065,71,76,3
2066,71,78,2
2067,71,72,1
2068,71,108,2
2069,71,107,2
2070,71,191,2
2071,71,76,1
2072,71,26,1
2073,71,328,1
2074,71,27,2
2075,71,145,2
2076,71,67,1
2077,72,29,2
2078,72,199,4
2079,72,32,7
2080,72,200,4
2081,72,201,4
2082,72,236,3
2083,72,238,4
2084,72,239,4
2085,72,205,4
2086,72,329,1
2087,72,240,3
2088,72,241,4
2089,72,242,4
2090,72,12,4
2091,72,48,4
2092,72,243,4
2093,72,49,4
2094,72,272,1
2095,72,46,1
2096,72,42,2
2097,72,52,1
2098,72,53,4
2099,72,255,1
2100,72,27,1
2101,73,29,2
2102,73,199,4
2103,73,3,1
2104,73,32,6
2105,73,200,4
2106,73,201,4
2107,73,236,3
2108,73,272,1
2109,73,238,4
2110,73,239,4
2111,73,205,4
2112,73,240,3
2113,73,241,4
2114,73,242,4
2115,73,12,4
2116,73,48,4
2117,73,243,4
2118,73,49,4
2119,73,46,1
2120,73,42,3
2121,73,154,1
2122,73,52,2
2123,73,53,3
2124,73,26,1
2125,74,231,2
2126,74,1,6
2127,74,2,2
2128,74,4,4
2129,74,5,4
2130,74,6,4
2131,74,221,4
2132,74,195,4
2133,74,223,4
2134,74,12,1
2135,74,224,4
2136,74,225,4
2137,74,226,2
2138,74,227,3
2139,74,28,1
2140,74,44,1
2141,74,54,2
2142,74,232,4
2143,74,233,4
2144,74,50,1
2145,74,83,2
2146,74,86,3
2147,74,25,1
2148,74,26,2
2149,74,219,2
2150,74,27,3
2151,74,28,1
2152,75,0,3
2153,75,129,4
2154,75,294,1
2155,75,1,1
2156,75,295,1
2157,75,296,1
2158,75,297,4
2159,75,5,2
2160,75,34,3
2161,75,6,4
2162,75,298,4
2163,75,64,4
2164,75,330,1
2165,75,299,4
2166,75,300,2
2167,75,194,3
2168,75,289,4
2169,75,67,4
2170,75,331,1
2171,75,88,2
2172,75,12,1
2173,75,198,2
2174,75,332,2
2175,75,196,2
2176,75,97,1
2177,75,12,1
2178,75,50,2
2179,75,330,1
2180,75,81,1
2181,75,144,2
2182,75,191,2
2183,75,26,2
2184,75,44,1
2185,75,145,1
2186,75,98,1
2187,76,29,2
2188,76,30,4
2189,76,31,4
2190,76,1,2
2191,76,3,2
2192,76,32,5
2193,76,33,2
2194,76,34,4
2195,76,35,3
2196,76,36,4
2197,76,37,2
2198,76,333,3
2199,76,38,4
2200,76,39,4
2201,76,40,1
2202,76,41,2
2203,76,42,1
2204,76,43,1
2205,76,44,2
2206,76,45,1
2207,76,47,4
2208,76,48,3
2209,76,20,2
2210,76,41,2
2211,76,97,1
2212,76,50,1
2213,76,42,1
2214,76,52,1
2215,76,53,1
2216,76,48,1
2217,76,27,2
2218,76,98,1
2219,76,55,2
2220,77,110,2
2221,77,113,6
2222,77,2,3
2223,77,334,2
2224,77,164,4
2225,77,165,4
2226,77,335,2
2227,77,336,2
2228,77,183,4
2229,77,248,4
2230,77,337,4
2231,77,338,2
2232,77,207,2
2233,77,339,4
2234,77,340,2
2235,77,341,3
2236,77,12,2
2237,77,247,1
2238,77,342,2
2239,77,343,2
2240,77,344,3
2241,77,345,2
2242,77,346,1
2243,77,260,2
2244,77,74,1
2245,77,191,2
2246,77,26,2
2247,77,27,2
2248,77,301,2
2249,77,347,1
2250,78,231,1
2251,78,1,6
2252,78,2,2
2253,78,3,1
2254,78,4,4
2255,78,5,4
2256,78,6,4
2257,78,221,4
2258,78,195,4
2259,78,223,4
2260,78,11,4
2261,78,224,4
2262,78,225,4
2263,78,226,1
2264,78,227,2
2265,78,232,4
2266,78,233,4
2267,78,19,3
2268,78,20,1
2269,78,21,1
2270,78,50,2
2271,78,81,1
2272,78,86,2
2273,78,25,2
2274,78,26,2
2275,78,219,1
2276,78,27,2
2277,78,99,1
2278,79,0,1
2279,79,1,5
2280,79,3,3
2281,79,4,4
2282,79,5,4
2283,79,6,4
2284,79,22,2
2285,79,9,4
2286,79,193,1
2287,79,10,4
2288,79,11,4
2289,79,12,4
2290,79,13,2
2291,79,14,4
2292,79,15,1
2293,79,16,4
2294,79,17,3
2295,79,18,2
2296,79,19,4
2297,79,20,2
2298,79,88,1
2299,79,22,2
2300,79,8,2
2301,79,226,1
2302,79,25,2
2303,79,27,2
2304,79,28,1
2305,79,229,1
2306,79,18,1
2307,80,0,1
2308,80,1,5
2309,80,3,3
2310,80,4,4
2311,80,5,4
2312,80,6,4
2313,80,22,2
2314,80,9,4
2315,80,193,1
2316,80,10,4
2317,80,11,4
2318,80,12,4
2319,80,13,2
2320,80,14,4
2321,80,15,1
2322,80,16,4
2323,80,17,3
2324,80,18,2
2325,80,19,4
2326,80,20,2
2327,80,88,1
2328,80,22,2
2329,80,8,2
2330,80,226,1
2331,80,25,2
2332,80,27,2
2333,80,28,1
2334,80,229,1
2335,80,18,1
2336,81,110,3
2337,81,111,3
2338,81,112,4
2339,81,113,13
2340,81,114,2
2341,81,115,4
2342,81,274,1
2343,81,116,4
2344,81,248,2
2345,81,117,1
2346,81,118,4
2347,81,119,3
2348,81,121,4
2349,81,122,2
2350,81,123,3
2351,81,124,4
2352,81,125,3
2353,81,127,3
2354,81,120,2
2355,81,228,2
2356,81,74,2
2357,81,263,1
2358,81,27,3
2359,81,99,2
2360,82,110,3
2361,82,111,4
2362,82,112,4
2363,82,113,13
2364,82,114,2
2365,82,115,4
2366,82,116,4
2367,82,117,2
2368,82,118,4
2369,82,119,4
2370,82,121,4
2371,82,249,2
2372,82,122,2
2373,82,124,4
2374,82,127,2
2375,82,125,2
2376,82,248,1
2377,82,127,2
2378,82,120,4
2379,82,74,2
2380,82,125,2
2381,82,27,1
2382,82,128,1
2383,82,99,2
2384,83,110,3
2385,83,92,1
2386,83,111,4
2387,83,112,4
2388,83,113,13
2389,83,114,1
2390,83,115,4
2391,83,271,1
2392,83,116,4
2393,83,117,2
2394,83,118,4
2395,83,119,3
2396,83,120,2
2397,83,121,4
2398,83,249,1
2399,83,122,2
2400,83,124,4
2401,83,125,3
2402,83,248,1
2403,83,127,4
2404,83,120,2
2405,83,228,1
2406,83,74,2
2407,83,27,2
2408,83,128,1
2409,83,99,2
2410,84,29,3
2411,84,32,18
2412,84,236,2
2413,84,272,1
2414,84,237,1
2415,84,238,4
2416,84,239,4
2417,84,329,1
2418,84,240,3
2419,84,241,4
2420,84,242,4
2421,84,348,1
2422,84,39,2
2423,84,349,1
2424,84,42,2
2425,84,281,1
2426,84,48,4
2427,84,243,4
2428,84,36,1
2429,84,49,4
2430,84,350,1
2431,84,52,2
2432,84,53,3
2433,84,255,1
2434,84,351,2
2435,84,281,1
2436,85,110,3
2437,85,111,4
2438,85,112,4
2439,85,113,14
2440,85,114,1
2441,85,115,4
2442,85,116,4
2443,85,117,2
2444,85,118,4
2445,85,119,4
2446,85,121,4
2447,85,249,2
2448,85,122,2
2449,85,124,4
2450,85,125,4
2451,85,248,1
2452,85,127,4
2453,85,120,4
2454,85,74,2
2455,85,27,1
2456,85,128,1
2457,85,99,2
2458,86,110,2
2459,86,111,4
2460,86,112,4
2461,86,113,14
2462,86,115,4
2463,86,274,4
2464,86,118,4
2465,86,275,4
2466,86,276,2
2467,86,120,3
2468,86,121,4
2469,86,278,4
2470,86,124,4
2471,86,346,3
2472,86,117,2
2473,86,146,4
2474,86,127,1
2475,86,276,1
2476,86,74,2
2477,86,27,2
2478,86,128,2
2479,86,277,1
2480,87,1,8
2481,87,4,4
2482,87,5,4
2483,87,6,4
2484,87,8,4
2485,87,193,4
2486,87,194,4
2487,87,195,2
2488,87,88,1
2489,87,12,4
2490,87,213,1
2491,87,13,1
2492,87,14,4
2493,87,26,1
2494,87,16,4
2495,87,28,2
2496,87,44,3
2497,87,54,1
2498,87,196,4
2499,87,174,1
2500,87,20,2
2501,87,50,2
2502,87,23,2
2503,87,81,1
2504,87,197,2
2505,87,27,2
2506,87,145,1
2507,87,91,2
2508,88,129,3
2509,88,199,4
2510,88,264,4
2511,88,2,4
2512,88,3,1
2513,88,200,4
2514,88,201,4
2515,88,49,4
2516,88,175,2
2517,88,265,4
2518,88,239,4
2519,88,205,4
2520,88,266,4
2521,88,270,3
2522,88,39,4
2523,88,12,4
2524,88,42,3
2525,88,162,4
2526,88,47,2
2527,88,191,2
2528,88,52,3
2529,88,53,3
2530,88,212,1
2531,89,1,5
2532,89,3,3
2533,89,4,4
2534,89,5,4
2535,89,6,4
2536,89,7,1
2537,89,8,2
2538,89,9,4
2539,89,10,4
2540,89,11,4
2541,89,12,4
2542,89,13,2
2543,89,14,4
2544,89,26,1
2545,89,16,4
2546,89,17,4
2547,89,18,1
2548,89,89,1
2549,89,19,4
2550,89,21,2
2551,89,8,2
2552,89,23,2
2553,89,90,1
2554,89,25,2
2555,89,89,1
2556,89,26,1
2557,89,27,2
2558,89,28,2
2559,90,110,3
2560,90,111,3
2561,90,112,4
2562,90,113,14
2563,90,114,2
2564,90,115,4
2565,90,116,4
2566,90,117,2
2567,90,118,4
2568,90,119,3
2569,90,120,2
2570,90,121,4
2571,90,249,2
2572,90,122,2
2573,90,124,4
2574,90,125,3
2575,90,248,2
2576,90,127,4
2577,90,120,2
2578,90,228,2
2579,90,74,1
2580,90,220,1
2581,90,128,1
2582,90,99,2
2583,91,29,4
2584,91,32,16
2585,91,100,1
2586,91,236,3
2587,91,272,1
2588,91,237,2
2589,91,238,4
2590,91,239,4
2591,91,240,3
2592,91,241,4
2593,91,242,4
2594,91,39,2
2595,91,42,4
2596,91,48,4
2597,91,243,4
2598,91,41,1
2599,91,49,4
2600,91,273,1
2601,91,52,2
2602,91,53,3
2603,91,255,2
2604,91,351,2
2605,92,0,4
2606,92,113,1
2607,92,31,1
2608,92,130,4
2609,92,3,4
2610,92,34,4
2611,92,131,4
2612,92,115,4
2613,92,257,2
2614,92,166,1
2615,92,258,4
2616,92,248,1
2617,92,118,4
2618,92,259,3
2619,92,260,2
2620,92,86,4
2621,92,170,4
2622,92,173,4
2623,92,127,1
2624,92,48,3
2625,92,261,1
2626,92,97,1
2627,92,50,1
2628,92,352,1
2629,92,176,1
2630,92,144,2
2631,92,53,2
2632,92,241,3
2633,92,27,1
2634,92,145,2
2635,92,261,1
2636,93,29,4
2637,93,32,17
2638,93,234,1
2639,93,235,1
2640,93,236,4
2641,93,237,1
2642,93,238,4
2643,93,239,4
2644,93,240,3
2645,93,241,4
2646,93,242,4
2647,93,39,1
2648,93,42,4
2649,93,48,4
2650,93,243,4
2651,93,49,4
2652,93,46,1
2653,93,154,1
2654,93,52,2
2655,93,53,4
2656,93,255,3
2657,94,294,1
2658,94,1,5
2659,94,3,3
2660,94,4,4
2661,94,5,4
2662,94,6,4
2663,94,9,4
2664,94,86,2
2665,94,10,4
2666,94,11,4
2667,94,12,4
2668,94,13,2
2669,94,14,4
2670,94,16,4
2671,94,17,2
2672,94,229,2
2673,94,18,1
2674,94,89,2
2675,94,19,4
2676,94,20,1
2677,94,21,1
2678,94,8,2
2679,94,23,2
2680,94,25,2
2681,94,27,3
2682,94,28,2
2683,94,44,2
2684,95,110,3
2685,95,111,4
2686,95,112,4
2687,95,113,14
2688,95,114,1
2689,95,115,4
2690,95,116,4
2691,95,117,2
2692,95,118,4
2693,95,119,4
2694,95,121,4
2695,95,122,1
2696,95,247,1
2697,95,147,1
2698,95,124,4
2699,95,127,2
2700,95,125,3
2701,95,248,1
2702,95,127,2
2703,95,120,4
2704,95,74,2
2705,95,220,1
2706,95,27,2
2707,95,128,2
2708,95,99,1
2709,96,231,2
2710,96,1,6
2711,96,2,2
2712,96,4,4
2713,96,5,4
2714,96,6,4
2715,96,221,4
2716,96,40,1
2717,96,195,4
2718,96,223,4
2719,96,12,1
2720,96,224,4
2721,96,225,4
2722,96,13,1
2723,96,226,1
2724,96,227,2
2725,96,28,1
2726,96,44,1
2727,96,54,2
2728,96,232,4
2729,96,233,4
2730,96,20,2
2731,96,50,1
2732,96,81,1
2733,96,24,1
2734,96,83,1
2735,96,191,1
2736,96,86,1
2737,96,25,2
2738,96,26,2
2739,96,27,1
2740,96,44,1
2741,96,40,1
2742,97,110,3
2743,97,111,4
2744,97,112,4
2745,97,113,13
2746,97,114,2
2747,97,115,4
2748,97,116,4
2749,97,117,2
2750,97,118,4
2751,97,119,4
2752,97,120,2
2753,97,121,4
2754,97,122,2
2755,97,124,4
2756,97,125,4
2757,97,248,1
2758,97,127,4
2759,97,120,2
2760,97,228,1
2761,97,74,2
2762,97,27,1
2763,97,128,1
2764,97,353,1
2765,97,99,2
2766,98,110,3
2767,98,111,4
2768,98,112,4
2769,98,113,14
2770,98,114,1
2771,98,115,4
2772,98,116,4
2773,98,117,1
2774,98,118,4
2775,98,119,4
2776,98,121,4
2777,98,128,1
2778,98,122,2
2779,98,147,1
2780,98,124,4
2781,98,127,2
2782,98,125,3
2783,98,24,1
2784,98,248,1
2785,98,127,2
2786,98,120,4
2787,98,74,1
2788,98,250,1
2789,98,220,1
2790,98,128,1
2791,98,353,1
2792,98,99,2
2793,99,256,2
2794,99,0,4
2795,99,113,1
2796,99,130,4
2797,99,3,2
2798,99,34,4
2799,99,131,4
2800,99,7,1
2801,99,115,4
2802,99,257,1
2803,99,166,1
2804,99,258,4
2805,99,118,4
2806,99,259,3
2807,99,260,2
2808,99,86,4
2809,99,170,4
2810,99,88,1
2811,99,173,4
2812,99,127,1
2813,99,48,4
2814,99,27,1
2815,99,97,1
2816,99,50,1
2817,99,352,1
2818,99,248,1
2819,99,117,1
2820,99,127,1
2821,99,144,2
2822,99,53,2
2823,99,241,1
2824,99,145,2
2825,99,67,2
2826,100,231,2
2827,100,1,6
2828,100,2,2
2829,100,4,4
2830,100,5,4
2831,100,6,4
2832,100,221,4
2833,100,195,4
2834,100,223,4
2835,100,12,1
2836,100,224,4
2837,100,225,4
2838,100,226,2
2839,100,227,3
2840,100,28,1
2841,100,44,1
2842,100,54,2
2843,100,232,4
2844,100,233,4
2845,100,20,1
2846,100,21,1
2847,100,50,1
2848,100,81,1
2849,100,24,2
2850,100,83,1
2851,100,86,2
2852,100,25,1
2853,100,26,1
2854,100,28,1
2855,100,44,1
2856,100,40,2
2857,101,231,2
2858,101,1,5
2859,101,2,2
2860,101,3,1
2861,101,4,4
2862,101,5,4
2863,101,6,4
2864,101,221,4
2865,101,195,4
2866,101,223,4
2867,101,11,3
2868,101,12,1
2869,101,224,4
2870,101,225,4
2871,101,226,1
2872,101,227,3
2873,101,232,4
2874,101,233,4
2875,101,25,2
2876,101,20,2
2877,101,21,1
2878,101,12,1
2879,101,50,1
2880,101,81,1
2881,101,226,1
2882,101,26,1
2883,101,27,1
2884,101,28,2
2885,101,44,1
2886,101,54,1
2887,101,40,2
2888,102,1,4
2889,102,3,3
2890,102,4,4
2891,102,5,4
2892,102,6,4
2893,102,7,2
2894,102,22,3
2895,102,9,4
2896,102,10,4
2897,102,11,4
2898,102,12,3
2899,102,14,4
2900,102,15,2
2901,102,16,4
2902,102,17,4
2903,102,229,2
2904,102,18,1
2905,102,19,4
2906,102,21,2
2907,102,23,2
2908,102,90,2
2909,102,86,2
2910,102,25,1
2911,102,89,1
2912,102,26,2
2913,102,27,1
2914,102,28,2
2915,103,1,6
2916,103,3,3
2917,103,4,4
2918,103,5,4
2919,103,6,4
2920,103,8,2
2921,103,9,4
2922,103,10,4
2923,103,174,1
2924,103,11,4
2925,103,88,1
2926,103,12,3
2927,103,14,4
2928,103,15,1
2929,103,16,4
2930,103,17,4
2931,103,229,1
2932,103,230,1
2933,103,18,1
2934,103,19,4
2935,103,20,1
2936,103,21,1
2937,103,90,1
2938,103,24,1
2939,103,191,1
2940,103,86,1
2941,103,25,2
2942,103,89,1
2943,103,219,1
2944,103,27,2
2945,103,28,1
2946,103,44,1
2947,103,229,1
2948,104,1,6
2949,104,3,2
2950,104,4,4
2951,104,5,4
2952,104,6,4
2953,104,7,1
2954,104,8,3
2955,104,9,3
2956,104,10,4
2957,104,11,4
2958,104,88,1
2959,104,12,4
2960,104,13,1
2961,104,226,1
2962,104,14,4
2963,104,16,4
2964,104,17,4
2965,104,18,1
2966,104,89,1
2967,104,19,4
2968,104,20,1
2969,104,21,1
2970,104,90,2
2971,104,191,1
2972,104,25,2
2973,104,26,1
2974,104,219,1
2975,104,27,2
2976,104,28,1
2977,104,44,1
2978,104,229,2
2979,105,1,6
2980,105,3,3
2981,105,4,4
2982,105,5,4
2983,105,6,4
2984,105,8,3
2985,105,9,4
2986,105,10,4
2987,105,11,4
2988,105,88,1
2989,105,12,4
2990,105,13,2
2991,105,14,4
2992,105,16,4
2993,105,17,4
2994,105,18,1
2995,105,19,4
2996,105,20,1
2997,105,22,2
2998,105,226,1
2999,105,25,2
3000,105,89,1
3001,105,26,1
3002,105,27,3
3003,105,28,2
3004,105,44,1
3005,105,229,1
3006,106,1,5
3007,106,3,3
3008,106,4,4
3009,106,5,4
3010,106,6,4
3011,106,7,1
3012,106,8,3
3013,106,9,3
3014,106,10,4
3015,106,11,4
3016,106,88,1
3017,106,12,4
3018,106,13,1
3019,106,14,4
3020,106,26,1
3021,106,16,4
3022,106,17,4
3023,106,18,1
3024,106,89,1
3025,106,19,4
3026,106,21,1
3027,106,23,1
3028,106,90,2
3029,106,25,2
3030,106,89,1
3031,106,26,1
3032,106,219,1
3033,106,27,2
3034,106,28,2
3035,106,229,1
3036,106,214,1
3037,107,110,3
3038,107,111,4
3039,107,112,4
3040,107,113,14
3041,107,114,1
3042,107,115,4
3043,107,116,4
3044,107,248,2
3045,107,117,1
3046,107,118,4
3047,107,119,4
3048,107,121,4
3049,107,122,1
3050,107,247,2
3051,107,124,4
3052,107,125,4
3053,107,127,3
3054,107,120,4
3055,107,228,2
3056,107,74,2
3057,107,354,1
3058,107,27,1
3059,107,128,2
3060,108,199,4
3061,108,2,8
3062,108,3,2
3063,108,200,4
3064,108,201,4
3065,108,235,1
3066,108,355,4
3067,108,356,2
3068,108,204,4
3069,108,357,2
3070,108,205,3
3071,108,10,4
3072,108,208,4
3073,108,12,4
3074,108,280,2
3075,108,209,4
3076,108,358,4
3077,108,359,2
3078,108,162,1
3079,108,205,1
3080,108,53,2
3081,108,48,2
3082,108,26,2
3083,108,281,1
3084,108,301,3
3085,108,360,1
3086,109,56,4
3087,109,1,3
3088,109,3,4
3089,109,100,3
3090,109,34,2
3091,109,61,5
3092,109,63,4
3093,109,102,2
3094,109,103,4
3095,109,361,4
3096,109,37,4
3097,109,38,4
3098,109,85,1
3099,109,55,3
3100,109,68,2
3101,109,76,4
3102,109,77,2
3103,109,28,1
3104,109,107,4
3105,109,20,2
3106,109,71,2
3107,109,50,2
3108,109,108,2
3109,109,83,1
3110,109,85,1
3111,109,27,1
3112,109,78,2
3113,109,98,1
3114,109,40,1
3115,110,231,1
3116,110,1,6
3117,110,2,2
3118,110,3,1
3119,110,4,4
3120,110,5,4
3121,110,6,4
3122,110,221,4
3123,110,195,4
3124,110,223,4
3125,110,11,1
3126,110,12,1
3127,110,224,4
3128,110,225,4
3129,110,226,2
3130,110,227,3
3131,110,28,1
3132,110,44,1
3133,110,54,1
3134,110,232,4
3135,110,233,4
3136,110,174,1
3137,110,20,2
3138,110,50,1
3139,110,81,2
3140,110,25,2
3141,110,26,1
3142,110,219,1
3143,110,27,1
3144,110,44,1
3145,110,99,1
3146,110,40,2
3147,111,231,2
3148,111,1,6
3149,111,2,2
3150,111,4,4
3151,111,5,4
3152,111,6,4
3153,111,221,4
3154,111,195,4
3155,111,223,4
3156,111,224,4
3157,111,225,4
3158,111,226,2
3159,111,227,3
3160,111,28,1
3161,111,44,1
3162,111,54,2
3163,111,332,1
3164,111,232,4
3165,111,233,4
3166,111,174,1
3167,111,20,1
3168,111,21,2
3169,111,50,1
3170,111,81,2
3171,111,83,1
3172,111,86,2
3173,111,25,1
3174,111,27,2
3175,111,40,2
3176,112,231,1
3177,112,1,6
3178,112,2,2
3179,112,3,1
3180,112,4,4
3181,112,5,4
3182,112,6,4
3183,112,221,4
3184,112,195,3
3185,112,223,4
3186,112,11,4
3187,112,224,4
3188,112,225,4
3189,112,226,1
3190,112,227,3
3191,112,232,4
3192,112,233,4
3193,112,19,3
3194,112,20,2
3195,112,50,1
3196,112,81,2
3197,112,24,2
3198,112,83,1
3199,112,25,2
3200,112,26,1
3201,112,99,2
3202,112,40,2
3203,113,0,1
3204,113,1,6
3205,113,3,2
3206,113,4,4
3207,113,5,4
3208,113,6,4
3209,113,8,2
3210,113,9,3
3211,113,10,4
3212,113,11,4
3213,113,88,2
3214,113,12,4
3215,113,14,4
3216,113,26,1
3217,113,15,1
3218,113,16,4
3219,113,17,4
3220,113,18,1
3221,113,89,1
3222,113,19,4
3223,113,20,1
3224,113,21,1
3225,113,22,2
3226,113,23,1
3227,113,90,2
3228,113,25,2
3229,113,89,1
3230,113,26,1
3231,113,27,2
3232,113,28,2
3233,114,1,6
3234,114,3,3
3235,114,4,4
3236,114,5,4
3237,114,6,4
3238,114,8,2
3239,114,9,4
3240,114,10,4
3241,114,174,1
3242,114,11,4
3243,114,88,1
3244,114,12,3
3245,114,13,1
3246,114,14,4
3247,114,15,1
3248,114,16,4
3249,114,17,4
3250,114,229,1
3251,114,18,1
3252,114,19,4
3253,114,20,1
3254,114,21,1
3255,114,23,1
3256,114,90,1
3257,114,24,1
3258,114,86,1
3259,114,25,2
3260,114,89,1
3261,114,219,1
3262,114,27,2
3263,114,28,2
3264,114,229,1
3265,115,1,5
3266,115,3,3
3267,115,4,4
3268,115,5,4
3269,115,6,4
3270,115,7,1
3271,115,8,3
3272,115,9,4
3273,115,10,4
3274,115,11,4
3275,115,88,1
3276,115,12,4
3277,115,13,1
3278,115,14,4
3279,115,15,1
3280,115,16,4
3281,115,17,3
3282,115,18,1
3283,115,89,1
3284,115,19,4
3285,115,20,1
3286,115,21,1
3287,115,90,2
3288,115,24,2
3289,115,25,2
3290,115,362,1
3291,115,26,2
3292,115,219,1
3293,115,28,2
3294,115,353,1
3295,116,1,6
3296,116,3,2
3297,116,4,4
3298,116,5,4
3299,116,6,4
3300,116,7,1
3301,116,8,3
3302,116,9,3
3303,116,10,4
3304,116,11,4
3305,116,12,4
3306,116,13,2
3307,116,14,4
3308,116,26,1
3309,116,16,4
3310,116,17,4
3311,116,18,1
3312,116,89,1
3313,116,19,4
3314,116,20,1
3315,116,21,1
3316,116,23,2
3317,116,90,2
3318,116,25,2
3319,116,89,1
3320,116,27,2
3321,116,28,2
3322,116,44,1
3323,116,229,1
3324,117,1,5
3325,117,3,3
3326,117,4,4
3327,117,5,4
3328,117,6,4
3329,117,7,1
3330,117,8,3
3331,117,9,4
3332,117,10,4
3333,117,11,4
3334,117,88,1
3335,117,12,3
3336,117,13,1
3337,117,14,4
3338,117,26,1
3339,117,16,4
3340,117,17,3
3341,117,229,1
3342,117,18,1
3343,117,89,1
3344,117,19,4
3345,117,20,1
3346,117,21,1
3347,117,90,2
3348,117,24,2
3349,117,25,2
3350,117,362,1
3351,117,26,1
3352,117,28,2
3353,117,353,1
3354,117,40,2
3355,118,1,6
3356,118,3,2
3357,118,4,4
3358,118,5,4
3359,118,6,4
3360,118,7,1
3361,118,8,3
3362,118,9,3
3363,118,10,4
3364,118,11,4
3365,118,88,2
3366,118,12,4
3367,118,14,4
3368,118,26,1
3369,118,15,1
3370,118,16,4
3371,118,17,4
3372,118,18,1
3373,118,19,4
3374,118,21,1
3375,118,23,1
3376,118,90,2
3377,118,24,1
3378,118,25,2
3379,118,89,1
3380,118,219,1
3381,118,27,2
3382,118,28,2
3383,118,44,1
3384,118,229,1
3385,119,1,6
3386,119,3,2
3387,119,4,4
3388,119,5,4
3389,119,6,4
3390,119,7,1
3391,119,8,2
3392,119,9,4
3393,119,10,4
3394,119,11,4
3395,119,88,1
3396,119,12,4
3397,119,13,1
3398,119,14,4
3399,119,15,1
3400,119,16,4
3401,119,17,4
3402,119,18,1
3403,119,89,1
3404,119,19,4
3405,119,21,1
3406,119,8,2
3407,119,23,1
3408,119,90,2
3409,119,226,1
3410,119,25,2
3411,119,89,1
3412,119,27,2
3413,119,28,2
3414,119,44,1
3415,120,110,4
3416,120,111,4
3417,120,112,4
3418,120,113,14
3419,120,115,4
3420,120,116,4
3421,120,118,4
3422,120,119,3
3423,120,121,4
3424,120,249,2
3425,120,122,1
3426,120,123,3
3427,120,124,4
3428,120,127,2
3429,120,125,3
3430,120,248,1
3431,120,117,1
3432,120,127,2
3433,120,120,3
3434,120,228,1
3435,120,74,2
3436,120,27,2
3437,120,128,1
3438,120,99,2
3439,121,110,3
3440,121,111,4
3441,121,112,4
3442,121,113,13
3443,121,114,2
3444,121,115,4
3445,121,116,4
3446,121,248,2
3447,121,117,2
3448,121,118,4
3449,121,119,4
3450,121,121,4
3451,121,122,2
3452,121,124,4
3453,121,125,4
3454,121,127,4
3455,121,120,3
3456,121,74,2
3457,121,27,1
3458,121,128,2
3459,121,99,3
3460,122,110,3
3461,122,111,3
3462,122,112,4
3463,122,113,14
3464,122,114,2
3465,122,115,4
3466,122,116,4
3467,122,117,2
3468,122,118,4
3469,122,119,4
3470,122,276,1
3471,122,120,2
3472,122,121,4
3473,122,122,2
3474,122,124,4
3475,122,125,3
3476,122,248,1
3477,122,127,4
3478,122,120,2
3479,122,228,1
3480,122,74,2
3481,122,27,2
3482,122,128,1
3483,122,99,2
3484,123,0,4
3485,123,113,1
3486,123,130,4
3487,123,3,4
3488,123,34,4
3489,123,131,3
3490,123,7,2
3491,123,115,4
3492,123,257,2
3493,123,166,1
3494,123,258,4
3495,123,248,2
3496,123,118,4
3497,123,259,2
3498,123,260,2
3499,123,86,4
3500,123,170,4
3501,123,122,2
3502,123,173,4
3503,123,127,1
3504,123,48,2
3505,123,284,1
3506,123,248,1
3507,123,127,2
3508,123,144,2
3509,123,53,1
3510,123,241,2
3511,123,48,1
3512,123,27,1
3513,123,145,2
3514,123,128,1
3515,123,285,1
3516,124,110,3
3517,124,111,4
3518,124,112,4
3519,124,113,13
3520,124,114,2
3521,124,115,4
3522,124,116,4
3523,124,118,4
3524,124,119,4
3525,124,120,2
3526,124,121,4
3527,124,249,2
3528,124,122,2
3529,124,124,4
3530,124,125,4
3531,124,248,1
3532,124,127,4
3533,124,120,2
3534,124,74,2
3535,124,27,2
3536,124,128,2
3537,124,99,2
3538,125,110,4
3539,125,111,3
3540,125,112,4
3541,125,113,14
3542,125,114,1
3543,125,115,4
3544,125,116,4
3545,125,117,1
3546,125,118,4
3547,125,119,3
3548,125,121,4
3549,125,128,2
3550,125,123,4
3551,125,147,2
3552,125,124,4
3553,125,127,2
3554,125,127,2
3555,125,120,4
3556,125,74,2
3557,125,263,1
3558,125,220,2
3559,125,27,3
3560,125,128,1
3561,126,231,2
3562,126,1,6
3563,126,2,2
3564,126,4,4
3565,126,5,4
3566,126,6,4
3567,126,221,4
3568,126,195,4
3569,126,223,4
3570,126,11,4
3571,126,224,4
3572,126,225,4
3573,126,227,2
3574,126,232,4
3575,126,233,4
3576,126,19,4
3577,126,20,1
3578,126,21,1
3579,126,73,1
3580,126,81,2
3581,126,226,1
3582,126,86,2
3583,126,25,2
3584,126,26,1
3585,126,219,2
3586,126,28,2
3587,127,56,4
3588,127,3,2
3589,127,60,4
3590,127,61,10
3591,127,62,1
3592,127,63,4
3593,127,64,4
3594,127,304,3
3595,127,82,2
3596,127,305,1
3597,127,66,4
3598,127,306,1
3599,127,68,2
3600,127,71,2
3601,127,72,2
3602,127,108,1
3603,127,307,2
3604,127,76,4
3605,127,77,1
3606,127,17,4
3607,127,196,2
3608,127,20,2
3609,127,108,2
3610,127,81,2
3611,127,308,2
3612,127,363,2
3613,127,84,2
3614,127,86,2
3615,127,78,1
3616,128,231,1
3617,128,1,5
3618,128,2,2
3619,128,3,2
3620,128,4,4
3621,128,5,4
3622,128,6,4
3623,128,221,4
3624,128,195,4
3625,128,223,4
3626,128,11,2
3627,128,12,1
3628,128,224,4
3629,128,225,4
3630,128,226,2
3631,128,227,2
3632,128,54,2
3633,128,232,4
3634,128,233,4
3635,128,25,1
3636,128,20,1
3637,128,21,1
3638,128,50,2
3639,128,81,1
3640,128,83,1
3641,128,86,2
3642,128,25,1
3643,128,26,2
3644,128,27,2
3645,128,28,1
3646,128,40,1
3647,129,1,6
3648,129,3,2
3649,129,4,4
3650,129,5,4
3651,129,6,4
3652,129,7,1
3653,129,8,3
3654,129,9,3
3655,129,10,4
3656,129,11,4
3657,129,12,4
3658,129,13,2
3659,129,14,4
3660,129,15,3
3661,129,16,4
3662,129,17,4
3663,129,19,4
3664,129,50,1
3665,129,23,2
3666,129,90,1
3667,129,25,3
3668,129,26,2
3669,129,27,2
3670,129,28,3
3671,129,44,1
3672,130,110,4
3673,130,111,2
3674,130,112,4
3675,130,113,14
3676,130,114,2
3677,130,115,4
3678,130,116,4
3679,130,118,4
3680,130,119,4
3681,130,121,4
3682,130,128,2
3683,130,122,1
3684,130,123,4
3685,130,147,1
3686,130,124,4
3687,130,127,2
3688,130,126,2
3689,130,127,2
3690,130,120,4
3691,130,74,2
3692,130,147,1
3693,130,27,3
3694,130,128,1
3695,131,0,4
3696,131,113,1
3697,131,130,4
3698,131,3,4
3699,131,34,4
3700,131,131,3
3701,131,7,2
3702,131,115,4
3703,131,257,2
3704,131,166,1
3705,131,258,4
3706,131,248,2
3707,131,118,4
3708,131,259,2
3709,131,260,2
3710,131,86,4
3711,131,170,4
3712,131,122,2
3713,131,173,4
3714,131,127,1
3715,131,48,2
3716,131,42,1
3717,131,248,1
3718,131,127,2
3719,131,144,2
3720,131,241,2
3721,131,48,1
3722,131,27,2
3723,131,145,2
3724,131,128,1
3725,131,285,1
3726,132,1,6
3727,132,3,2
3728,132,4,4
3729,132,5,4
3730,132,6,4
3731,132,7,1
3732,132,8,3
3733,132,9,3
3734,132,10,4
3735,132,11,4
3736,132,12,4
3737,132,13,2
3738,132,14,4
3739,132,26,1
3740,132,16,4
3741,132,17,4
3742,132,18,1
3743,132,89,1
3744,132,19,4
3745,132,20,1
3746,132,21,1
3747,132,23,2
3748,132,90,2
3749,132,25,2
3750,132,89,1
3751,132,26,1
3752,132,27,2
3753,132,28,2
3754,132,229,1
3755,133,1,5
3756,133,3,3
3757,133,4,4
3758,133,5,4
3759,133,6,4
3760,133,7,1
3761,133,8,2
3762,133,9,4
3763,133,10,4
3764,133,11,4
3765,133,12,4
3766,133,13,2
3767,133,14,4
3768,133,15,2
3769,133,16,4
3770,133,17,4
3771,133,18,1
3772,133,19,4
3773,133,20,1
3774,133,90,1
3775,133,191,2
3776,133,86,1
3777,133,25,2
3778,133,26,2
3779,133,27,2
3780,133,28,2
3781,133,44,1
3782,133,229,1
3783,134,1,5
3784,134,3,3
3785,134,4,4
3786,134,5,4
3787,134,6,4
3788,134,7,1
3789,134,22,2
3790,134,8,1
3791,134,9,4
3792,134,10,4
3793,134,11,4
3794,134,88,1
3795,134,12,4
3796,134,13,1
3797,134,14,4
3798,134,15,1
3799,134,16,4
3800,134,17,4
3801,134,18,1
3802,134,19,4
3803,134,22,2
3804,134,8,2
3805,134,193,2
3806,134,25,2
3807,134,89,1
3808,134,26,2
3809,134,27,2
3810,134,28,1
3811,134,44,1
3812,135,294,1
3813,135,364,1
3814,135,30,4
3815,135,31,3
3816,135,1,1
3817,135,32,1
3818,135,33,3
3819,135,200,4
3820,135,5,2
3821,135,6,4
3822,135,201,2
3823,135,35,3
3824,135,365,3
3825,135,366,3
3826,135,55,1
3827,135,95,2
3828,135,42,4
3829,135,209,4
3830,135,43,1
3831,135,191,1
3832,135,154,1
3833,135,17,4
3834,135,46,1
3835,135,48,2
3836,135,91,4
3837,135,50,1
3838,135,162,2
3839,135,46,1
3840,135,81,1
3841,135,83,1
3842,135,191,1
3843,135,52,1
3844,135,53,3
3845,135,96,1
3846,135,39,3
3847,136,177,4
3848,136,178,4
3849,136,2,4
3850,136,3,3
3851,136,179,1
3852,136,34,3
3853,136,61,3
3854,136,180,4
3855,136,181,1
3856,136,182,2
3857,136,184,3
3858,136,185,2
3859,136,186,4
3860,136,187,4
3861,136,188,4
3862,136,68,2
3863,136,76,2
3864,136,189,3
3865,136,190,4
3866,136,233,3
3867,136,108,2
3868,136,308,2
3869,136,191,2
3870,136,77,1
3871,136,328,2
3872,136,27,2
3873,136,78,2
3874,136,192,2
3875,137,56,4
3876,137,60,4
3877,137,61,11
3878,137,62,2
3879,137,63,4
3880,137,64,4
3881,137,304,3
3882,137,82,1
3883,137,305,1
3884,137,309,1
3885,137,85,3
3886,137,86,2
3887,137,66,4
3888,137,306,1
3889,137,68,2
3890,137,71,1
3891,137,72,1
3892,137,307,2
3893,137,76,4
3894,137,17,3
3895,137,196,2
3896,137,20,2
3897,137,161,1
3898,137,71,1
3899,137,50,1
3900,137,108,3
3901,137,81,1
3902,137,24,1
3903,137,367,1
3904,137,86,1
3905,137,77,2
3906,137,27,1
3907,138,231,1
3908,138,111,3
3909,138,112,4
3910,138,113,3
3911,138,1,3
3912,138,2,2
3913,138,34,3
3914,138,6,2
3915,138,164,1
3916,138,165,1
3917,138,7,1
3918,138,116,3
3919,138,119,4
3920,138,290,1
3921,138,67,1
3922,138,70,4
3923,138,73,1
3924,138,23,1
3925,138,225,3
3926,138,280,4
3927,138,191,1
3928,138,26,3
3929,138,254,3
3930,138,28,1
3931,138,44,1
3932,138,17,4
3933,138,54,1
3934,138,21,1
3935,138,50,2
3936,138,287,1
3937,138,288,2
3938,138,191,1
3939,138,263,1
3940,138,219,1
3941,138,27,2
3942,138,28,1
3943,138,44,1
3944,138,128,2
3945,139,29,4
3946,139,32,16
3947,139,100,1
3948,139,236,4
3949,139,272,1
3950,139,368,1
3951,139,237,2
3952,139,238,4
3953,139,239,4
3954,139,240,2
3955,139,241,4
3956,139,242,4
3957,139,39,1
3958,139,42,4
3959,139,48,4
3960,139,243,4
3961,139,49,4
3962,139,273,1
3963,139,52,2
3964,139,53,3
3965,139,255,3
3966,139,351,2
3967,140,0,4
3968,140,129,1
3969,140,30,4
3970,140,31,1
3971,140,130,4
3972,140,369,1
3973,140,32,1
3974,140,34,4
3975,140,131,4
3976,140,35,4
3977,140,133,4
3978,140,115,1
3979,140,136,4
3980,140,370,3
3981,140,118,4
3982,140,86,2
3983,140,55,1
3984,140,41,2
3985,140,141,4
3986,140,48,3
3987,140,371,4
3988,140,41,1
3989,140,36,1
3990,140,372,2
3991,140,142,1
3992,140,129,1
3993,140,51,1
3994,140,143,1
3995,140,86,1
3996,140,53,2
3997,140,48,1
3998,140,145,1
3999,140,55,2
4000,141,0,4
4001,141,129,1
4002,141,30,3
4003,141,31,3
4004,141,130,4
4005,141,32,1
4006,141,34,4
4007,141,131,4
4008,141,35,4
4009,141,132,4
4010,141,133,4
4011,141,115,4
4012,141,134,4
4013,141,136,4
4014,141,118,4
4015,141,140,3
4016,141,141,4
4017,141,48,1
4018,141,41,2
4019,141,36,1
4020,141,372,2
4021,141,129,1
4022,141,143,1
4023,141,53,2
4024,141,48,3
4025,141,145,1
4026,141,67,2
4027,142,231,1
4028,142,1,6
4029,142,2,2
4030,142,3,1
4031,142,4,4
4032,142,5,4
4033,142,6,4
4034,142,221,4
4035,142,195,4
4036,142,223,4
4037,142,11,3
4038,142,12,1
4039,142,224,4
4040,142,225,4
4041,142,226,1
4042,142,227,3
4043,142,232,4
4044,142,233,4
4045,142,25,2
4046,142,20,1
4047,142,21,1
4048,142,12,1
4049,142,50,1
4050,142,81,1
4051,142,86,1
4052,142,26,1
4053,142,219,2
4054,142,27,1
4055,142,28,2
4056,142,44,1
4057,142,40,2
4058,143,1,6
4059,143,3,2
4060,143,4,4
4061,143,5,4
4062,143,6,4
4063,143,7,1
4064,143,8,3
4065,143,9,3
4066,143,10,4
4067,143,11,4
4068,143,12,4
4069,143,13,2
4070,143,14,4
4071,143,26,2
4072,143,16,4
4073,143,17,4
4074,143,18,1
4075,143,19,4
4076,143,20,2
4077,143,21,1
4078,143,23,2
4079,143,90,2
4080,143,86,1
4081,143,25,2
4082,143,89,1
4083,143,27,2
4084,143,28,2
4085,144,1,5
4086,144,3,3
4087,144,4,4
4088,144,5,4
4089,144,6,4
4090,144,7,1
4091,144,8,3
4092,144,9,3
4093,144,10,4
4094,144,11,4
4095,144,12,4
4096,144,13,2
4097,144,14,4
4098,144,15,1
4099,144,16,4
4100,144,17,4
4101,144,18,1
4102,144,89,1
4103,144,19,4
4104,144,20,1
4105,144,22,2
4106,144,23,1
4107,144,90,2
4108,144,25,2
4109,144,26,1
4110,144,27,2
4111,144,28,2
4112,144,229,2
4113,145,1,5
4114,145,3,3
4115,145,4,4
4116,145,5,4
4117,145,6,4
4118,145,7,1
4119,145,8,2
4120,145,9,4
4121,145,10,4
4122,145,11,4
4123,145,88,1
4124,145,12,4
4125,145,13,1
4126,145,14,4
4127,145,15,1
4128,145,16,4
4129,145,17,4
4130,145,18,2
4131,145,19,4
4132,145,20,1
4133,145,88,1
4134,145,8,1
4135,145,23,1
4136,145,13,1
4137,145,191,1
4138,145,25,1
4139,145,27,2
4140,145,28,1
4141,145,44,3
4142,145,91,1
4143,145,229,1
4144,146,1,6
4145,146,3,2
4146,146,4,4
4147,146,5,4
4148,146,6,4
4149,146,8,4
4150,146,193,4
4151,146,194,4
4152,146,195,2
4153,146,174,1
4154,146,88,1
4155,146,12,4
4156,146,13,1
4157,146,14,4
4158,146,26,1
4159,146,16,4
4160,146,28,2
4161,146,44,3
4162,146,145,1
4163,146,196,4
4164,146,174,1
4165,146,20,2
4166,146,21,1
4167,146,50,1
4168,146,90,1
4169,146,197,2
4170,146,83,1
4171,146,191,1
4172,146,26,1
4173,146,27,2
4174,146,91,2
4175,147,1,6
4176,147,3,2
4177,147,4,4
4178,147,5,4
4179,147,6,4
4180,147,8,4
4181,147,193,4
4182,147,194,4
4183,147,195,3
4184,147,174,1
4185,147,12,4
4186,147,90,1
4187,147,13,2
4188,147,14,4
4189,147,26,1
4190,147,16,4
4191,147,28,2
4192,147,44,2
4193,147,196,4
4194,147,174,1
4195,147,20,2
4196,147,21,1
4197,147,90,1
4198,147,373,1
4199,147,197,2
4200,147,191,1
4201,147,26,1
4202,147,27,2
4203,147,44,1
4204,147,91,2
4205,148,1,8
4206,148,4,4
4207,148,5,4
4208,148,6,4
4209,148,8,4
4210,148,193,4
4211,148,194,4
4212,148,195,2
4213,148,88,1
4214,148,12,4
4215,148,90,1
4216,148,198,1
4217,148,14,4
4218,148,26,2
4219,148,16,4
4220,148,28,1
4221,148,44,3
4222,148,54,1
4223,148,196,4
4224,148,174,1
4225,148,20,2
4226,148,21,2
4227,148,50,2
4228,148,373,2
4229,148,198,1
4230,148,191,1
4231,148,25,1
4232,148,27,2
4233,148,91,1
4234,149,294,1
4235,149,364,2
4236,149,30,3
4237,149,31,3
4238,149,1,1
4239,149,32,1
4240,149,33,3
4241,149,4,2
4242,149,200,3
4243,149,5,2
4244,149,6,4
4245,149,201,1
4246,149,35,3
4247,149,298,2
4248,149,365,2
4249,149,366,3
4250,149,95,2
4251,149,42,4
4252,149,209,3
4253,149,83,1
4254,149,43,1
4255,149,191,1
4256,149,154,1
4257,149,374,1
4258,149,17,4
4259,149,48,2
4260,149,91,4
4261,149,162,2
4262,149,46,2
4263,149,81,2
4264,149,191,1
4265,149,52,2
4266,149,53,3
4267,149,39,3
4268,150,294,1
4269,150,364,1
4270,150,30,4
4271,150,31,3
4272,150,1,1
4273,150,94,3
4274,150,57,2
4275,150,32,1
4276,150,4,3
4277,150,200,3
4278,150,6,1
4279,150,201,2
4280,150,244,1
4281,150,98,1
4282,150,55,1
4283,150,40,2
4284,150,174,1
4285,150,70,4
4286,150,95,2
4287,150,23,1
4288,150,42,4
4289,150,246,3
4290,150,209,4
4291,150,43,3
4292,150,17,3
4293,150,54,1
4294,150,96,1
4295,150,47,2
4296,150,53,1
4297,150,20,1
4298,150,97,2
4299,150,49,2
4300,150,23,1
4301,150,81,2
4302,150,47,1
4303,150,143,1
4304,150,83,2
4305,150,53,1
4306,150,55,1
4307,150,96,1
4308,151,110,4
4309,151,111,2
4310,151,112,4
4311,151,113,14
4312,151,114,2
4313,151,115,4
4314,151,116,4
4315,151,118,4
4316,151,119,4
4317,151,121,4
4318,151,128,2
4319,151,122,1
4320,151,123,4
4321,151,147,1
4322,151,124,4
4323,151,127,2
4324,151,126,2
4325,151,127,2
4326,151,120,4
4327,151,74,2
4328,151,147,1
4329,151,27,3
4330,151,128,1
4331,152,0,3
4332,152,129,4
4333,152,294,1
4334,152,1,1
4335,152,295,1
4336,152,297,4
4337,152,5,2
4338,152,34,4
4339,152,6,4
4340,152,244,1
4341,152,298,4
4342,152,64,4
4343,152,299,4
4344,152,300,4
4345,152,194,4
4346,152,289,4
4347,152,67,4
4348,152,12,4
4349,152,198,1
4350,152,196,2
4351,152,174,1
4352,152,97,2
4353,152,50,2
4354,152,81,1
4355,152,191,2
4356,152,26,2
4357,152,27,2
4358,152,44,2
4359,152,145,1
4360,153,256,2
4361,153,0,4
4362,153,113,1
4363,153,130,4
4364,153,3,2
4365,153,34,4
4366,153,131,4
4367,153,7,1
4368,153,115,4
4369,153,97,1
4370,153,257,1
4371,153,166,1
4372,153,258,4
4373,153,118,4
4374,153,259,2
4375,153,260,2
4376,153,86,3
4377,153,170,4
4378,153,122,2
4379,153,88,1
4380,153,173,4
4381,153,127,1
4382,153,48,3
4383,153,27,1
4384,153,282,1
4385,153,352,1
4386,153,42,1
4387,153,117,1
4388,153,144,2
4389,153,53,2
4390,153,241,2
4391,153,48,1
4392,153,145,2
4393,153,128,1
4394,153,285,1
4395,154,0,3
4396,154,129,2
4397,154,56,4
4398,154,1,1
4399,154,58,3
4400,154,61,1
4401,154,62,2
4402,154,313,3
4403,154,63,4
4404,154,7,2
4405,154,325,2
4406,154,326,4
4407,154,64,4
4408,154,370,2
4409,154,82,2
4410,154,186,1
4411,154,65,1
4412,154,309,4
4413,154,66,4
4414,154,67,3
4415,154,68,1
4416,154,76,4
4417,154,196,1
4418,154,375,2
4419,154,68,1
4420,154,108,4
4421,154,308,2
4422,154,376,2
4423,154,86,1
4424,154,27,1
4425,154,78,2
4426,154,249,1
4427,154,67,1
4428,155,29,4
4429,155,32,16
4430,155,100,1
4431,155,236,3
4432,155,237,1
4433,155,238,4
4434,155,239,4
4435,155,329,1
4436,155,240,3
4437,155,241,4
4438,155,242,4
4439,155,39,2
4440,155,42,4
4441,155,48,4
4442,155,255,1
4443,155,243,4
4444,155,41,1
4445,155,36,1
4446,155,49,4
4447,155,46,1
4448,155,52,1
4449,155,53,4
4450,155,255,2
4451,155,351,1
4452,156,1,7
4453,156,3,2
4454,156,4,4
4455,156,5,4
4456,156,6,4
4457,156,22,2
4458,156,9,4
4459,156,10,4
4460,156,11,4
4461,156,12,4
4462,156,13,3
4463,156,14,4
4464,156,16,4
4465,156,17,4
4466,156,18,2
4467,156,19,4
4468,156,22,2
4469,156,8,3
4470,156,25,2
4471,156,26,2
4472,156,27,2
4473,156,28,3
4474,156,40,1
4475,157,231,1
4476,157,1,6
4477,157,2,2
4478,157,3,1
4479,157,4,4
4480,157,5,4
4481,157,6,4
4482,157,221,4
4483,157,195,4
4484,157,223,4
4485,157,11,2
4486,157,224,4
4487,157,225,4
4488,157,226,1
4489,157,227,2
4490,157,44,1
4491,157,54,1
4492,157,232,4
4493,157,190,1
4494,157,233,4
4495,157,25,1
4496,157,19,1
4497,157,20,2
4498,157,21,1
4499,157,73,2
4500,157,81,1
4501,157,226,1
4502,157,86,2
4503,157,25,1
4504,157,26,1
4505,157,219,1
4506,157,27,1
4507,157,54,1
4508,157,99,1
4509,158,294,1
4510,158,1,5
4511,158,3,3
4512,158,4,4
4513,158,5,4
4514,158,6,4
4515,158,8,3
4516,158,9,4
4517,158,10,4
4518,158,11,4
4519,158,88,1
4520,158,12,4
4521,158,13,2
4522,158,14,4
4523,158,16,4
4524,158,17,4
4525,158,18,1
4526,158,19,4
4527,158,88,1
4528,158,8,1
4529,158,23,1
4530,158,25,2
4531,158,26,3
4532,158,27,3
4533,158,28,1
4534,158,44,2
4535,158,229,1
4536,159,148,4
4537,159,149,4
4538,159,151,4
4539,159,32,4
4540,159,100,3
4541,159,34,4
4542,159,61,1
4543,159,377,4
4544,159,378,4
4545,159,379,4
4546,159,380,4
4547,159,381,4
4548,159,363,4
4549,159,382,4
4550,159,48,4
4551,159,255,4
4552,159,160,3
4553,159,47,4
4554,159,27,4
4555,159,99,4
4556,160,1,5
4557,160,3,3
4558,160,4,4
4559,160,5,4
4560,160,6,4
4561,160,7,1
4562,160,8,3
4563,160,9,4
4564,160,10,4
4565,160,11,4
4566,160,12,4
4567,160,13,2
4568,160,14,4
4569,160,15,1
4570,160,16,4
4571,160,17,4
4572,160,18,1
4573,160,19,4
4574,160,50,1
4575,160,90,1
4576,160,13,1
4577,160,25,2
4578,160,89,1
4579,160,26,1
4580,160,219,1
4581,160,27,2
4582,160,28,2
4583,160,44,1
4584,160,229,2
4585,161,1,6
4586,161,3,2
4587,161,4,4
4588,161,5,4
4589,161,6,4
4590,161,7,1
4591,161,22,2
4592,161,9,4
4593,161,10,4
4594,161,11,4
4595,161,12,4
4596,161,13,2
4597,161,14,4
4598,161,15,2
4599,161,16,4
4600,161,17,4
4601,161,18,1
4602,161,19,4
4603,161,22,2
4604,161,8,3
4605,161,25,2
4606,161,89,1
4607,161,26,2
4608,161,27,3
4609,161,28,2
4610,162,0,4
4611,162,113,1
4612,162,130,4
4613,162,3,3
4614,162,34,4
4615,162,131,4
4616,162,7,2
4617,162,115,4
4618,162,257,2
4619,162,166,1
4620,162,258,4
4621,162,383,1
4622,162,118,4
4623,162,259,2
4624,162,260,2
4625,162,86,3
4626,162,170,4
4627,162,122,1
4628,162,173,4
4629,162,127,1
4630,162,48,4
4631,162,27,1
4632,162,36,1
4633,162,282,1
4634,162,50,1
4635,162,162,1
4636,162,352,1
4637,162,47,1
4638,162,117,1
4639,162,154,1
4640,162,53,2
4641,162,241,2
4642,162,145,2
4643,162,285,1
4644,163,92,4
4645,163,30,4
4646,163,93,2
4647,163,31,4
4648,163,1,4
4649,163,94,1
4650,163,32,2
4651,163,33,3
4652,163,384,3
4653,163,40,2
4654,163,70,4
4655,163,95,4
4656,163,42,4
4657,163,43,4
4658,163,44,2
4659,163,17,3
4660,163,54,3
4661,163,96,1
4662,163,46,2
4663,163,48,4
4664,163,97,2
4665,163,385,1
4666,163,47,2
4667,163,154,2
4668,163,53,2
4669,163,98,2
4670,163,55,2
4671,163,99,2
4672,164,29,2
4673,164,30,4
4674,164,31,4
4675,164,1,3
4676,164,3,2
4677,164,32,4
4678,164,33,2
4679,164,34,4
4680,164,35,4
4681,164,36,4
4682,164,37,2
4683,164,333,1
4684,164,38,4
4685,164,39,4
4686,164,41,2
4687,164,42,1
4688,164,43,2
4689,164,44,2
4690,164,45,2
4691,164,47,4
4692,164,48,4
4693,164,20,1
4694,164,41,1
4695,164,97,1
4696,164,50,2
4697,164,46,1
4698,164,81,1
4699,164,52,1
4700,164,53,1
4701,164,27,2
4702,164,386,2
4703,164,55,2
4704,165,231,2
4705,165,1,6
4706,165,2,2
4707,165,4,4
4708,165,5,4
4709,165,6,4
4710,165,221,4
4711,165,195,4
4712,165,223,4
4713,165,224,4
4714,165,225,4
4715,165,13,2
4716,165,226,1
4717,165,227,3
4718,165,44,1
4719,165,54,2
4720,165,232,4
4721,165,233,4
4722,165,25,1
4723,165,20,2
4724,165,50,1
4725,165,81,2
4726,165,191,2
4727,165,86,2
4728,165,25,1
4729,165,26,2
4730,165,27,2
4731,165,28,1
4732,166,30,4
4733,166,31,4
4734,166,1,4
4735,166,3,4
4736,166,32,5
4737,166,35,3
4738,166,49,3
4739,166,239,4
4740,166,387,1
4741,166,240,3
4742,166,86,1
4743,166,106,4
4744,166,388,4
4745,166,43,2
4746,166,28,2
4747,166,145,2
4748,166,389,4
4749,166,48,2
4750,166,255,4
4751,166,36,3
4752,166,162,2
4753,166,47,2
4754,166,13,2
4755,166,53,1
4756,166,241,2
4757,166,28,1
4758,166,44,2
4759,167,0,4
4760,167,129,4
4761,167,294,1
4762,167,303,4
4763,167,1,1
4764,167,295,1
4765,167,296,1
4766,167,34,4
4767,167,6,4
4768,167,298,4
4769,167,97,1
4770,167,390,1
4771,167,64,3
4772,167,299,4
4773,167,300,4
4774,167,194,2
4775,167,289,4
4776,167,67,3
4777,167,279,1
4778,167,331,1
4779,167,88,2
4780,167,12,3
4781,167,196,3
4782,167,331,1
4783,167,97,1
4784,167,50,1
4785,167,23,1
4786,167,144,2
4787,167,191,2
4788,167,26,1
4789,167,27,2
4790,167,28,2
4791,167,194,1
4792,167,67,1
4793,168,231,1
4794,168,1,6
4795,168,2,2
4796,168,3,1
4797,168,4,4
4798,168,5,4
4799,168,6,4
4800,168,221,4
4801,168,195,4
4802,168,223,4
4803,168,11,1
4804,168,224,4
4805,168,225,4
4806,168,226,2
4807,168,227,2
4808,168,28,1
4809,168,44,1
4810,168,54,3
4811,168,232,4
4812,168,233,4
4813,168,20,2
4814,168,21,1
4815,168,73,1
4816,168,81,1
4817,168,86,2
4818,168,25,2
4819,168,26,1
4820,168,219,1
4821,168,27,2
4822,168,28,1
4823,168,40,1
4824,169,110,3
4825,169,111,4
4826,169,112,4
4827,169,113,14
4828,169,114,2
4829,169,115,4
4830,169,116,4
4831,169,117,2
4832,169,118,4
4833,169,119,3
4834,169,120,2
4835,169,121,4
4836,169,122,2
4837,169,124,4
4838,169,125,4
4839,169,248,1
4840,169,117,1
4841,169,127,3
4842,169,120,1
4843,169,228,1
4844,169,74,2
4845,169,27,1
4846,169,128,2
4847,169,99,3
4848,170,0,2
4849,170,129,1
4850,170,56,4
4851,170,58,4
4852,170,61,2
4853,170,62,3
4854,170,391,1
4855,170,313,3
4856,170,63,4
4857,170,7,2
4858,170,64,4
4859,170,392,3
4860,170,82,2
4861,170,309,4
4862,170,66,4
4863,170,40,1
4864,170,67,4
4865,170,285,1
4866,170,68,2
4867,170,76,4
4868,170,77,2
4869,170,80,3
4870,170,71,1
4871,170,50,1
4872,170,108,2
4873,170,73,1
4874,170,81,1
4875,170,308,3
4876,170,83,1
4877,170,84,1
4878,170,85,1
4879,170,28,1
4880,170,393,1
4881,170,87,1
4882,171,256,4
4883,171,0,4
4884,171,129,2
4885,171,113,3
4886,171,1,2
4887,171,2,2
4888,171,164,4
4889,171,165,2
4890,171,394,3
4891,171,118,4
4892,171,168,4
4893,171,86,4
4894,171,300,2
4895,171,128,2
4896,171,171,4
4897,171,88,4
4898,171,172,2
4899,171,123,1
4900,171,26,3
4901,171,262,4
4902,171,123,1
4903,171,287,4
4904,171,191,2
4905,171,26,1
4906,171,27,2
4907,171,395,2
4908,171,145,1
4909,171,128,1
4910,171,261,1
4911,172,1,3
4912,172,3,3
4913,172,4,4
4914,172,5,4
4915,172,6,4
4916,172,7,4
4917,172,221,4
4918,172,222,1
4919,172,195,3
4920,172,223,4
4921,172,11,4
4922,172,224,4
4923,172,23,1
4924,172,225,4
4925,172,226,1
4926,172,227,2
4927,172,28,1
4928,172,44,1
4929,172,17,3
4930,172,25,1
4931,172,19,4
4932,172,20,1
4933,172,50,1
4934,172,8,2
4935,172,90,1
4936,172,83,1
4937,172,228,2
4938,172,191,1
4939,172,26,2
4940,172,27,2
4941,172,44,1
4942,172,222,1
4943,173,110,3
4944,173,111,2
4945,173,112,4
4946,173,113,12
4947,173,114,3
4948,173,115,4
4949,173,274,2
4950,173,116,3
4951,173,118,4
4952,173,275,4
4953,173,276,1
4954,173,120,4
4955,173,121,4
4956,173,122,2
4957,173,278,1
4958,173,124,4
4959,173,346,3
4960,173,117,1
4961,173,146,4
4962,173,74,2
4963,173,125,3
4964,173,278,1
4965,173,27,1
4966,173,128,1
4967,173,99,2
4968,174,1,5
4969,174,3,2
4970,174,4,4
4971,174,5,4
4972,174,6,4
4973,174,7,2
4974,174,22,2
4975,174,9,4
4976,174,10,4
4977,174,11,4
4978,174,12,4
4979,174,13,2
4980,174,14,4
4981,174,15,2
4982,174,16,4
4983,174,17,4
4984,174,18,1
4985,174,19,4
4986,174,20,1
4987,174,22,2
4988,174,8,2
4989,174,23,1
4990,174,25,2
4991,174,26,2
4992,174,27,2
4993,174,28,2
4994,174,44,1
4995,175,110,3
4996,175,111,4
4997,175,112,4
4998,175,113,13
4999,175,114,2
5000,175,115,4
5001,175,116,4
5002,175,117,2
5003,175,118,4
5004,175,119,3
5005,175,120,3
5006,175,121,4
5007,175,122,2
5008,175,247,1
5009,175,124,4
5010,175,125,3
5011,175,117,1
5012,175,146,2
5013,175,127,2
5014,175,276,1
5015,175,120,1
5016,175,228,1
5017,175,74,2
5018,175,27,2
5019,175,128,1
5020,175,99,2
5021,176,56,4
5022,176,3,4
5023,176,396,1
5024,176,60,4
5025,176,100,3
5026,176,34,4
5027,176,61,1
5028,176,63,4
5029,176,103,4
5030,176,361,3
5031,176,37,4
5032,176,397,3
5033,176,38,3
5034,176,106,4
5035,176,55,2
5036,176,68,1
5037,176,71,1
5038,176,269,1
5039,176,76,1
5040,176,77,3
5041,176,78,1
5042,176,107,4
5043,176,20,2
5044,176,71,3
5045,176,50,2
5046,176,108,2
5047,176,308,3
5048,176,78,3
5049,177,231,2
5050,177,1,5
5051,177,2,2
5052,177,3,1
5053,177,4,4
5054,177,5,4
5055,177,6,4
5056,177,221,4
5057,177,195,4
5058,177,223,4
5059,177,11,4
5060,177,224,4
5061,177,225,4
5062,177,226,1
5063,177,227,2
5064,177,232,4
5065,177,233,4
5066,177,19,3
5067,177,20,2
5068,177,50,2
5069,177,81,2
5070,177,25,2
5071,177,26,2
5072,177,219,1
5073,177,27,3
5074,177,99,1
5075,178,231,2
5076,178,1,5
5077,178,2,2
5078,178,3,1
5079,178,4,4
5080,178,5,4
5081,178,6,4
5082,178,221,4
5083,178,195,4
5084,178,223,4
5085,178,11,2
5086,178,224,4
5087,178,225,4
5088,178,226,2
5089,178,227,2
5090,178,28,1
5091,178,54,2
5092,178,232,4
5093,178,233,4
5094,178,19,1
5095,178,20,2
5096,178,81,2
5097,178,191,1
5098,178,86,2
5099,178,25,2
5100,178,26,2
5101,178,219,1
5102,178,27,2
5103,178,28,1
5104,179,1,6
5105,179,3,2
5106,179,4,4
5107,179,5,4
5108,179,6,4
5109,179,7,1
5110,179,8,4
5111,179,9,2
5112,179,10,4
5113,179,11,4
5114,179,12,4
5115,179,13,2
5116,179,14,4
5117,179,26,2
5118,179,16,4
5119,179,17,4
5120,179,18,1
5121,179,19,4
5122,179,22,3
5123,179,23,1
5124,179,90,2
5125,179,25,2
5126,179,89,1
5127,179,27,2
5128,179,28,2
5129,179,44,1
5130,179,229,1
5131,180,1,6
5132,180,3,2
5133,180,4,4
5134,180,5,4
5135,180,6,4
5136,180,7,1
5137,180,8,2
5138,180,9,4
5139,180,10,4
5140,180,11,4
5141,180,12,4
5142,180,13,2
5143,180,14,4
5144,180,15,1
5145,180,16,4
5146,180,17,4
5147,180,18,2
5148,180,19,4
5149,180,22,2
5150,180,8,1
5151,180,23,1
5152,180,90,1
5153,180,25,2
5154,180,26,2
5155,180,219,1
5156,180,27,2
5157,180,28,2
5158,180,44,1
5159,181,1,5
5160,181,3,3
5161,181,4,4
5162,181,5,4
5163,181,6,4
5164,181,7,1
5165,181,8,2
5166,181,9,4
5167,181,10,4
5168,181,11,4
5169,181,12,4
5170,181,13,2
5171,181,14,4
5172,181,15,1
5173,181,16,4
5174,181,17,4
5175,181,18,2
5176,181,19,4
5177,181,22,2
5178,181,8,1
5179,181,23,1
5180,181,25,2
5181,181,26,2
5182,181,219,1
5183,181,27,3
5184,181,28,2
5185,181,44,1
5186,182,93,1
5187,182,56,4
5188,182,1,4
5189,182,3,1
5190,182,60,2
5191,182,100,2
5192,182,34,2
5193,182,61,5
5194,182,63,4
5195,182,102,2
5196,182,103,4
5197,182,37,3
5198,182,38,4
5199,182,104,1
5200,182,106,4
5201,182,55,3
5202,182,68,2
5203,182,269,1
5204,182,76,3
5205,182,77,2
5206,182,44,2
5207,182,107,4
5208,182,20,2
5209,182,71,2
5210,182,50,1
5211,182,108,2
5212,182,73,1
5213,182,24,2
5214,182,104,1
5215,182,76,1
5216,182,27,1
5217,182,28,1
5218,182,98,1
5219,183,110,1
5220,183,111,2
5221,183,112,4
5222,183,113,2
5223,183,1,3
5224,183,2,3
5225,183,34,3
5226,183,6,2
5227,183,165,2
5228,183,7,2
5229,183,116,2
5230,183,119,4
5231,183,289,1
5232,183,67,1
5233,183,279,2
5234,183,12,3
5235,183,70,4
5236,183,73,2
5237,183,280,4
5238,183,13,1
5239,183,26,3
5240,183,28,1
5241,183,44,2
5242,183,17,4
5243,183,124,2
5244,183,21,1
5245,183,50,1
5246,183,23,2
5247,183,24,1
5248,183,248,1
5249,183,288,2
5250,183,263,1
5251,183,27,1
5252,183,28,1
5253,183,145,1
5254,183,99,1
5255,183,40,1
5256,183,67,1
5257,184,29,2
5258,184,30,4
5259,184,31,4
5260,184,3,4
5261,184,32,8
5262,184,236,3
5263,184,272,1
5264,184,238,3
5265,184,239,4
5266,184,329,1
5267,184,240,2
5268,184,86,4
5269,184,241,4
5270,184,242,3
5271,184,88,2
5272,184,42,2
5273,184,13,1
5274,184,48,4
5275,184,243,4
5276,184,41,2
5277,184,49,4
5278,184,42,1
5279,184,52,2
5280,184,53,3
5281,184,145,3
5282,185,29,2
5283,185,30,4
5284,185,31,4
5285,185,1,3
5286,185,3,2
5287,185,32,5
5288,185,33,1
5289,185,34,4
5290,185,35,4
5291,185,36,4
5292,185,37,1
5293,185,333,3
5294,185,38,4
5295,185,39,4
5296,185,40,1
5297,185,41,3
5298,185,42,2
5299,185,43,1
5300,185,47,4
5301,185,48,4
5302,185,45,3
5303,185,142,1
5304,185,50,1
5305,185,81,1
5306,185,51,2
5307,185,52,2
5308,185,53,1
5309,185,27,2
5310,185,44,2
5311,186,177,4
5312,186,178,4
5313,186,2,4
5314,186,3,4
5315,186,34,4
5316,186,61,2
5317,186,180,3
5318,186,184,4
5319,186,185,3
5320,186,186,4
5321,186,187,4
5322,186,188,4
5323,186,85,1
5324,186,207,1
5325,186,68,2
5326,186,76,2
5327,186,189,4
5328,186,190,4
5329,186,233,3
5330,186,174,1
5331,186,108,2
5332,186,23,1
5333,186,191,2
5334,186,77,1
5335,186,27,2
5336,186,301,2
5337,186,353,1
5338,186,99,2
5339,187,129,1
5340,187,56,4
5341,187,3,2
5342,187,60,4
5343,187,61,10
5344,187,62,1
5345,187,63,4
5346,187,64,4
5347,187,304,3
5348,187,82,1
5349,187,86,1
5350,187,66,4
5351,187,68,3
5352,187,71,2
5353,187,72,1
5354,187,108,3
5355,187,307,3
5356,187,76,4
5357,187,17,3
5358,187,196,2
5359,187,20,2
5360,187,161,1
5361,187,108,1
5362,187,81,1
5363,187,82,1
5364,187,308,2
5365,187,83,1
5366,187,367,1
5367,187,85,2
5368,187,86,2
5369,187,27,1
5370,188,29,4
5371,188,32,16
5372,188,100,1
5373,188,236,3
5374,188,272,1
5375,188,237,2
5376,188,238,4
5377,188,239,4
5378,188,240,3
5379,188,241,4
5380,188,242,4
5381,188,39,2
5382,188,42,4
5383,188,48,4
5384,188,243,4
5385,188,49,4
5386,188,52,2
5387,188,53,4
5388,188,255,3
5389,188,351,2
5390,189,129,1
5391,189,56,4
5392,189,60,4
5393,189,61,10
5394,189,62,2
5395,189,63,4
5396,189,64,4
5397,189,304,3
5398,189,82,2
5399,189,305,1
5400,189,66,4
5401,189,306,1
5402,189,68,2
5403,189,71,2
5404,189,72,2
5405,189,108,1
5406,189,307,2
5407,189,76,4
5408,189,77,1
5409,189,17,4
5410,189,196,2
5411,189,20,1
5412,189,161,1
5413,189,108,2
5414,189,81,2
5415,189,308,2
5416,189,84,2
5417,189,309,1
5418,189,86,2
5419,189,27,1
5420,189,78,1
5421,190,1,5
5422,190,3,3
5423,190,4,4
5424,190,5,4
5425,190,6,4
5426,190,7,1
5427,190,22,1
5428,190,8,1
5429,190,9,4
5430,190,10,4
5431,190,11,4
5432,190,12,4
5433,190,13,2
5434,190,14,4
5435,190,15,2
5436,190,16,4
5437,190,17,4
5438,190,18,1
5439,190,19,4
5440,190,22,2
5441,190,8,2
5442,190,23,1
5443,190,25,2
5444,190,89,1
5445,190,26,2
5446,190,27,2
5447,190,28,2
5448,190,44,1
5449,191,177,2
5450,191,178,3
5451,191,129,4
5452,191,56,2
5453,191,398,1
5454,191,60,1
5455,191,4,1
5456,191,34,4
5457,191,6,2
5458,191,61,1
5459,191,63,4
5460,191,325,2
5461,191,298,4
5462,191,64,4
5463,191,82,2
5464,191,65,2
5465,191,167,2
5466,191,309,3
5467,191,86,3
5468,191,66,4
5469,191,68,3
5470,191,198,2
5471,191,76,4
5472,191,399,1
5473,191,174,2
5474,191,400,1
5475,191,50,1
5476,191,108,3
5477,191,23,2
5478,191,81,1
5479,191,245,1
5480,191,246,1
5481,191,367,1
5482,191,27,1
5483,192,148,2
5484,192,56,4
5485,192,151,4
5486,192,31,2
5487,192,3,4
5488,192,34,3
5489,192,61,1
5490,192,63,4
5491,192,401,3
5492,192,361,4
5493,192,38,4
5494,192,106,3
5495,192,402,1
5496,192,55,2
5497,192,39,3
5498,192,68,2
5499,192,42,1
5500,192,269,1
5501,192,76,3
5502,192,77,1
5503,192,44,1
5504,192,403,3
5505,192,107,4
5506,192,20,2
5507,192,50,1
5508,192,108,2
5509,192,308,2
5510,192,52,1
5511,192,76,1
5512,192,53,2
5513,192,44,1
5514,192,145,1
5515,192,78,2
5516,193,1,6
5517,193,3,2
5518,193,4,4
5519,193,5,4
5520,193,6,4
5521,193,8,4
5522,193,193,4
5523,193,194,4
5524,193,195,2
5525,193,174,1
5526,193,88,1
5527,193,12,4
5528,193,13,1
5529,193,14,4
5530,193,26,1
5531,193,16,4
5532,193,28,2
5533,193,44,3
5534,193,145,1
5535,193,196,4
5536,193,174,1
5537,193,20,2
5538,193,21,1
5539,193,50,1
5540,193,90,1
5541,193,197,2
5542,193,83,1
5543,193,191,1
5544,193,25,1
5545,193,26,1
5546,193,27,2
5547,193,91,1
5548,194,110,3
5549,194,111,4
5550,194,112,4
5551,194,113,14
5552,194,114,2
5553,194,115,4
5554,194,271,1
5555,194,116,4
5556,194,117,1
5557,194,118,4
5558,194,119,3
5559,194,120,2
5560,194,121,4
5561,194,122,2
5562,194,124,4
5563,194,262,1
5564,194,125,4
5565,194,117,1
5566,194,146,2
5567,194,127,2
5568,194,120,2
5569,194,228,2
5570,194,74,1
5571,194,27,2
5572,194,99,3
5573,195,29,4
5574,195,32,16
5575,195,100,1
5576,195,236,3
5577,195,272,1
5578,195,237,3
5579,195,238,4
5580,195,239,4
5581,195,240,2
5582,195,241,4
5583,195,242,4
5584,195,39,2
5585,195,42,4
5586,195,48,4
5587,195,243,4
5588,195,49,4
5589,195,52,2
5590,195,53,4
5591,195,255,3
5592,195,351,2
5593,196,29,2
5594,196,30,4
5595,196,31,4
5596,196,3,4
5597,196,32,6
5598,196,33,1
5599,196,35,2
5600,196,236,3
5601,196,237,1
5602,196,238,2
5603,196,239,4
5604,196,240,2
5605,196,86,4
5606,196,241,4
5607,196,242,3
5608,196,42,3
5609,196,293,3
5610,196,48,4
5611,196,243,4
5612,196,49,4
5613,196,46,1
5614,196,52,2
5615,196,53,3
5616,196,255,1
5617,196,351,1
5618,196,145,2
5619,196,55,1
5620,197,93,1
5621,197,56,4
5622,197,1,5
5623,197,3,2
5624,197,60,2
5625,197,100,2
5626,197,34,1
5627,197,61,4
5628,197,63,4
5629,197,102,2
5630,197,103,4
5631,197,37,3
5632,197,38,4
5633,197,288,1
5634,197,85,2
5635,197,106,4
5636,197,55,3
5637,197,68,2
5638,197,269,1
5639,197,76,4
5640,197,77,1
5641,197,107,4
5642,197,20,1
5643,197,71,1
5644,197,50,2
5645,197,108,1
5646,197,73,1
5647,197,288,1
5648,197,77,1
5649,197,27,2
5650,197,28,1
5651,197,44,1
5652,197,78,1
5653,197,98,1
5654,197,404,1
5655,198,1,5
5656,198,3,3
5657,198,4,4
5658,198,5,4
5659,198,6,4
5660,198,7,1
5661,198,22,1
5662,198,8,1
5663,198,9,4
5664,198,10,4
5665,198,11,4
5666,198,12,4
5667,198,13,2
5668,198,14,4
5669,198,15,2
5670,198,16,4
5671,198,17,4
5672,198,18,1
5673,198,19,4
5674,198,22,2
5675,198,8,2
5676,198,23,1
5677,198,25,2
5678,198,89,1
5679,198,26,2
5680,198,27,2
5681,198,28,2
5682,198,44,1
5683,199,1,4
5684,199,3,3
5685,199,4,4
5686,199,5,4
5687,199,6,4
5688,199,7,1
5689,199,22,2
5690,199,9,4
5691,199,10,4
5692,199,11,4
5693,199,12,4
5694,199,405,1
5695,199,13,2
5696,199,14,4
5697,199,15,2
5698,199,16,4
5699,199,17,4
5700,199,18,1
5701,199,19,4
5702,199,8,4
5703,199,25,2
5704,199,26,2
5705,199,219,3
5706,199,27,2
5707,199,28,2
5708,200,1,7
5709,200,3,1
5710,200,4,4
5711,200,5,4
5712,200,6,4
5713,200,8,4
5714,200,193,4
5715,200,194,4
5716,200,195,2
5717,200,88,1
5718,200,21,1
5719,200,12,4
5720,200,213,2
5721,200,13,1
5722,200,14,4
5723,200,16,4
5724,200,28,1
5725,200,44,3
5726,200,145,1
5727,200,196,4
5728,200,174,1
5729,200,20,2
5730,200,21,1
5731,200,50,1
5732,200,81,1
5733,200,197,2
5734,200,83,1
5735,200,191,2
5736,200,25,1
5737,200,27,2
5738,200,145,1
5739,201,406,3
5740,201,0,1
5741,201,129,3
5742,201,30,3
5743,201,31,2
5744,201,1,1
5745,201,3,3
5746,201,131,3
5747,201,407,4
5748,201,7,2
5749,201,370,2
5750,201,408,2
5751,201,316,4
5752,201,65,4
5753,201,220,1
5754,201,70,3
5755,201,95,1
5756,201,42,3
5757,201,17,4
5758,201,409,4
5759,201,218,1
5760,201,217,4
5761,201,48,2
5762,201,160,1
5763,201,97,1
5764,201,49,2
5765,201,95,1
5766,201,50,1
5767,201,410,2
5768,201,218,1
5769,201,53,2
5770,201,48,2
5771,201,145,1
5772,201,98,1
5773,202,1,2
5774,202,3,2
5775,202,4,4
5776,202,5,4
5777,202,6,4
5778,202,165,1
5779,202,7,4
5780,202,22,2
5781,202,9,4
5782,202,411,1
5783,202,10,4
5784,202,11,4
5785,202,88,1
5786,202,12,2
5787,202,13,1
5788,202,14,4
5789,202,15,2
5790,202,16,4
5791,202,17,4
5792,202,18,1
5793,202,412,1
5794,202,19,4
5795,202,90,1
5796,202,226,1
5797,202,86,1
5798,202,25,2
5799,202,89,1
5800,202,26,2
5801,202,27,2
5802,202,28,2
5803,202,145,1
5804,202,229,1
5805,202,40,1
5806,203,29,3
5807,203,93,1
5808,203,32,17
5809,203,236,3
5810,203,272,1
5811,203,237,3
5812,203,238,4
5813,203,239,4
5814,203,240,2
5815,203,241,4
5816,203,242,4
5817,203,39,2
5818,203,42,4
5819,203,48,4
5820,203,243,4
5821,203,413,1
5822,203,49,3
5823,203,333,1
5824,203,24,1
5825,203,52,2
5826,203,414,1
5827,203,53,2
5828,203,255,2
5829,203,351,2
5830,204,110,3
5831,204,111,3
5832,204,112,4
5833,204,113,14
5834,204,114,3
5835,204,115,4
5836,204,116,4
5837,204,118,4
5838,204,119,4
5839,204,120,2
5840,204,121,4
5841,204,122,3
5842,204,124,4
5843,204,125,4
5844,204,248,2
5845,204,127,3
5846,204,120,1
5847,204,228,2
5848,204,74,1
5849,204,27,1
5850,204,128,2
5851,204,99,3
5852,205,110,3
5853,205,111,4
5854,205,112,4
5855,205,113,13
5856,205,115,4
5857,205,274,4
5858,205,118,4
5859,205,275,4
5860,205,276,1
5861,205,120,4
5862,205,121,4
5863,205,278,4
5864,205,124,4
5865,205,346,3
5866,205,117,2
5867,205,146,4
5868,205,74,3
5869,205,415,1
5870,205,27,2
5871,205,128,2
5872,205,99,1
5873,206,93,1
5874,206,56,4
5875,206,1,4
5876,206,3,3
5877,206,60,2
5878,206,100,2
5879,206,34,1
5880,206,61,4
5881,206,63,4
5882,206,102,2
5883,206,103,4
5884,206,37,3
5885,206,38,4
5886,206,288,1
5887,206,104,1
5888,206,106,4
5889,206,55,4
5890,206,68,1
5891,206,269,1
5892,206,76,3
5893,206,77,2
5894,206,44,1
5895,206,107,4
5896,206,20,1
5897,206,68,1
5898,206,71,1
5899,206,50,2
5900,206,108,1
5901,206,73,1
5902,206,288,1
5903,206,76,1
5904,206,27,2
5905,206,28,1
5906,206,78,1
5907,206,98,1
5908,206,404,1
5909,207,294,1
5910,207,364,1
5911,207,30,4
5912,207,31,3
5913,207,1,1
5914,207,94,2
5915,207,57,2
5916,207,32,1
5917,207,33,1
5918,207,4,2
5919,207,200,3
5920,207,6,1
5921,207,201,2
5922,207,244,2
5923,207,65,1
5924,207,366,2
5925,207,40,1
5926,207,70,4
5927,207,95,2
5928,207,23,1
5929,207,42,4
5930,207,246,3
5931,207,209,4
5932,207,43,4
5933,207,17,3
5934,207,54,2
5935,207,96,1
5936,207,48,2
5937,207,160,2
5938,207,23,1
5939,207,143,3
5940,207,53,1
5941,207,55,2
5942,207,99,2
5943,207,96,1
5944,207,39,3
5945,208,129,2
5946,208,56,4
5947,208,1,3
5948,208,3,3
5949,208,60,2
5950,208,61,6
5951,208,63,4
5952,208,64,4
5953,208,361,3
5954,208,38,4
5955,208,106,4
5956,208,416,3
5957,208,66,4
5958,208,40,1
5959,208,68,2
5960,208,76,4
5961,208,77,2
5962,208,78,1
5963,208,107,4
5964,208,20,3
5965,208,108,2
5966,208,81,2
5967,208,85,1
5968,208,86,2
5969,208,27,2
5970,208,98,1
5971,208,55,2
5972,209,231,1
5973,209,1,6
5974,209,2,2
5975,209,3,1
5976,209,4,4
5977,209,5,4
5978,209,6,4
5979,209,221,4
5980,209,195,4
5981,209,223,4
5982,209,224,4
5983,209,225,4
5984,209,226,2
5985,209,227,2
5986,209,44,2
5987,209,54,3
5988,209,232,4
5989,209,233,4
5990,209,27,1
5991,209,20,1
5992,209,21,1
5993,209,81,1
5994,209,83,1
5995,209,86,2
5996,209,25,2
5997,209,26,2
5998,209,219,1
5999,209,27,1
6000,209,28,2
6001,209,99,1
6002,210,231,1
6003,210,56,4
6004,210,1,4
6005,210,396,1
6006,210,60,4
6007,210,61,5
6008,210,62,3
6009,210,63,4
6010,210,64,4
6011,210,82,2
6012,210,84,2
6013,210,309,2
6014,210,104,3
6015,210,86,2
6016,210,66,4
6017,210,68,2
6018,210,308,2
6019,210,76,3
6020,210,77,2
6021,210,44,2
6022,210,196,4
6023,210,20,2
6024,210,72,2
6025,210,50,2
6026,210,108,2
6027,210,81,1
6028,210,27,1
6029,210,78,2
6030,210,98,1
6031,210,99,1
6032,210,40,1
6033,211,56,4
6034,211,60,4
6035,211,61,11
6036,211,62,2
6037,211,63,4
6038,211,64,4
6039,211,304,3
6040,211,82,3
6041,211,305,1
6042,211,309,3
6043,211,66,4
6044,211,306,2
6045,211,68,3
6046,211,72,2
6047,211,307,3
6048,211,76,4
6049,211,196,3
6050,211,161,2
6051,211,400,2
6052,211,108,4
6053,211,81,1
6054,211,367,1
6055,211,85,1
6056,211,86,2
6057,211,77,2
6058,212,29,1
6059,212,231,1
6060,212,30,4
6061,212,31,4
6062,212,1,3
6063,212,3,2
6064,212,32,5
6065,212,33,2
6066,212,34,3
6067,212,35,3
6068,212,36,4
6069,212,37,2
6070,212,333,2
6071,212,38,4
6072,212,351,1
6073,212,39,4
6074,212,40,1
6075,212,88,1
6076,212,42,1
6077,212,54,2
6078,212,45,2
6079,212,46,1
6080,212,47,4
6081,212,48,3
6082,212,20,2
6083,212,41,3
6084,212,97,1
6085,212,50,1
6086,212,42,2
6087,212,51,1
6088,212,52,1
6089,212,53,2
6090,212,98,1
6091,212,40,1
6092,213,0,4
6093,213,129,1
6094,213,30,2
6095,213,31,4
6096,213,130,4
6097,213,32,1
6098,213,34,4
6099,213,131,4
6100,213,35,4
6101,213,132,4
6102,213,133,4
6103,213,115,4
6104,213,134,4
6105,213,136,4
6106,213,118,4
6107,213,139,2
6108,213,141,4
6109,213,48,2
6110,213,41,1
6111,213,36,1
6112,213,97,1
6113,213,143,2
6114,213,117,1
6115,213,86,2
6116,213,53,2
6117,213,48,2
6118,213,128,1
6119,213,55,1
6120,213,39,1
6121,214,150,2
6122,214,199,4
6123,214,2,4
6124,214,3,4
6125,214,200,4
6126,214,201,4
6127,214,417,2
6128,214,418,2
6129,214,203,2
6130,214,204,4
6131,214,419,1
6132,214,420,4
6133,214,39,4
6134,214,208,3
6135,214,12,2
6136,214,421,4
6137,214,209,2
6138,214,403,4
6139,214,422,4
6140,214,210,1
6141,214,42,1
6142,214,203,2
6143,214,211,3
6144,214,52,1
6145,214,53,3
6146,214,26,2
6147,214,255,2
6148,215,129,2
6149,215,199,4
6150,215,264,4
6151,215,2,2
6152,215,3,2
6153,215,32,1
6154,215,200,4
6155,215,201,4
6156,215,49,4
6157,215,175,2
6158,215,265,4
6159,215,239,4
6160,215,205,4
6161,215,266,3
6162,215,270,1
6163,215,39,4
6164,215,208,1
6165,215,12,4
6166,215,42,2
6167,215,423,1
6168,215,209,2
6169,215,212,1
6170,215,162,2
6171,215,42,1
6172,215,47,2
6173,215,209,1
6174,215,191,2
6175,215,52,2
6176,215,53,3
6177,215,281,1
6178,215,212,1
6179,216,110,3
6180,216,111,4
6181,216,112,4
6182,216,113,13
6183,216,114,2
6184,216,115,4
6185,216,271,1
6186,216,116,4
6187,216,118,4
6188,216,119,3
6189,216,120,2
6190,216,121,4
6191,216,122,2
6192,216,123,2
6193,216,124,4
6194,216,125,4
6195,216,248,1
6196,216,127,3
6197,216,120,1
6198,216,228,2
6199,216,74,2
6200,216,263,2
6201,216,27,1
6202,216,128,1
6203,216,99,2
6204,217,110,3
6205,217,92,1
6206,217,111,3
6207,217,112,4
6208,217,113,13
6209,217,114,2
6210,217,115,4
6211,217,274,2
6212,217,116,4
6213,217,117,3
6214,217,118,4
6215,217,119,3
6216,217,121,4
6217,217,122,2
6218,217,124,4
6219,217,125,4
6220,217,248,2
6221,217,127,3
6222,217,120,3
6223,217,228,1
6224,217,74,2
6225,217,128,1
6226,217,99,3
6227,218,0,3
6228,218,129,4
6229,218,294,1
6230,218,1,1
6231,218,295,2
6232,218,296,1
6233,218,297,4
6234,218,5,1
6235,218,34,4
6236,218,6,4
6237,218,298,4
6238,218,64,4
6239,218,299,4
6240,218,300,4
6241,218,194,3
6242,218,289,4
6243,218,67,4
6244,218,88,4
6245,218,196,4
6246,218,97,2
6247,218,50,1
6248,218,191,3
6249,218,26,2
6250,218,27,2
6251,218,44,3
6252,218,145,2
6253,219,256,4
6254,219,0,4
6255,219,113,6
6256,219,3,4
6257,219,7,4
6258,219,115,4
6259,219,166,1
6260,219,370,2
6261,219,258,4
6262,219,248,2
6263,219,117,1
6264,219,118,4
6265,219,65,1
6266,219,259,3
6267,219,260,3
6268,219,86,4
6269,219,170,4
6270,219,88,1
6271,219,173,4
6272,219,88,1
6273,219,24,1
6274,219,117,1
6275,219,74,1
6276,219,250,2
6277,219,424,1
6278,219,425,1
6279,219,27,2
6280,219,145,2
6281,219,261,3
6282,220,0,2
6283,220,129,4
6284,220,2,1
6285,220,3,1
6286,220,60,1
6287,220,296,1
6288,220,4,1
6289,220,297,4
6290,220,34,3
6291,220,6,4
6292,220,63,3
6293,220,298,4
6294,220,64,3
6295,220,299,4
6296,220,300,4
6297,220,194,2
6298,220,66,1
6299,220,289,4
6300,220,67,4
6301,220,88,2
6302,220,12,2
6303,220,198,2
6304,220,196,3
6305,220,426,2
6306,220,287,2
6307,220,86,2
6308,220,26,1
6309,220,427,1
6310,220,27,2
6311,220,145,2
6312,220,194,2
6313,220,99,1
6314,221,29,2
6315,221,30,4
6316,221,93,1
6317,221,31,4
6318,221,1,3
6319,221,3,2
6320,221,32,4
6321,221,33,1
6322,221,34,4
6323,221,35,4
6324,221,36,4
6325,221,37,2
6326,221,38,4
6327,221,39,4
6328,221,41,2
6329,221,42,1
6330,221,43,2
6331,221,44,2
6332,221,45,2
6333,221,46,1
6334,221,47,4
6335,221,48,3
6336,221,20,1
6337,221,41,1
6338,221,372,1
6339,221,49,1
6340,221,50,2
6341,221,13,1
6342,221,52,2
6343,221,53,1
6344,221,27,2
6345,221,55,2
6346,221,40,1
6347,222,0,4
6348,222,129,1
6349,222,30,3
6350,222,31,4
6351,222,130,4
6352,222,32,1
6353,222,34,2
6354,222,131,4
6355,222,35,4
6356,222,132,3
6357,222,133,4
6358,222,115,4
6359,222,134,4
6360,222,136,4
6361,222,118,4
6362,222,67,1
6363,222,140,2
6364,222,141,4
6365,222,48,3
6366,222,41,1
6367,222,97,1
6368,222,372,2
6369,222,142,1
6370,222,144,1
6371,222,53,2
6372,222,48,1
6373,222,145,3
6374,222,39,2
6375,222,67,1
6376,223,56,4
6377,223,1,3
6378,223,3,3
6379,223,60,3
6380,223,100,4
6381,223,61,4
6382,223,63,4
6383,223,102,2
6384,223,103,4
6385,223,37,3
6386,223,397,1
6387,223,38,4
6388,223,106,4
6389,223,416,2
6390,223,98,1
6391,223,55,3
6392,223,68,3
6393,223,76,2
6394,223,77,2
6395,223,107,4
6396,223,20,2
6397,223,71,1
6398,223,72,1
6399,223,50,2
6400,223,108,3
6401,223,27,1
6402,223,44,2
6403,223,109,2
6404,223,98,1
6405,224,56,4
6406,224,1,4
6407,224,3,2
6408,224,60,2
6409,224,100,2
6410,224,34,1
6411,224,61,5
6412,224,63,4
6413,224,361,4
6414,224,37,4
6415,224,38,4
6416,224,106,4
6417,224,416,3
6418,224,55,2
6419,224,40,1
6420,224,68,2
6421,224,269,2
6422,224,76,4
6423,224,77,2
6424,224,107,4
6425,224,20,2
6426,224,71,2
6427,224,108,2
6428,224,73,1
6429,224,81,1
6430,224,308,1
6431,224,27,2
6432,224,78,1
6433,224,98,1
6434,224,55,1
6435,224,40,1
6436,225,29,1
6437,225,30,3
6438,225,56,3
6439,225,151,4
6440,225,31,4
6441,225,1,2
6442,225,32,2
6443,225,33,1
6444,225,60,1
6445,225,34,4
6446,225,35,4
6447,225,36,4
6448,225,37,2
6449,225,237,1
6450,225,38,4
6451,225,39,4
6452,225,40,1
6453,225,41,2
6454,225,42,2
6455,225,44,2
6456,225,47,4
6457,225,107,3
6458,225,48,2
6459,225,20,1
6460,225,41,1
6461,225,68,1
6462,225,103,2
6463,225,50,1
6464,225,46,1
6465,225,81,2
6466,225,154,1
6467,225,53,1
6468,225,27,1
6469,225,98,1
6470,225,55,2
6471,226,231,1
6472,226,1,6
6473,226,2,2
6474,226,3,1
6475,226,4,4
6476,226,5,4
6477,226,6,4
6478,226,221,4
6479,226,195,4
6480,226,223,4
6481,226,11,3
6482,226,224,4
6483,226,225,4
6484,226,226,1
6485,226,227,2
6486,226,54,1
6487,226,232,4
6488,226,233,4
6489,226,19,3
6490,226,20,2
6491,226,21,1
6492,226,50,1
6493,226,81,1
6494,226,86,2
6495,226,25,2
6496,226,26,1
6497,226,219,2
6498,226,27,1
6499,226,44,1
6500,226,99,1
6501,227,0,1
6502,227,1,5
6503,227,3,2
6504,227,4,4
6505,227,5,4
6506,227,6,4
6507,227,7,1
6508,227,22,2
6509,227,9,4
6510,227,10,4
6511,227,11,4
6512,227,88,1
6513,227,12,4
6514,227,13,1
6515,227,14,4
6516,227,15,2
6517,227,16,4
6518,227,17,4
6519,227,18,1
6520,227,19,4
6521,227,20,1
6522,227,22,2
6523,227,8,2
6524,227,25,2
6525,227,89,1
6526,227,26,2
6527,227,27,2
6528,227,28,1
6529,227,44,2
6530,228,1,5
6531,228,3,3
6532,228,4,4
6533,228,5,4
6534,228,6,4
6535,228,7,1
6536,228,22,2
6537,228,9,4
6538,228,10,4
6539,228,11,4
6540,228,12,4
6541,228,13,2
6542,228,14,4
6543,228,15,2
6544,228,16,4
6545,228,17,4
6546,228,18,1
6547,228,19,4
6548,228,20,1
6549,228,8,2
6550,228,90,1
6551,228,24,1
6552,228,191,1
6553,228,25,2
6554,228,26,2
6555,228,27,1
6556,228,28,2
6557,228,44,1
6558,228,229,1
6559,229,0,1
6560,229,1,5
6561,229,3,3
6562,229,4,4
6563,229,5,4
6564,229,6,4
6565,229,22,2
6566,229,9,4
6567,229,10,4
6568,229,11,4
6569,229,12,4
6570,229,13,2
6571,229,14,4
6572,229,15,2
6573,229,16,4
6574,229,17,4
6575,229,18,1
6576,229,19,4
6577,229,8,2
6578,229,23,1
6579,229,86,2
6580,229,25,2
6581,229,26,2
6582,229,27,2
6583,229,28,2
6584,229,44,1
6585,229,40,1
6586,230,406,4
6587,230,0,1
6588,230,129,3
6589,230,30,2
6590,230,31,2
6591,230,3,4
6592,230,32,1
6593,230,131,2
6594,230,407,4
6595,230,7,2
6596,230,49,2
6597,230,370,3
6598,230,316,4
6599,230,65,4
6600,230,220,1
6601,230,39,2
6602,230,70,2
6603,230,42,2
6604,230,17,4
6605,230,409,4
6606,230,217,4
6607,230,48,3
6608,230,160,1
6609,230,97,1
6610,230,49,1
6611,230,95,2
6612,230,143,1
6613,230,410,2
6614,230,86,1
6615,230,53,2
6616,230,48,1
6617,230,145,1
6618,230,39,2
6619,231,256,4
6620,231,0,4
6621,231,113,6
6622,231,3,3
6623,231,34,2
6624,231,7,3
6625,231,115,4
6626,231,166,1
6627,231,258,4
6628,231,248,3
6629,231,118,4
6630,231,259,3
6631,231,260,3
6632,231,86,4
6633,231,170,4
6634,231,67,2
6635,231,122,2
6636,231,173,4
6637,231,282,1
6638,231,50,1
6639,231,428,1
6640,231,117,1
6641,231,371,2
6642,231,27,2
6643,231,145,2
6644,231,128,2
6645,231,261,2
6646,231,285,1
6647,232,129,2
6648,232,56,4
6649,232,60,4
6650,232,61,9
6651,232,62,2
6652,232,63,4
6653,232,314,1
6654,232,64,4
6655,232,304,3
6656,232,82,1
6657,232,305,1
6658,232,84,1
6659,232,309,1
6660,232,104,2
6661,232,86,1
6662,232,66,4
6663,232,40,1
6664,232,306,1
6665,232,68,2
6666,232,71,2
6667,232,307,2
6668,232,76,4
6669,232,17,2
6670,232,196,3
6671,232,20,2
6672,232,161,1
6673,232,72,1
6674,232,108,3
6675,232,81,1
6676,232,308,2
6677,232,86,2
6678,232,27,2
6679,232,40,1
6680,233,56,4
6681,233,396,1
6682,233,60,4
6683,233,61,10
6684,233,62,2
6685,233,63,4
6686,233,314,1
6687,233,64,4
6688,233,304,2
6689,233,82,2
6690,233,305,1
6691,233,309,1
6692,233,104,2
6693,233,86,1
6694,233,66,4
6695,233,40,2
6696,233,306,1
6697,233,68,2
6698,233,71,2
6699,233,307,2
6700,233,76,4
6701,233,17,2
6702,233,196,3
6703,233,20,2
6704,233,50,1
6705,233,108,3
6706,233,81,1
6707,233,367,1
6708,233,85,2
6709,233,86,1
6710,233,27,2
6711,233,55,2
6712,234,129,1
6713,234,56,4
6714,234,60,4
6715,234,61,11
6716,234,62,2
6717,234,63,4
6718,234,64,4
6719,234,304,3
6720,234,82,1
6721,234,305,1
6722,234,86,1
6723,234,66,4
6724,234,306,1
6725,234,68,3
6726,234,71,2
6727,234,72,1
6728,234,307,2
6729,234,308,2
6730,234,76,4
6731,234,17,3
6732,234,196,2
6733,234,20,2
6734,234,108,4
6735,234,81,1
6736,234,367,1
6737,234,86,3
6738,234,77,2
6739,234,27,2
6740,235,110,2
6741,235,0,1
6742,235,111,2
6743,235,112,4
6744,235,113,2
6745,235,1,3
6746,235,2,3
6747,235,34,2
6748,235,6,2
6749,235,164,1
6750,235,165,2
6751,235,7,2
6752,235,116,3
6753,235,119,4
6754,235,279,1
6755,235,70,4
6756,235,73,2
6757,235,23,2
6758,235,280,4
6759,235,287,1
6760,235,26,2
6761,235,44,3
6762,235,145,2
6763,235,17,4
6764,235,332,2
6765,235,248,1
6766,235,117,1
6767,235,288,1
6768,235,191,1
6769,235,263,1
6770,235,26,1
6771,235,27,1
6772,235,28,1
6773,235,145,1
6774,235,128,3
6775,235,98,1
6776,235,332,1
6777,235,67,1
6778,236,29,4
6779,236,32,16
6780,236,100,1
6781,236,236,4
6782,236,272,1
6783,236,237,2
6784,236,238,4
6785,236,239,4
6786,236,240,2
6787,236,241,4
6788,236,242,4
6789,236,39,2
6790,236,42,4
6791,236,48,4
6792,236,243,4
6793,236,41,1
6794,236,36,1
6795,236,49,4
6796,236,52,2
6797,236,53,3
6798,236,351,2
6799,236,281,2
6800,237,0,4
6801,237,129,1
6802,237,30,3
6803,237,31,3
6804,237,130,4
6805,237,32,1
6806,237,34,4
6807,237,131,4
6808,237,35,4
6809,237,132,4
6810,237,133,4
6811,237,115,4
6812,237,134,4
6813,237,136,4
6814,237,118,4
6815,237,140,3
6816,237,141,4
6817,237,48,1
6818,237,41,2
6819,237,36,1
6820,237,372,2
6821,237,142,1
6822,237,129,1
6823,237,143,1
6824,237,53,2
6825,237,48,3
6826,237,145,1
6827,237,67,1
6828,238,1,6
6829,238,3,2
6830,238,4,4
6831,238,5,4
6832,238,6,4
6833,238,8,4
6834,238,193,4
6835,238,194,4
6836,238,195,2
6837,238,174,1
6838,238,88,1
6839,238,12,4
6840,238,13,1
6841,238,14,4
6842,238,26,1
6843,238,16,4
6844,238,28,2
6845,238,44,3
6846,238,145,1
6847,238,196,4
6848,238,174,1
6849,238,20,2
6850,238,21,1
6851,238,50,1
6852,238,81,2
6853,238,197,2
6854,238,191,1
6855,238,26,1
6856,238,27,2
6857,238,91,2
6858,239,129,1
6859,239,56,4
6860,239,60,4
6861,239,61,11
6862,239,62,2
6863,239,63,4
6864,239,64,4
6865,239,304,3
6866,239,82,1
6867,239,86,1
6868,239,66,4
6869,239,68,2
6870,239,71,3
6871,239,108,3
6872,239,307,3
6873,239,76,4
6874,239,77,1
6875,239,17,3
6876,239,196,2
6877,239,20,2
6878,239,306,1
6879,239,68,1
6880,239,400,1
6881,239,50,1
6882,239,108,1
6883,239,81,1
6884,239,82,1
6885,239,308,2
6886,239,86,3
6887,239,77,1
6888,240,1,5
6889,240,3,3
6890,240,4,4
6891,240,5,4
6892,240,6,4
6893,240,7,1
6894,240,8,2
6895,240,9,4
6896,240,10,4
6897,240,11,4
6898,240,12,4
6899,240,13,2
6900,240,14,4
6901,240,15,1
6902,240,16,4
6903,240,17,4
6904,240,18,2
6905,240,19,4
6906,240,23,1
6907,240,90,1
6908,240,25,2
6909,240,26,2
6910,240,219,1
6911,240,27,3
6912,240,28,2
6913,240,44,2
6914,240,229,1
6915,241,1,5
6916,241,3,3
6917,241,4,4
6918,241,5,4
6919,241,6,4
6920,241,7,1
6921,241,22,2
6922,241,9,4
6923,241,10,4
6924,241,11,4
6925,241,88,1
6926,241,12,4
6927,241,14,4
6928,241,15,2
6929,241,16,4
6930,241,28,2
6931,241,17,4
6932,241,19,4
6933,241,20,1
6934,241,8,2
6935,241,90,1
6936,241,191,2
6937,241,25,2
6938,241,26,2
6939,241,28,1
6940,241,44,2
6941,241,229,2
6942,242,1,6
6943,242,3,2
6944,242,4,4
6945,242,5,4
6946,242,6,4
6947,242,8,4
6948,242,193,4
6949,242,194,4
6950,242,195,2
6951,242,174,2
6952,242,88,1
6953,242,12,4
6954,242,90,1
6955,242,13,1
6956,242,14,4
6957,242,16,4
6958,242,28,2
6959,242,44,3
6960,242,196,4
6961,242,20,2
6962,242,21,1
6963,242,50,1
6964,242,23,2
6965,242,90,1
6966,242,197,2
6967,242,83,1
6968,242,25,1
6969,242,26,1
6970,242,27,2
6971,242,91,1
6972,243,29,4
6973,243,32,16
6974,243,100,1
6975,243,236,3
6976,243,272,1
6977,243,237,2
6978,243,238,4
6979,243,239,4
6980,243,240,3
6981,243,241,4
6982,243,242,4
6983,243,39,2
6984,243,42,4
6985,243,48,4
6986,243,243,4
6987,243,49,4
6988,243,46,2
6989,243,52,2
6990,243,53,4
6991,243,255,3
6992,244,256,2
6993,244,0,4
6994,244,113,1
6995,244,130,4
6996,244,3,2
6997,244,34,4
6998,244,131,4
6999,244,7,1
7000,244,115,4
7001,244,97,1
7002,244,257,1
7003,244,166,1
7004,244,258,4
7005,244,118,4
7006,244,259,3
7007,244,260,2
7008,244,86,3
7009,244,170,4
7010,244,88,1
7011,244,173,4
7012,244,127,1
7013,244,48,4
7014,244,27,1
7015,244,97,1
7016,244,282,1
7017,244,283,1
7018,244,352,1
7019,244,42,1
7020,244,176,1
7021,244,117,1
7022,244,144,1
7023,244,53,2
7024,244,241,2
7025,244,145,2
7026,244,128,1
7027,245,149,4
7028,245,56,4
7029,245,151,2
7030,245,31,4
7031,245,1,1
7032,245,34,4
7033,245,63,4
7034,245,35,2
7035,245,361,2
7036,245,38,4
7037,245,240,4
7038,245,388,4
7039,245,402,2
7040,245,11,4
7041,245,42,1
7042,245,429,2
7043,245,107,4
7044,245,430,1
7045,245,363,4
7046,245,19,4
7047,245,133,2
7048,245,142,1
7049,245,50,1
7050,245,42,2
7051,245,429,1
7052,245,143,1
7053,245,431,1
7054,245,43,2
7055,245,76,1
7056,245,48,1
7057,245,55,2
7058,246,0,4
7059,246,113,1
7060,246,130,4
7061,246,3,4
7062,246,34,4
7063,246,131,3
7064,246,7,2
7065,246,115,4
7066,246,257,2
7067,246,166,1
7068,246,258,4
7069,246,248,2
7070,246,118,4
7071,246,259,2
7072,246,260,2
7073,246,86,4
7074,246,170,4
7075,246,122,2
7076,246,173,4
7077,246,127,1
7078,246,48,2
7079,246,50,1
7080,246,284,1
7081,246,248,1
7082,246,127,2
7083,246,144,2
7084,246,241,1
7085,246,48,1
7086,246,27,2
7087,246,145,2
7088,246,128,1
7089,246,285,1
7090,247,29,4
7091,247,32,16
7092,247,100,1
7093,247,236,3
7094,247,237,2
7095,247,238,4
7096,247,239,4
7097,247,240,3
7098,247,241,4
7099,247,242,4
7100,247,39,3
7101,247,42,4
7102,247,48,4
7103,247,243,4
7104,247,49,4
7105,247,272,1
7106,247,273,1
7107,247,52,2
7108,247,53,4
7109,247,255,3
7110,248,129,2
7111,248,199,4
7112,248,264,4
7113,248,2,2
7114,248,3,4
7115,248,200,4
7116,248,201,4
7117,248,49,4
7118,248,175,2
7119,248,265,4
7120,248,239,4
7121,248,205,4
7122,248,266,4
7123,248,270,2
7124,248,39,4
7125,248,12,4
7126,248,42,2
7127,248,281,2
7128,248,160,2
7129,248,162,3
7130,248,210,2
7131,248,42,1
7132,248,47,2
7133,248,53,3
7134,248,156,2
7135,249,231,2
7136,249,1,6
7137,249,2,2
7138,249,4,4
7139,249,5,4
7140,249,6,4
7141,249,221,4
7142,249,195,4
7143,249,223,4
7144,249,12,1
7145,249,224,4
7146,249,225,4
7147,249,226,2
7148,249,227,3
7149,249,28,1
7150,249,44,1
7151,249,54,2
7152,249,232,4
7153,249,233,4
7154,249,20,1
7155,249,21,1
7156,249,50,1
7157,249,81,1
7158,249,83,1
7159,249,86,2
7160,249,25,1
7161,249,26,2
7162,249,27,2
7163,249,28,1
7164,249,44,1
7165,249,40,1
7166,250,1,8
7167,250,4,4
7168,250,5,4
7169,250,6,4
7170,250,8,4
7171,250,193,4
7172,250,194,4
7173,250,195,2
7174,250,88,1
7175,250,12,4
7176,250,213,1
7177,250,13,1
7178,250,14,4
7179,250,26,1
7180,250,16,4
7181,250,28,2
7182,250,44,3
7183,250,54,1
7184,250,196,4
7185,250,174,1
7186,250,20,2
7187,250,21,1
7188,250,50,2
7189,250,23,2
7190,250,197,2
7191,250,27,2
7192,250,28,1
7193,250,91,2
7194,251,0,3
7195,251,129,4
7196,251,294,1
7197,251,1,1
7198,251,295,1
7199,251,296,1
7200,251,297,4
7201,251,5,2
7202,251,34,4
7203,251,6,4
7204,251,298,4
7205,251,64,4
7206,251,299,4
7207,251,300,4
7208,251,194,2
7209,251,289,4
7210,251,67,4
7211,251,88,1
7212,251,12,4
7213,251,198,1
7214,251,26,1
7215,251,196,2
7216,251,174,1
7217,251,97,2
7218,251,50,2
7219,251,73,1
7220,251,23,2
7221,251,81,1
7222,251,198,1
7223,251,26,1
7224,251,27,1
7225,251,44,1
7226,251,194,1
7227,251,98,1
7228,252,1,3
7229,252,3,3
7230,252,4,4
7231,252,5,4
7232,252,6,4
7233,252,7,4
7234,252,221,4
7235,252,222,1
7236,252,195,3
7237,252,223,4
7238,252,11,4
7239,252,224,4
7240,252,23,1
7241,252,225,4
7242,252,226,1
7243,252,227,2
7244,252,28,1
7245,252,44,1
7246,252,17,3
7247,252,25,1
7248,252,19,4
7249,252,20,1
7250,252,50,1
7251,252,90,1
7252,252,24,1
7253,252,83,1
7254,252,228,2
7255,252,26,2
7256,252,219,1
7257,252,27,1
7258,252,44,1
7259,252,222,1
7260,252,40,2
7261,253,231,1
7262,253,1,6
7263,253,2,2
7264,253,3,1
7265,253,4,4
7266,253,5,4
7267,253,6,4
7268,253,221,4
7269,253,195,4
7270,253,223,4
7271,253,11,4
7272,253,224,4
7273,253,225,4
7274,253,226,1
7275,253,227,2
7276,253,232,4
7277,253,233,4
7278,253,19,3
7279,253,20,2
7280,253,50,2
7281,253,81,1
7282,253,86,2
7283,253,25,2
7284,253,26,2
7285,253,219,1
7286,253,44,1
7287,253,99,1
7288,253,40,1
7289,254,231,1
7290,254,1,6
7291,254,2,2
7292,254,3,1
7293,254,4,4
7294,254,5,4
7295,254,6,4
7296,254,221,4
7297,254,195,4
7298,254,223,4
7299,254,11,1
7300,254,224,4
7301,254,225,4
7302,254,226,1
7303,254,227,2
7304,254,191,1
7305,254,28,1
7306,254,44,1
7307,254,54,2
7308,254,232,4
7309,254,233,4
7310,254,25,1
7311,254,20,1
7312,254,21,2
7313,254,73,1
7314,254,81,1
7315,254,86,1
7316,254,25,1
7317,254,26,1
7318,254,219,1
7319,254,27,2
7320,254,28,1
7321,254,44,1
7322,254,40,2
7323,255,1,5
7324,255,3,3
7325,255,4,2
7326,255,5,4
7327,255,34,3
7328,255,6,4
7329,255,22,1
7330,255,9,4
7331,255,193,2
7332,255,10,4
7333,255,11,4
7334,255,12,4
7335,255,13,1
7336,255,226,1
7337,255,14,4
7338,255,358,1
7339,255,16,4
7340,255,17,2
7341,255,229,1
7342,255,18,2
7343,255,19,4
7344,255,20,2
7345,255,432,1
7346,255,22,3
7347,255,8,2
7348,255,13,1
7349,255,25,2
7350,255,433,1
7351,255,27,2
7352,255,229,1
7353,256,110,3
7354,256,111,4
7355,256,112,4
7356,256,113,14
7357,256,114,2
7358,256,115,4
7359,256,116,4
7360,256,118,4
7361,256,119,3
7362,256,120,2
7363,256,121,4
7364,256,122,1
7365,256,123,3
7366,256,124,4
7367,256,125,4
7368,256,248,2
7369,256,127,3
7370,256,120,2
7371,256,228,1
7372,256,74,2
7373,256,263,1
7374,256,27,1
7375,256,128,1
7376,256,99,2
7377,257,110,3
7378,257,111,3
7379,257,112,4
7380,257,113,14
7381,257,114,2
7382,257,115,4
7383,257,116,4
7384,257,117,2
7385,257,118,4
7386,257,119,4
7387,257,276,2
7388,257,120,2
7389,257,121,4
7390,257,122,1
7391,257,124,4
7392,257,125,3
7393,257,248,1
7394,257,127,4
7395,257,120,2
7396,257,228,1
7397,257,74,2
7398,257,27,2
7399,257,128,1
7400,257,99,2
7401,258,177,4
7402,258,178,4
7403,258,2,3
7404,258,3,4
7405,258,34,4
7406,258,61,3
7407,258,180,4
7408,258,181,1
7409,258,182,3
7410,258,184,3
7411,258,185,2
7412,258,186,4
7413,258,187,4
7414,258,188,4
7415,258,68,2
7416,258,76,2
7417,258,189,3
7418,258,190,4
7419,258,233,2
7420,258,359,2
7421,258,434,2
7422,258,108,3
7423,258,308,2
7424,258,76,2
7425,258,77,1
7426,258,27,3
7427,259,1,6
7428,259,3,2
7429,259,4,4
7430,259,5,4
7431,259,6,4
7432,259,7,1
7433,259,8,4
7434,259,9,2
7435,259,10,4
7436,259,11,4
7437,259,12,4
7438,259,13,2
7439,259,14,4
7440,259,26,2
7441,259,16,4
7442,259,17,4
7443,259,18,1
7444,259,19,4
7445,259,21,1
7446,259,22,2
7447,259,23,2
7448,259,90,2
7449,259,25,2
7450,259,27,2
7451,259,28,2
7452,259,91,1
7453,259,229,1
7454,260,0,4
7455,260,129,1
7456,260,30,3
7457,260,31,3
7458,260,130,4
7459,260,32,1
7460,260,34,4
7461,260,131,4
7462,260,35,4
7463,260,132,4
7464,260,133,4
7465,260,115,4
7466,260,134,4
7467,260,136,4
7468,260,118,4
7469,260,140,4
7470,260,141,4
7471,260,41,1
7472,260,97,2
7473,260,129,1
7474,260,50,2
7475,260,42,1
7476,260,287,1
7477,260,143,1
7478,260,53,2
7479,260,48,4
7480,261,93,1
7481,261,56,4
7482,261,1,2
7483,261,3,3
7484,261,60,2
7485,261,100,2
7486,261,34,2
7487,261,61,5
7488,261,63,4
7489,261,102,2
7490,261,103,4
7491,261,37,3
7492,261,38,4
7493,261,106,4
7494,261,55,4
7495,261,40,1
7496,261,68,2
7497,261,269,1
7498,261,76,3
7499,261,77,2
7500,261,44,1
7501,261,107,4
7502,261,20,2
7503,261,71,1
7504,261,50,2
7505,261,108,2
7506,261,73,2
7507,261,76,1
7508,261,28,1
7509,261,44,1
7510,261,435,1
7511,261,98,1
7512,261,40,1
7513,262,231,1
7514,262,1,6
7515,262,2,2
7516,262,3,1
7517,262,4,4
7518,262,5,4
7519,262,6,4
7520,262,221,4
7521,262,195,4
7522,262,223,4
7523,262,11,2
7524,262,224,4
7525,262,225,4
7526,262,226,2
7527,262,227,2
7528,262,44,2
7529,262,54,2
7530,262,232,4
7531,262,233,4
7532,262,20,2
7533,262,21,1
7534,262,50,2
7535,262,23,1
7536,262,81,1
7537,262,83,1
7538,262,86,2
7539,262,25,2
7540,262,26,1
7541,262,27,1
7542,262,28,1
7543,263,231,2
7544,263,1,6
7545,263,2,2
7546,263,4,4
7547,263,5,4
7548,263,6,4
7549,263,221,4
7550,263,195,4
7551,263,223,4
7552,263,224,4
7553,263,225,4
7554,263,13,2
7555,263,226,1
7556,263,227,3
7557,263,44,1
7558,263,54,2
7559,263,232,4
7560,263,233,4
7561,263,25,1
7562,263,20,2
7563,263,50,1
7564,263,81,2
7565,263,24,1
7566,263,86,2
7567,263,25,1
7568,263,26,2
7569,263,219,2
7570,263,27,1
7571,263,28,1
7572,264,231,1
7573,264,1,6
7574,264,2,2
7575,264,3,1
7576,264,4,4
7577,264,5,4
7578,264,6,4
7579,264,221,4
7580,264,195,4
7581,264,223,4
7582,264,11,4
7583,264,224,4
7584,264,225,4
7585,264,226,1
7586,264,227,2
7587,264,232,4
7588,264,233,4
7589,264,19,3
7590,264,20,1
7591,264,50,1
7592,264,81,2
7593,264,86,2
7594,264,25,2
7595,264,26,2
7596,264,219,2
7597,264,28,2
7598,264,44,1
7599,265,1,5
7600,265,3,3
7601,265,4,4
7602,265,5,4
7603,265,6,4
7604,265,7,1
7605,265,22,2
7606,265,9,4
7607,265,10,4
7608,265,11,4
7609,265,12,4
7610,265,13,2
7611,265,14,4
7612,265,15,2
7613,265,16,4
7614,265,17,4
7615,265,18,1
7616,265,19,4
7617,265,22,2
7618,265,8,3
7619,265,25,2
7620,265,89,1
7621,265,26,2
7622,265,27,2
7623,265,28,2
7624,265,44,1
7625,266,1,6
7626,266,3,2
7627,266,4,4
7628,266,5,4
7629,266,6,4
7630,266,8,4
7631,266,193,4
7632,266,194,4
7633,266,195,2
7634,266,174,1
7635,266,88,1
7636,266,12,4
7637,266,13,1
7638,266,14,4
7639,266,26,1
7640,266,16,4
7641,266,28,2
7642,266,44,3
7643,266,145,1
7644,266,196,4
7645,266,174,1
7646,266,20,2
7647,266,21,1
7648,266,50,1
7649,266,90,1
7650,266,197,2
7651,266,83,1
7652,266,191,1
7653,266,25,2
7654,266,27,2
7655,266,98,1
7656,267,1,6
7657,267,3,2
7658,267,4,4
7659,267,5,4
7660,267,6,4
7661,267,8,4
7662,267,193,4
7663,267,194,4
7664,267,195,2
7665,267,174,2
7666,267,88,1
7667,267,12,4
7668,267,90,1
7669,267,13,1
7670,267,14,4
7671,267,16,4
7672,267,28,2
7673,267,44,2
7674,267,145,1
7675,267,196,4
7676,267,20,2
7677,267,21,1
7678,267,50,2
7679,267,197,2
7680,267,191,2
7681,267,25,2
7682,267,26,1
7683,267,27,2
7684,267,301,1
7685,268,1,6
7686,268,3,2
7687,268,4,4
7688,268,5,4
7689,268,6,4
7690,268,8,4
7691,268,193,4
7692,268,194,4
7693,268,195,3
7694,268,174,2
7695,268,12,4
7696,268,90,1
7697,268,198,1
7698,268,13,1
7699,268,14,4
7700,268,16,4
7701,268,28,2
7702,268,44,3
7703,268,196,3
7704,268,174,1
7705,268,20,2
7706,268,21,1
7707,268,23,1
7708,268,90,3
7709,268,198,1
7710,268,25,2
7711,268,27,2
7712,268,332,1
7713,268,40,1
7714,269,1,6
7715,269,3,2
7716,269,4,4
7717,269,5,4
7718,269,6,4
7719,269,8,4
7720,269,193,4
7721,269,194,4
7722,269,195,2
7723,269,88,1
7724,269,21,1
7725,269,12,4
7726,269,213,2
7727,269,13,1
7728,269,14,4
7729,269,16,4
7730,269,28,1
7731,269,44,3
7732,269,145,1
7733,269,196,4
7734,269,174,1
7735,269,20,2
7736,269,21,1
7737,269,50,1
7738,269,23,1
7739,269,81,1
7740,269,197,2
7741,269,83,1
7742,269,191,2
7743,269,25,1
7744,269,27,2
7745,270,1,6
7746,270,3,2
7747,270,4,4
7748,270,5,4
7749,270,6,4
7750,270,8,4
7751,270,193,4
7752,270,194,4
7753,270,195,2
7754,270,174,1
7755,270,12,4
7756,270,13,1
7757,270,14,4
7758,270,26,1
7759,270,16,4
7760,270,28,2
7761,270,44,2
7762,270,145,2
7763,270,230,1
7764,270,196,4
7765,270,174,1
7766,270,20,2
7767,270,21,1
7768,270,50,1
7769,270,90,1
7770,270,197,2
7771,270,83,1
7772,270,191,1
7773,270,25,1
7774,270,26,1
7775,270,27,2
7776,270,91,1
7777,271,110,3
7778,271,111,3
7779,271,112,4
7780,271,113,14
7781,271,114,2
7782,271,115,4
7783,271,116,4
7784,271,118,4
7785,271,119,4
7786,271,120,1
7787,271,121,4
7788,271,128,2
7789,271,122,1
7790,271,247,1
7791,271,123,3
7792,271,147,1
7793,271,124,4
7794,271,262,1
7795,271,248,1
7796,271,117,1
7797,271,127,4
7798,271,120,3
7799,271,228,1
7800,271,74,2
7801,271,27,2
7802,271,128,1
7803,272,2,20
7804,272,100,4
7805,272,202,4
7806,272,203,3
7807,272,204,4
7808,272,205,4
7809,272,206,3
7810,272,436,4
7811,272,301,1
7812,272,207,2
7813,272,192,1
7814,272,12,4
7815,272,437,2
7816,272,26,2
7817,272,358,2
7818,272,24,2
7819,272,211,4
7820,272,26,2
7821,272,219,2
7822,272,301,3
7823,272,438,2
7824,273,2,20
7825,273,100,4
7826,273,202,4
7827,273,203,4
7828,273,204,4
7829,273,439,4
7830,273,205,4
7831,273,301,2
7832,273,192,2
7833,273,438,2
7834,273,12,4
7835,273,437,4
7836,273,358,2
7837,273,211,4
7838,273,26,4
7839,273,27,3
7840,273,301,2
7841,273,212,1
7842,273,440,1
7843,274,0,3
7844,274,129,4
7845,274,294,1
7846,274,303,1
7847,274,1,1
7848,274,295,1
7849,274,297,4
7850,274,5,1
7851,274,34,4
7852,274,6,4
7853,274,244,1
7854,274,298,4
7855,274,64,4
7856,274,299,4
7857,274,300,4
7858,274,194,3
7859,274,289,4
7860,274,67,4
7861,274,88,2
7862,274,12,4
7863,274,196,2
7864,274,174,2
7865,274,50,2
7866,274,81,1
7867,274,191,3
7868,274,86,2
7869,274,26,2
7870,274,27,2
7871,274,98,1
7872,275,0,2
7873,275,129,4
7874,275,294,1
7875,275,303,1
7876,275,1,1
7877,275,295,1
7878,275,60,1
7879,275,297,3
7880,275,5,2
7881,275,34,4
7882,275,6,4
7883,275,298,4
7884,275,64,4
7885,275,299,4
7886,275,300,3
7887,275,194,3
7888,275,289,4
7889,275,67,4
7890,275,88,3
7891,275,12,3
7892,275,196,4
7893,275,174,2
7894,275,50,2
7895,275,330,1
7896,275,23,1
7897,275,191,1
7898,275,26,2
7899,275,27,2
7900,275,28,2
7901,275,44,1
7902,275,194,1
7903,276,29,1
7904,276,231,1
7905,276,30,4
7906,276,31,4
7907,276,1,3
7908,276,3,2
7909,276,32,5
7910,276,33,2
7911,276,34,3
7912,276,35,4
7913,276,36,4
7914,276,37,2
7915,276,333,1
7916,276,38,4
7917,276,86,1
7918,276,39,4
7919,276,40,1
7920,276,41,1
7921,276,88,1
7922,276,42,1
7923,276,54,2
7924,276,45,2
7925,276,47,4
7926,276,48,3
7927,276,20,2
7928,276,41,1
7929,276,97,1
7930,276,50,1
7931,276,81,2
7932,276,42,2
7933,276,51,1
7934,276,52,2
7935,276,53,2
7936,276,98,1
7937,277,56,4
7938,277,1,5
7939,277,3,3
7940,277,60,2
7941,277,100,3
7942,277,61,4
7943,277,63,4
7944,277,102,2
7945,277,103,4
7946,277,37,4
7947,277,38,4
7948,277,106,4
7949,277,55,4
7950,277,68,2
7951,277,269,1
7952,277,76,3
7953,277,77,2
7954,277,44,1
7955,277,107,4
7956,277,20,1
7957,277,71,1
7958,277,50,2
7959,277,108,2
7960,277,76,1
7961,277,77,1
7962,277,27,2
7963,277,28,2
7964,277,78,1
7965,277,98,1
7966,277,40,1
7967,278,110,3
7968,278,111,4
7969,278,112,4
7970,278,113,11
7971,278,58,2
7972,278,114,2
7973,278,61,1
7974,278,115,4
7975,278,271,1
7976,278,116,4
7977,278,117,1
7978,278,118,4
7979,278,119,3
7980,278,120,2
7981,278,121,4
7982,278,123,2
7983,278,124,4
7984,278,125,4
7985,278,248,1
7986,278,117,1
7987,278,120,1
7988,278,228,2
7989,278,76,3
7990,278,77,3
7991,278,128,1
7992,278,99,3
7993,279,231,2
7994,279,1,6
7995,279,2,2
7996,279,4,4
7997,279,5,4
7998,279,6,4
7999,279,221,4
8000,279,195,4
8001,279,223,4
8002,279,11,2
8003,279,12,1
8004,279,224,4
8005,279,225,4
8006,279,227,3
8007,279,28,1
8008,279,44,2
8009,279,54,1
8010,279,232,4
8011,279,233,4
8012,279,20,1
8013,279,50,2
8014,279,23,1
8015,279,81,1
8016,279,226,1
8017,279,441,1
8018,279,442,2
8019,279,86,2
8020,279,25,2
8021,279,26,1
8022,279,27,1
8023,280,231,2
8024,280,1,6
8025,280,2,2
8026,280,4,4
8027,280,5,4
8028,280,6,4
8029,280,221,4
8030,280,195,4
8031,280,223,4
8032,280,11,4
8033,280,224,4
8034,280,225,4
8035,280,226,1
8036,280,227,2
8037,280,232,4
8038,280,233,4
8039,280,19,3
8040,280,20,2
8041,280,50,2
8042,280,81,1
8043,280,226,1
8044,280,86,2
8045,280,25,2
8046,280,26,1
8047,280,219,2
8048,280,28,1
8049,280,44,1
8050,281,1,7
8051,281,2,1
8052,281,3,2
8053,281,4,4
8054,281,5,4
8055,281,6,4
8056,281,221,4
8057,281,86,2
8058,281,195,3
8059,281,223,4
8060,281,11,4
8061,281,224,4
8062,281,225,4
8063,281,226,1
8064,281,227,2
8065,281,44,1
8066,281,443,1
8067,281,25,2
8068,281,89,2
8069,281,19,4
8070,281,174,1
8071,281,20,2
8072,281,21,1
8073,281,50,3
8074,281,81,1
8075,281,443,1
8076,281,26,1
8077,281,219,1
8078,281,28,1
8079,281,229,1
8080,281,40,2
8081,282,231,1
8082,282,1,6
8083,282,2,2
8084,282,3,1
8085,282,4,4
8086,282,5,4
8087,282,6,4
8088,282,221,4
8089,282,195,4
8090,282,223,4
8091,282,11,3
8092,282,224,4
8093,282,225,4
8094,282,226,1
8095,282,227,2
8096,282,44,1
8097,282,232,4
8098,282,233,4
8099,282,19,3
8100,282,20,1
8101,282,50,1
8102,282,81,2
8103,282,86,2
8104,282,25,2
8105,282,26,2
8106,282,219,2
8107,282,28,2
8108,282,99,1
8109,283,231,1
8110,283,1,6
8111,283,2,2
8112,283,3,1
8113,283,4,4
8114,283,5,4
8115,283,6,4
8116,283,221,4
8117,283,195,4
8118,283,223,4
8119,283,11,3
8120,283,224,4
8121,283,225,4
8122,283,226,2
8123,283,227,2
8124,283,232,4
8125,283,233,4
8126,283,25,1
8127,283,19,2
8128,283,20,2
8129,283,21,1
8130,283,81,2
8131,283,86,2
8132,283,25,1
8133,283,26,2
8134,283,219,2
8135,283,27,1
8136,283,28,2
8137,284,231,1
8138,284,1,6
8139,284,2,2
8140,284,3,1
8141,284,4,4
8142,284,5,4
8143,284,6,4
8144,284,221,4
8145,284,195,4
8146,284,223,4
8147,284,11,1
8148,284,224,4
8149,284,225,4
8150,284,226,1
8151,284,227,2
8152,284,191,1
8153,284,28,1
8154,284,44,1
8155,284,54,2
8156,284,232,4
8157,284,233,4
8158,284,25,1
8159,284,20,1
8160,284,21,2
8161,284,73,1
8162,284,81,2
8163,284,24,1
8164,284,191,1
8165,284,86,1
8166,284,25,1
8167,284,27,1
8168,284,28,1
8169,284,44,1
8170,284,40,2
8171,285,231,1
8172,285,1,6
8173,285,2,2
8174,285,3,1
8175,285,4,4
8176,285,5,4
8177,285,6,4
8178,285,221,4
8179,285,195,4
8180,285,223,4
8181,285,11,4
8182,285,224,4
8183,285,225,4
8184,285,226,1
8185,285,227,2
8186,285,232,4
8187,285,233,4
8188,285,19,3
8189,285,20,2
8190,285,50,1
8191,285,81,1
8192,285,86,1
8193,285,25,2
8194,285,26,2
8195,285,219,1
8196,285,27,1
8197,285,28,1
8198,285,99,2
8199,285,40,1
8200,286,231,1
8201,286,1,6
8202,286,2,2
8203,286,3,1
8204,286,4,4
8205,286,5,4
8206,286,6,4
8207,286,221,4
8208,286,195,4
8209,286,223,4
8210,286,11,2
8211,286,224,4
8212,286,225,4
8213,286,226,1
8214,286,227,2
8215,286,28,1
8216,286,54,2
8217,286,232,4
8218,286,233,4
8219,286,19,2
8220,286,20,2
8221,286,73,1
8222,286,81,1
8223,286,86,2
8224,286,25,2
8225,286,26,1
8226,286,219,2
8227,286,27,1
8228,286,28,1
8229,286,99,1
8230,286,40,1
8231,287,231,2
8232,287,1,6
8233,287,2,2
8234,287,4,4
8235,287,5,4
8236,287,6,4
8237,287,221,4
8238,287,195,4
8239,287,223,4
8240,287,11,1
8241,287,12,1
8242,287,224,4
8243,287,225,4
8244,287,13,1
8245,287,226,2
8246,287,227,2
8247,287,28,1
8248,287,44,1
8249,287,54,1
8250,287,232,4
8251,287,233,4
8252,287,20,1
8253,287,21,1
8254,287,50,1
8255,287,81,1
8256,287,86,2
8257,287,25,2
8258,287,26,2
8259,287,219,1
8260,287,27,1
8261,287,28,1
8262,287,99,1
8263,287,40,1
8264,288,1,5
8265,288,3,3
8266,288,4,4
8267,288,5,4
8268,288,6,4
8269,288,7,1
8270,288,22,2
8271,288,9,4
8272,288,10,4
8273,288,11,4
8274,288,88,1
8275,288,12,4
8276,288,13,1
8277,288,14,4
8278,288,15,2
8279,288,16,4
8280,288,17,4
8281,288,18,1
8282,288,19,4
8283,288,22,2
8284,288,8,3
8285,288,25,2
8286,288,89,1
8287,288,26,2
8288,288,27,2
8289,288,28,2
8290,288,44,1
8291,289,1,6
8292,289,3,1
8293,289,4,4
8294,289,5,4
8295,289,6,4
8296,289,7,2
8297,289,9,4
8298,289,10,4
8299,289,11,4
8300,289,88,1
8301,289,12,4
8302,289,13,2
8303,289,14,4
8304,289,15,2
8305,289,16,4
8306,289,17,4
8307,289,18,2
8308,289,19,4
8309,289,8,4
8310,289,25,2
8311,289,26,2
8312,289,27,2
8313,289,28,2
8314,289,44,1
8315,289,229,2
8316,290,1,5
8317,290,3,3
8318,290,4,4
8319,290,5,4
8320,290,6,4
8321,290,7,1
8322,290,22,2
8323,290,9,4
8324,290,10,4
8325,290,11,4
8326,290,12,4
8327,290,13,2
8328,290,14,4
8329,290,15,2
8330,290,16,4
8331,290,17,4
8332,290,18,1
8333,290,19,4
8334,290,22,2
8335,290,8,3
8336,290,226,2
8337,290,25,2
8338,290,89,1
8339,290,27,2
8340,290,28,2
8341,290,44,1
8342,291,1,4
8343,291,3,3
8344,291,4,4
8345,291,5,4
8346,291,6,4
8347,291,7,2
8348,291,22,1
8349,291,8,2
8350,291,9,4
8351,291,10,4
8352,291,11,4
8353,291,88,1
8354,291,12,4
8355,291,13,1
8356,291,14,4
8357,291,15,1
8358,291,16,4
8359,291,17,4
8360,291,18,1
8361,291,19,4
8362,291,20,1
8363,291,22,2
8364,291,8,1
8365,291,23,2
8366,291,25,2
8367,291,89,1
8368,291,26,2
8369,291,27,2
8370,291,28,1
8371,291,44,1
8372,292,1,5
8373,292,3,2
8374,292,4,4
8375,292,5,4
8376,292,6,4
8377,292,7,2
8378,292,22,1
8379,292,9,4
8380,292,10,4
8381,292,11,4
8382,292,88,1
8383,292,12,4
8384,292,13,1
8385,292,226,1
8386,292,14,4
8387,292,15,1
8388,292,16,4
8389,292,28,1
8390,292,17,4
8391,292,18,1
8392,292,19,4
8393,292,22,2
8394,292,8,1
8395,292,13,1
8396,292,226,1
8397,292,191,2
8398,292,25,2
8399,292,26,1
8400,292,27,2
8401,292,28,1
8402,292,40,2
8403,293,1,6
8404,293,3,3
8405,293,4,4
8406,293,5,4
8407,293,6,4
8408,293,22,1
8409,293,9,4
8410,293,10,4
8411,293,11,4
8412,293,12,4
8413,293,13,3
8414,293,14,4
8415,293,15,2
8416,293,16,4
8417,293,17,4
8418,293,18,1
8419,293,19,4
8420,293,22,1
8421,293,8,2
8422,293,23,1
8423,293,25,2
8424,293,26,2
8425,293,27,3
8426,293,28,2
8427,293,44,1
8428,293,229,1
8429,294,1,5
8430,294,3,2
8431,294,4,4
8432,294,5,4
8433,294,6,4
8434,294,7,2
8435,294,22,2
8436,294,8,2
8437,294,9,4
8438,294,10,3
8439,294,11,4
8440,294,88,1
8441,294,12,4
8442,294,13,1
8443,294,14,4
8444,294,15,1
8445,294,16,4
8446,294,17,4
8447,294,18,1
8448,294,19,4
8449,294,21,1
8450,294,23,2
8451,294,90,1
8452,294,25,2
8453,294,89,1
8454,294,26,1
8455,294,27,2
8456,294,28,2
8457,294,44,2
8458,294,229,1
8459,295,1,5
8460,295,3,2
8461,295,4,4
8462,295,5,4
8463,295,6,4
8464,295,7,2
8465,295,22,3
8466,295,9,4
8467,295,10,4
8468,295,11,4
8469,295,12,4
8470,295,13,2
8471,295,14,4
8472,295,15,1
8473,295,16,4
8474,295,17,4
8475,295,18,1
8476,295,19,4
8477,295,22,1
8478,295,8,2
8479,295,90,2
8480,295,191,1
8481,295,25,2
8482,295,27,2
8483,295,28,2
8484,295,44,1
8485,295,229,2
8486,296,1,5
8487,296,3,3
8488,296,4,4
8489,296,5,4
8490,296,6,4
8491,296,7,1
8492,296,22,2
8493,296,9,4
8494,296,10,4
8495,296,11,4
8496,296,12,4
8497,296,13,2
8498,296,14,4
8499,296,15,2
8500,296,16,4
8501,296,17,4
8502,296,18,1
8503,296,19,4
8504,296,22,2
8505,296,8,3
8506,296,25,2
8507,296,89,1
8508,296,26,2
8509,296,27,2
8510,296,28,3
8511,297,1,5
8512,297,3,3
8513,297,4,4
8514,297,5,4
8515,297,6,4
8516,297,7,1
8517,297,22,2
8518,297,8,1
8519,297,9,4
8520,297,10,4
8521,297,11,4
8522,297,88,1
8523,297,12,4
8524,297,13,1
8525,297,14,4
8526,297,15,1
8527,297,16,4
8528,297,17,4
8529,297,18,1
8530,297,19,4
8531,297,22,2
8532,297,8,2
8533,297,193,2
8534,297,25,2
8535,297,89,1
8536,297,26,2
8537,297,27,2
8538,297,28,1
8539,297,44,1
8540,298,1,4
8541,298,3,3
8542,298,4,4
8543,298,5,4
8544,298,6,4
8545,298,7,2
8546,298,22,2
8547,298,9,4
8548,298,10,4
8549,298,11,4
8550,298,12,4
8551,298,13,2
8552,298,14,4
8553,298,15,1
8554,298,358,1
8555,298,16,4
8556,298,17,4
8557,298,18,1
8558,298,19,4
8559,298,22,2
8560,298,8,2
8561,298,23,1
8562,298,226,1
8563,298,25,2
8564,298,26,2
8565,298,27,2
8566,298,28,2
8567,298,44,1
8568,299,110,4
8569,299,111,2
8570,299,112,4
8571,299,113,14
8572,299,114,2
8573,299,115,4
8574,299,116,4
8575,299,117,3
8576,299,118,4
8577,299,119,3
8578,299,276,2
8579,299,120,2
8580,299,121,4
8581,299,122,2
8582,299,123,2
8583,299,124,4
8584,299,146,2
8585,299,127,2
8586,299,120,2
8587,299,74,2
8588,299,125,2
8589,299,27,2
8590,299,128,1
8591,299,99,2
8592,300,110,3
8593,300,111,4
8594,300,112,4
8595,300,113,13
8596,300,114,2
8597,300,115,4
8598,300,116,4
8599,300,117,2
8600,300,118,4
8601,300,119,2
8602,300,120,2
8603,300,121,4
8604,300,122,1
8605,300,247,1
8606,300,124,4
8607,300,262,2
8608,300,125,4
8609,300,117,1
8610,300,127,4
8611,300,120,1
8612,300,228,2
8613,300,74,2
8614,300,27,3
8615,300,99,2
8616,301,110,3
8617,301,111,3
8618,301,112,4
8619,301,113,14
8620,301,114,2
8621,301,115,4
8622,301,116,4
8623,301,117,2
8624,301,118,4
8625,301,119,3
8626,301,276,2
8627,301,120,2
8628,301,121,4
8629,301,122,1
8630,301,124,4
8631,301,125,4
8632,301,146,1
8633,301,127,4
8634,301,120,2
8635,301,228,1
8636,301,74,2
8637,301,27,2
8638,301,128,1
8639,301,99,2
8640,302,177,4
8641,302,178,4
8642,302,2,3
8643,302,3,4
8644,302,179,1
8645,302,34,4
8646,302,61,3
8647,302,180,4
8648,302,181,1
8649,302,182,2
8650,302,183,3
8651,302,184,4
8652,302,185,3
8653,302,187,4
8654,302,188,4
8655,302,68,1
8656,302,76,3
8657,302,189,4
8658,302,190,4
8659,302,68,1
8660,302,359,2
8661,302,108,2
8662,302,444,2
8663,302,308,2
8664,302,191,1
8665,302,85,1
8666,302,76,1
8667,302,77,1
8668,302,27,2
8669,303,256,4
8670,303,0,4
8671,303,113,6
8672,303,3,3
8673,303,34,2
8674,303,7,3
8675,303,115,4
8676,303,166,1
8677,303,258,4
8678,303,248,3
8679,303,118,4
8680,303,65,1
8681,303,259,2
8682,303,260,3
8683,303,86,4
8684,303,170,4
8685,303,67,2
8686,303,122,2
8687,303,173,4
8688,303,282,1
8689,303,50,1
8690,303,284,1
8691,303,428,1
8692,303,144,1
8693,303,371,2
8694,303,27,2
8695,303,145,1
8696,303,128,2
8697,303,261,2
8698,303,285,1
8699,304,0,4
8700,304,113,1
8701,304,130,4
8702,304,3,4
8703,304,34,4
8704,304,131,3
8705,304,7,2
8706,304,115,4
8707,304,257,2
8708,304,166,1
8709,304,258,4
8710,304,248,2
8711,304,118,4
8712,304,259,2
8713,304,260,2
8714,304,86,4
8715,304,170,4
8716,304,122,2
8717,304,173,4
8718,304,127,1
8719,304,48,2
8720,304,284,1
8721,304,248,1
8722,304,127,2
8723,304,144,2
8724,304,241,1
8725,304,48,1
8726,304,27,2
8727,304,145,3
8728,304,128,1
8729,304,285,1
8730,305,256,2
8731,305,0,4
8732,305,129,1
8733,305,113,6
8734,305,3,3
8735,305,34,2
8736,305,7,4
8737,305,115,4
8738,305,166,1
8739,305,258,4
8740,305,248,2
8741,305,117,1
8742,305,118,4
8743,305,259,2
8744,305,260,3
8745,305,86,4
8746,305,170,4
8747,305,67,2
8748,305,122,2
8749,305,13,1
8750,305,173,4
8751,305,282,1
8752,305,50,2
8753,305,13,1
8754,305,117,1
8755,305,74,2
8756,305,415,1
8757,305,27,1
8758,305,145,1
8759,305,128,2
8760,305,261,2
8761,305,285,1
8762,306,177,2
8763,306,178,2
8764,306,129,4
8765,306,60,1
8766,306,297,4
8767,306,34,4
8768,306,6,3
8769,306,63,4
8770,306,325,1
8771,306,298,4
8772,306,326,3
8773,306,64,4
8774,306,82,1
8775,306,309,3
8776,306,194,1
8777,306,66,4
8778,306,289,3
8779,306,67,4
8780,306,68,3
8781,306,198,2
8782,306,76,3
8783,306,108,2
8784,306,24,1
8785,306,308,3
8786,306,86,1
8787,306,76,1
8788,306,77,1
8789,306,27,1
8790,306,145,2
8791,306,194,2
8792,306,285,1
8793,307,110,1
8794,307,0,1
8795,307,112,4
8796,307,113,1
8797,307,1,2
8798,307,2,2
8799,307,34,3
8800,307,6,4
8801,307,164,1
8802,307,165,3
8803,307,7,3
8804,307,298,2
8805,307,117,2
8806,307,119,4
8807,307,289,3
8808,307,67,2
8809,307,12,3
8810,307,70,4
8811,307,23,1
8812,307,280,4
8813,307,26,3
8814,307,44,3
8815,307,17,4
8816,307,20,2
8817,307,198,1
8818,307,248,3
8819,307,74,2
8820,307,191,2
8821,307,128,1
8822,307,332,1
8823,307,55,2
8824,307,40,1
8825,308,110,4
8826,308,111,3
8827,308,112,4
8828,308,113,14
8829,308,114,1
8830,308,115,4
8831,308,116,4
8832,308,118,4
8833,308,119,4
8834,308,121,4
8835,308,128,2
8836,308,123,4
8837,308,147,2
8838,308,124,4
8839,308,127,2
8840,308,126,2
8841,308,127,2
8842,308,120,4
8843,308,74,2
8844,308,220,1
8845,308,27,3
8846,308,128,1
8847,309,1,6
8848,309,3,2
8849,309,4,4
8850,309,5,4
8851,309,6,4
8852,309,7,1
8853,309,8,3
8854,309,9,3
8855,309,10,4
8856,309,11,4
8857,309,12,4
8858,309,13,2
8859,309,14,4
8860,309,26,1
8861,309,16,4
8862,309,17,4
8863,309,18,1
8864,309,89,1
8865,309,19,4
8866,309,20,1
8867,309,21,1
8868,309,23,2
8869,309,90,2
8870,309,25,2
8871,309,89,1
8872,309,26,1
8873,309,27,2
8874,309,28,2
8875,309,229,1
8876,310,110,4
8877,310,111,2
8878,310,112,4
8879,310,113,14
8880,310,114,2
8881,310,115,4
8882,310,116,4
8883,310,118,4
8884,310,119,4
8885,310,121,4
8886,310,128,2
8887,310,122,1
8888,310,247,1
8889,310,123,4
8890,310,147,2
8891,310,124,4
8892,310,126,2
8893,310,127,4
8894,310,120,4
8895,310,74,2
8896,310,27,2
8897,310,128,1
8898,311,110,3
8899,311,111,3
8900,311,112,4
8901,311,113,14
8902,311,114,2
8903,311,115,4
8904,311,116,4
8905,311,117,3
8906,311,118,4
8907,311,119,3
8908,311,120,2
8909,311,121,4
8910,311,122,2
8911,311,247,1
8912,311,124,4
8913,311,125,3
8914,311,248,1
8915,311,146,1
8916,311,127,3
8917,311,120,2
8918,311,228,1
8919,311,74,2
8920,311,27,2
8921,311,128,1
8922,311,99,2
8923,312,0,1
8924,312,1,5
8925,312,3,3
8926,312,4,4
8927,312,5,4
8928,312,6,4
8929,312,22,1
8930,312,9,4
8931,312,10,4
8932,312,11,4
8933,312,12,4
8934,312,13,3
8935,312,14,4
8936,312,15,2
8937,312,16,4
8938,312,17,4
8939,312,18,1
8940,312,19,4
8941,312,8,3
8942,312,23,1
8943,312,25,2
8944,312,26,2
8945,312,27,3
8946,312,28,2
8947,312,44,1
8948,312,229,1
8949,313,1,6
8950,313,3,2
8951,313,4,4
8952,313,5,4
8953,313,6,4
8954,313,8,4
8955,313,193,4
8956,313,194,4
8957,313,195,3
8958,313,88,1
8959,313,12,4
8960,313,213,2
8961,313,14,4
8962,313,26,1
8963,313,16,4
8964,313,28,1
8965,313,44,3
8966,313,145,1
8967,313,196,4
8968,313,174,1
8969,313,20,2
8970,313,21,1
8971,313,50,1
8972,313,197,2
8973,313,83,1
8974,313,191,2
8975,313,25,1
8976,313,27,2
8977,313,301,2
8978,314,110,3
8979,314,111,3
8980,314,112,4
8981,314,113,14
8982,314,114,2
8983,314,115,4
8984,314,116,4
8985,314,248,2
8986,314,117,1
8987,314,118,4
8988,314,119,4
8989,314,120,1
8990,314,121,4
8991,314,122,2
8992,314,278,1
8993,314,124,4
8994,314,125,3
8995,314,122,1
8996,314,24,1
8997,314,248,1
8998,314,117,1
8999,314,127,4
9000,314,120,2
9001,314,228,1
9002,314,99,3
9003,314,286,1
9004,315,177,4
9005,315,178,4
9006,315,2,3
9007,315,3,4
9008,315,179,1
9009,315,34,4
9010,315,61,3
9011,315,180,4
9012,315,181,1
9013,315,182,2
9014,315,183,3
9015,315,184,4
9016,315,185,3
9017,315,187,4
9018,315,188,4
9019,315,68,1
9020,315,76,3
9021,315,189,4
9022,315,190,4
9023,315,68,1
9024,315,359,2
9025,315,108,1
9026,315,444,2
9027,315,308,2
9028,315,191,1
9029,315,85,1
9030,315,76,1
9031,315,27,2
9032,315,301,2
9033,316,231,2
9034,316,1,6
9035,316,2,2
9036,316,4,4
9037,316,5,4
9038,316,6,4
9039,316,221,4
9040,316,195,4
9041,316,223,4
9042,316,11,4
9043,316,224,4
9044,316,225,4
9045,316,226,1
9046,316,227,2
9047,316,232,4
9048,316,233,4
9049,316,19,3
9050,316,20,2
9051,316,21,2
9052,316,50,2
9053,316,81,1
9054,316,227,1
9055,316,25,2
9056,316,26,1
9057,316,219,2
9058,316,28,1
9059,316,99,1
9060,317,231,1
9061,317,1,6
9062,317,2,2
9063,317,3,1
9064,317,4,4
9065,317,5,4
9066,317,6,4
9067,317,221,4
9068,317,195,4
9069,317,223,4
9070,317,11,3
9071,317,12,1
9072,317,224,4
9073,317,225,4
9074,317,226,1
9075,317,227,3
9076,317,232,4
9077,317,233,4
9078,317,25,2
9079,317,20,2
9080,317,21,1
9081,317,12,1
9082,317,50,1
9083,317,81,1
9084,317,226,1
9085,317,26,1
9086,317,27,1
9087,317,28,2
9088,317,44,1
9089,317,54,1
9090,317,40,2
9091,318,1,6
9092,318,3,2
9093,318,4,4
9094,318,5,4
9095,318,6,4
9096,318,8,4
9097,318,193,4
9098,318,194,4
9099,318,195,2
9100,318,88,1
9101,318,12,4
9102,318,213,1
9103,318,13,1
9104,318,14,4
9105,318,26,2
9106,318,16,4
9107,318,28,2
9108,318,44,3
9109,318,196,4
9110,318,174,1
9111,318,20,3
9112,318,21,1
9113,318,50,1
9114,318,90,1
9115,318,197,2
9116,318,191,1
9117,318,86,1
9118,318,25,2
9119,318,27,2
9120,319,294,1
9121,319,364,1
9122,319,30,4
9123,319,31,2
9124,319,94,3
9125,319,57,1
9126,319,32,2
9127,319,4,4
9128,319,200,1
9129,319,6,2
9130,319,201,3
9131,319,244,2
9132,319,366,2
9133,319,40,2
9134,319,174,1
9135,319,70,4
9136,319,95,2
9137,319,42,4
9138,319,246,4
9139,319,209,4
9140,319,43,3
9141,319,17,2
9142,319,54,2
9143,319,96,1
9144,319,47,3
9145,319,445,1
9146,319,97,2
9147,319,49,2
9148,319,446,2
9149,319,23,2
9150,319,24,1
9151,319,143,2
9152,319,53,1
9153,319,98,1
9154,319,96,1
9155,320,110,4
9156,320,111,2
9157,320,112,4
9158,320,113,14
9159,320,114,2
9160,320,115,4
9161,320,116,4
9162,320,118,4
9163,320,119,4
9164,320,121,4
9165,320,220,1
9166,320,128,2
9167,320,122,1
9168,320,247,1
9169,320,123,4
9170,320,147,1
9171,320,124,4
9172,320,117,1
9173,320,127,4
9174,320,120,4
9175,320,74,2
9176,320,27,2
9177,320,128,1
9178,320,99,1
9179,321,110,3
9180,321,111,4
9181,321,112,4
9182,321,113,13
9183,321,114,2
9184,321,115,4
9185,321,116,4
9186,321,117,2
9187,321,118,4
9188,321,119,3
9189,321,276,2
9190,321,120,4
9191,321,121,4
9192,321,124,4
9193,321,125,3
9194,321,122,1
9195,321,400,2
9196,321,248,1
9197,321,117,1
9198,321,146,1
9199,321,74,1
9200,321,354,3
9201,321,263,1
9202,321,128,2
9203,321,99,2
9204,322,2,12
9205,322,4,4
9206,322,100,1
9207,322,5,2
9208,322,6,4
9209,322,447,2
9210,322,448,4
9211,322,204,4
9212,322,357,1
9213,322,205,4
9214,322,206,4
9215,322,436,4
9216,322,449,4
9217,322,12,4
9218,322,437,1
9219,322,26,2
9220,322,358,3
9221,322,211,4
9222,322,362,1
9223,322,26,2
9224,322,358,1
9225,322,27,2
9226,322,301,2
9227,322,440,3
9228,323,310,3
9229,323,0,3
9230,323,129,1
9231,323,56,3
9232,323,1,1
9233,323,58,4
9234,323,61,1
9235,323,62,1
9236,323,391,1
9237,323,313,1
9238,323,63,3
9239,323,7,1
9240,323,325,2
9241,323,326,4
9242,323,64,4
9243,323,370,3
9244,323,82,1
9245,323,450,4
9246,323,309,4
9247,323,66,4
9248,323,327,1
9249,323,279,2
9250,323,68,2
9251,323,76,3
9252,323,80,3
9253,323,72,1
9254,323,108,2
9255,323,392,2
9256,323,82,1
9257,323,308,2
9258,323,107,1
9259,323,77,1
9260,323,78,2
9261,323,55,1
9262,323,249,1
9263,323,67,1
9264,324,29,2
9265,324,30,4
9266,324,31,4
9267,324,1,2
9268,324,3,2
9269,324,32,5
9270,324,33,2
9271,324,34,4
9272,324,35,4
9273,324,36,4
9274,324,37,2
9275,324,333,2
9276,324,38,4
9277,324,39,4
9278,324,40,1
9279,324,41,2
9280,324,42,1
9281,324,43,2
9282,324,44,1
9283,324,47,4
9284,324,48,4
9285,324,45,2
9286,324,20,1
9287,324,41,2
9288,324,50,2
9289,324,81,1
9290,324,42,1
9291,324,52,1
9292,324,53,1
9293,324,27,1
9294,324,55,2
9295,324,40,1
9296,325,56,4
9297,325,1,4
9298,325,3,4
9299,325,60,2
9300,325,100,3
9301,325,61,4
9302,325,63,4
9303,325,102,2
9304,325,37,3
9305,325,397,1
9306,325,38,4
9307,325,288,1
9308,325,451,1
9309,325,104,1
9310,325,106,4
9311,325,55,3
9312,325,40,1
9313,325,68,1
9314,325,13,1
9315,325,269,1
9316,325,76,2
9317,325,77,2
9318,325,28,1
9319,325,44,1
9320,325,107,4
9321,325,363,1
9322,325,20,2
9323,325,71,2
9324,325,50,1
9325,325,108,2
9326,325,81,1
9327,325,83,1
9328,325,104,1
9329,325,76,2
9330,325,27,1
9331,325,78,1
9332,325,98,1
9333,326,110,2
9334,326,111,4
9335,326,112,4
9336,326,113,10
9337,326,58,4
9338,326,61,2
9339,326,115,4
9340,326,116,4
9341,326,118,4
9342,326,119,3
9343,326,120,3
9344,326,121,4
9345,326,123,4
9346,326,452,4
9347,326,124,4
9348,326,68,1
9349,326,453,1
9350,326,24,1
9351,326,248,1
9352,326,120,1
9353,326,76,3
9354,326,263,1
9355,326,125,3
9356,326,220,2
9357,326,353,1
9358,327,231,1
9359,327,1,7
9360,327,2,1
9361,327,3,1
9362,327,4,4
9363,327,5,4
9364,327,6,4
9365,327,221,4
9366,327,195,4
9367,327,223,4
9368,327,11,4
9369,327,224,4
9370,327,225,4
9371,327,227,2
9372,327,232,4
9373,327,190,2
9374,327,233,3
9375,327,19,3
9376,327,20,2
9377,327,21,1
9378,327,50,1
9379,327,73,1
9380,327,226,1
9381,327,191,1
9382,327,86,1
9383,327,25,2
9384,327,26,1
9385,327,27,2
9386,327,28,2
9387,328,231,1
9388,328,1,6
9389,328,2,2
9390,328,3,1
9391,328,4,4
9392,328,5,4
9393,328,6,4
9394,328,221,4
9395,328,195,4
9396,328,223,4
9397,328,11,2
9398,328,224,4
9399,328,225,4
9400,328,226,1
9401,328,227,2
9402,328,28,1
9403,328,54,2
9404,328,232,4
9405,328,233,4
9406,328,19,2
9407,328,20,2
9408,328,73,1
9409,328,81,1
9410,328,86,2
9411,328,25,2
9412,328,26,1
9413,328,219,2
9414,328,27,1
9415,328,28,1
9416,328,99,1
9417,328,40,1
9418,329,0,1
9419,329,1,5
9420,329,3,3
9421,329,4,4
9422,329,5,4
9423,329,6,4
9424,329,8,2
9425,329,9,4
9426,329,10,4
9427,329,11,4
9428,329,12,4
9429,329,13,2
9430,329,14,4
9431,329,15,2
9432,329,16,4
9433,329,17,4
9434,329,18,1
9435,329,19,4
9436,329,8,2
9437,329,23,1
9438,329,25,2
9439,329,89,1
9440,329,26,1
9441,329,219,1
9442,329,27,2
9443,329,28,2
9444,329,44,2
9445,329,229,1
9446,330,1,6
9447,330,3,2
9448,330,4,4
9449,330,5,4
9450,330,6,4
9451,330,8,4
9452,330,193,4
9453,330,194,4
9454,330,195,2
9455,330,174,1
9456,330,88,1
9457,330,12,4
9458,330,13,1
9459,330,14,4
9460,330,26,1
9461,330,16,4
9462,330,28,2
9463,330,44,3
9464,330,145,1
9465,330,196,4
9466,330,174,1
9467,330,20,2
9468,330,21,1
9469,330,50,1
9470,330,90,1
9471,330,197,2
9472,330,83,1
9473,330,191,1
9474,330,26,1
9475,330,27,2
9476,330,91,2
9477,331,294,1
9478,331,364,1
9479,331,30,4
9480,331,31,3
9481,331,94,1
9482,331,32,1
9483,331,4,3
9484,331,200,4
9485,331,34,1
9486,331,6,4
9487,331,201,2
9488,331,35,2
9489,331,298,4
9490,331,365,2
9491,331,86,4
9492,331,366,4
9493,331,174,1
9494,331,12,1
9495,331,42,2
9496,331,423,4
9497,331,198,2
9498,331,196,3
9499,331,48,4
9500,331,91,2
9501,331,97,1
9502,331,49,2
9503,331,443,2
9504,331,42,1
9505,331,218,1
9506,331,191,2
9507,331,154,1
9508,331,52,2
9509,331,27,2
9510,331,40,1
9511,332,110,4
9512,332,111,2
9513,332,112,4
9514,332,113,14
9515,332,114,2
9516,332,115,4
9517,332,116,4
9518,332,118,4
9519,332,119,4
9520,332,121,4
9521,332,128,2
9522,332,122,1
9523,332,123,4
9524,332,147,1
9525,332,124,4
9526,332,127,2
9527,332,126,2
9528,332,127,2
9529,332,120,4
9530,332,74,2
9531,332,147,1
9532,332,27,3
9533,332,128,1
9534,333,110,4
9535,333,111,2
9536,333,112,4
9537,333,113,14
9538,333,114,2
9539,333,115,4
9540,333,116,4
9541,333,118,4
9542,333,119,4
9543,333,121,4
9544,333,220,1
9545,333,128,2
9546,333,122,1
9547,333,247,1
9548,333,123,4
9549,333,147,1
9550,333,124,4
9551,333,117,1
9552,333,127,4
9553,333,120,4
9554,333,74,2
9555,333,27,2
9556,333,128,1
9557,333,99,1
9558,334,110,3
9559,334,111,2
9560,334,112,4
9561,334,113,13
9562,334,114,3
9563,334,115,4
9564,334,274,1
9565,334,116,4
9566,334,117,2
9567,334,118,4
9568,334,275,3
9569,334,276,2
9570,334,120,4
9571,334,121,4
9572,334,122,2
9573,334,124,4
9574,334,346,1
9575,334,146,4
9576,334,228,2
9577,334,74,2
9578,334,125,3
9579,334,128,2
9580,334,99,2
9581,335,110,2
9582,335,111,4
9583,335,112,4
9584,335,113,14
9585,335,114,2
9586,335,115,4
9587,335,274,1
9588,335,116,4
9589,335,117,2
9590,335,118,4
9591,335,119,4
9592,335,276,2
9593,335,121,4
9594,335,122,1
9595,335,124,4
9596,335,125,4
9597,335,122,1
9598,335,248,1
9599,335,117,1
9600,335,127,3
9601,335,120,3
9602,335,228,1
9603,335,74,2
9604,335,99,3
9605,336,110,3
9606,336,111,3
9607,336,112,4
9608,336,113,14
9609,336,114,2
9610,336,115,4
9611,336,116,4
9612,336,117,3
9613,336,118,4
9614,336,119,3
9615,336,120,2
9616,336,121,4
9617,336,122,2
9618,336,123,1
9619,336,124,4
9620,336,125,3
9621,336,248,1
9622,336,127,3
9623,336,120,2
9624,336,228,2
9625,336,74,1
9626,336,263,1
9627,336,27,2
9628,336,128,1
9629,336,99,2
9630,337,256,4
9631,337,0,4
9632,337,113,6
9633,337,3,4
9634,337,7,4
9635,337,115,4
9636,337,166,1
9637,337,370,1
9638,337,258,4
9639,337,248,1
9640,337,117,1
9641,337,118,4
9642,337,65,1
9643,337,259,4
9644,337,260,3
9645,337,86,4
9646,337,170,4
9647,337,173,4
9648,337,145,2
9649,337,81,1
9650,337,117,1
9651,337,127,3
9652,337,220,2
9653,337,454,2
9654,337,145,2
9655,337,261,3
9656,337,67,1
9657,338,110,2
9658,338,111,3
9659,338,112,4
9660,338,113,2
9661,338,1,3
9662,338,2,3
9663,338,34,3
9664,338,6,2
9665,338,164,1
9666,338,165,1
9667,338,7,1
9668,338,116,3
9669,338,119,4
9670,338,67,1
9671,338,279,3
9672,338,12,3
9673,338,70,4
9674,338,73,1
9675,338,280,4
9676,338,13,1
9677,338,26,3
9678,338,44,2
9679,338,145,2
9680,338,17,4
9681,338,21,1
9682,338,287,2
9683,338,191,3
9684,338,263,1
9685,338,219,1
9686,338,27,2
9687,338,28,2
9688,338,128,2
9689,338,40,1
9690,339,29,4
9691,339,32,17
9692,339,236,4
9693,339,272,1
9694,339,237,1
9695,339,238,4
9696,339,239,4
9697,339,329,2
9698,339,240,3
9699,339,241,4
9700,339,242,4
9701,339,42,4
9702,339,48,4
9703,339,243,4
9704,339,41,1
9705,339,49,3
9706,339,46,1
9707,339,154,2
9708,339,52,1
9709,339,53,4
9710,339,255,1
9711,339,351,2
9712,340,178,1
9713,340,364,1
9714,340,30,2
9715,340,151,3
9716,340,31,1
9717,340,1,1
9718,340,32,1
9719,340,33,2
9720,340,60,1
9721,340,4,2
9722,340,200,2
9723,340,34,4
9724,340,6,3
9725,340,201,1
9726,340,63,1
9727,340,35,3
9728,340,298,2
9729,340,365,2
9730,340,366,3
9731,340,95,2
9732,340,42,4
9733,340,245,3
9734,340,209,4
9735,340,43,1
9736,340,17,4
9737,340,48,2
9738,340,91,4
9739,340,50,1
9740,340,162,2
9741,340,46,2
9742,340,37,1
9743,340,81,1
9744,340,83,1
9745,340,191,2
9746,340,53,2
9747,340,39,3
9748,341,29,2
9749,341,30,4
9750,341,31,4
9751,341,1,3
9752,341,3,2
9753,341,32,5
9754,341,33,1
9755,341,34,4
9756,341,35,4
9757,341,36,4
9758,341,37,2
9759,341,38,4
9760,341,39,4
9761,341,40,1
9762,341,41,2
9763,341,42,1
9764,341,43,2
9765,341,44,1
9766,341,45,2
9767,341,46,1
9768,341,47,4
9769,341,48,3
9770,341,45,1
9771,341,41,2
9772,341,49,2
9773,341,50,1
9774,341,51,1
9775,341,52,1
9776,341,53,1
9777,341,48,1
9778,341,27,2
9779,341,54,1
9780,341,55,2
9781,342,231,1
9782,342,93,1
9783,342,56,4
9784,342,1,4
9785,342,3,2
9786,342,60,2
9787,342,100,2
9788,342,61,5
9789,342,63,4
9790,342,102,2
9791,342,103,4
9792,342,37,3
9793,342,397,2
9794,342,38,4
9795,342,106,2
9796,342,55,4
9797,342,40,1
9798,342,68,2
9799,342,76,3
9800,342,77,2
9801,342,44,1
9802,342,455,1
9803,342,107,4
9804,342,20,2
9805,342,71,1
9806,342,50,2
9807,342,108,2
9808,342,81,1
9809,342,308,1
9810,342,83,1
9811,342,76,1
9812,342,27,1
9813,342,28,1
9814,342,78,1
9815,342,98,1
9816,343,30,4
9817,343,56,3
9818,343,151,4
9819,343,31,4
9820,343,1,1
9821,343,3,1
9822,343,32,2
9823,343,33,1
9824,343,60,1
9825,343,34,4
9826,343,35,4
9827,343,36,4
9828,343,37,2
9829,343,237,2
9830,343,38,4
9831,343,39,4
9832,343,41,3
9833,343,42,2
9834,343,76,1
9835,343,47,4
9836,343,107,3
9837,343,48,2
9838,343,20,2
9839,343,41,1
9840,343,68,1
9841,343,50,1
9842,343,107,1
9843,343,52,1
9844,343,48,2
9845,343,77,1
9846,343,27,2
9847,343,55,2
9848,343,40,1
9849,344,231,2
9850,344,1,6
9851,344,2,1
9852,344,3,1
9853,344,4,4
9854,344,5,4
9855,344,6,4
9856,344,221,4
9857,344,195,4
9858,344,223,4
9859,344,11,4
9860,344,224,4
9861,344,225,4
9862,344,226,1
9863,344,227,2
9864,344,232,4
9865,344,233,4
9866,344,19,3
9867,344,20,2
9868,344,12,2
9869,344,50,2
9870,344,25,2
9871,344,26,2
9872,344,219,2
9873,344,28,2
9874,344,54,1
9875,345,231,1
9876,345,1,6
9877,345,2,2
9878,345,3,1
9879,345,4,4
9880,345,5,4
9881,345,6,4
9882,345,221,4
9883,345,195,4
9884,345,223,4
9885,345,11,2
9886,345,224,4
9887,345,225,4
9888,345,226,1
9889,345,227,2
9890,345,28,1
9891,345,54,2
9892,345,232,4
9893,345,233,4
9894,345,19,2
9895,345,20,2
9896,345,73,1
9897,345,81,1
9898,345,86,2
9899,345,25,2
9900,345,26,1
9901,345,219,2
9902,345,27,1
9903,345,28,1
9904,345,99,1
9905,345,40,1
9906,346,231,1
9907,346,1,6
9908,346,2,2
9909,346,3,1
9910,346,4,4
9911,346,5,4
9912,346,6,4
9913,346,221,4
9914,346,195,3
9915,346,223,4
9916,346,11,4
9917,346,224,4
9918,346,225,4
9919,346,227,2
9920,346,232,4
9921,346,456,2
9922,346,233,4
9923,346,19,3
9924,346,174,1
9925,346,20,2
9926,346,50,2
9927,346,81,1
9928,346,226,2
9929,346,86,2
9930,346,26,1
9931,346,219,2
9932,346,40,2
9933,347,231,2
9934,347,1,5
9935,347,2,1
9936,347,3,2
9937,347,4,4
9938,347,5,4
9939,347,6,4
9940,347,221,4
9941,347,195,4
9942,347,223,4
9943,347,11,3
9944,347,224,4
9945,347,225,4
9946,347,227,2
9947,347,232,4
9948,347,190,2
9949,347,233,4
9950,347,25,1
9951,347,19,2
9952,347,20,2
9953,347,81,2
9954,347,191,2
9955,347,86,2
9956,347,25,1
9957,347,26,2
9958,347,27,2
9959,347,28,1
9960,347,40,1
9961,348,1,5
9962,348,3,3
9963,348,4,4
9964,348,5,4
9965,348,6,4
9966,348,7,1
9967,348,22,2
9968,348,9,4
9969,348,10,4
9970,348,11,4
9971,348,12,4
9972,348,13,2
9973,348,14,4
9974,348,15,2
9975,348,16,4
9976,348,17,4
9977,348,18,1
9978,348,19,4
9979,348,20,1
9980,348,22,2
9981,348,8,3
9982,348,25,2
9983,348,89,1
9984,348,26,2
9985,348,27,2
9986,348,28,2
9987,349,0,1
9988,349,1,5
9989,349,3,2
9990,349,4,4
9991,349,5,4
9992,349,34,1
9993,349,6,4
9994,349,22,2
9995,349,9,4
9996,349,10,4
9997,349,11,4
9998,349,12,4
9999,349,13,2
10000,349,14,4
10001,349,15,2
10002,349,16,4
10003,349,17,4
10004,349,18,1
10005,349,19,4
10006,349,432,1
10007,349,22,1
10008,349,8,2
10009,349,25,2
10010,349,26,2
10011,349,27,3
10012,349,28,2
10013,349,44,1
10014,349,18,1
10015,350,1,6
10016,350,3,3
10017,350,4,4
10018,350,5,4
10019,350,6,4
10020,350,22,2
10021,350,9,4
10022,350,10,4
10023,350,11,4
10024,350,12,4
10025,350,13,2
10026,350,14,4
10027,350,15,2
10028,350,16,4
10029,350,17,4
10030,350,18,1
10031,350,19,4
10032,350,22,2
10033,350,8,3
10034,350,25,2
10035,350,89,1
10036,350,26,2
10037,350,27,2
10038,350,28,2
10039,350,44,1
10040,351,1,5
10041,351,3,3
10042,351,4,4
10043,351,5,4
10044,351,6,4
10045,351,7,1
10046,351,22,2
10047,351,9,4
10048,351,10,4
10049,351,11,4
10050,351,12,4
10051,351,13,2
10052,351,14,4
10053,351,15,1
10054,351,16,4
10055,351,17,4
10056,351,18,2
10057,351,19,4
10058,351,20,1
10059,351,22,1
10060,351,8,2
10061,351,23,1
10062,351,25,2
10063,351,26,2
10064,351,219,1
10065,351,27,3
10066,351,28,1
10067,351,44,1
10068,352,1,5
10069,352,3,3
10070,352,4,4
10071,352,5,4
10072,352,6,4
10073,352,7,1
10074,352,22,2
10075,352,9,4
10076,352,10,4
10077,352,11,4
10078,352,88,1
10079,352,12,4
10080,352,13,1
10081,352,14,4
10082,352,15,2
10083,352,16,4
10084,352,17,4
10085,352,18,1
10086,352,19,4
10087,352,22,2
10088,352,8,3
10089,352,26,3
10090,352,27,3
10091,352,28,1
10092,352,44,1
10093,352,229,2
10094,353,1,4
10095,353,3,3
10096,353,4,4
10097,353,5,4
10098,353,6,4
10099,353,7,2
10100,353,22,2
10101,353,9,4
10102,353,10,4
10103,353,11,4
10104,353,12,3
10105,353,13,3
10106,353,14,4
10107,353,15,2
10108,353,16,4
10109,353,17,4
10110,353,18,1
10111,353,19,4
10112,353,20,1
10113,353,22,1
10114,353,8,2
10115,353,23,1
10116,353,90,1
10117,353,25,2
10118,353,26,2
10119,353,27,3
10120,353,28,1
10121,353,229,1
10122,354,1,5
10123,354,3,3
10124,354,4,4
10125,354,5,4
10126,354,6,4
10127,354,7,1
10128,354,22,2
10129,354,9,4
10130,354,10,4
10131,354,11,4
10132,354,12,4
10133,354,13,2
10134,354,14,4
10135,354,15,2
10136,354,16,4
10137,354,17,4
10138,354,18,1
10139,354,19,4
10140,354,20,1
10141,354,22,2
10142,354,8,3
10143,354,25,2
10144,354,89,1
10145,354,26,2
10146,354,27,2
10147,354,28,1
10148,354,44,1
10149,355,1,6
10150,355,3,3
10151,355,4,4
10152,355,5,4
10153,355,6,4
10154,355,9,4
10155,355,10,4
10156,355,11,4
10157,355,88,1
10158,355,12,4
10159,355,13,1
10160,355,14,4
10161,355,15,2
10162,355,358,1
10163,355,16,4
10164,355,17,4
10165,355,18,2
10166,355,19,4
10167,355,20,1
10168,355,22,2
10169,355,8,2
10170,355,25,3
10171,355,26,2
10172,355,27,2
10173,355,28,2
10174,355,44,1
10175,356,1,6
10176,356,3,2
10177,356,4,4
10178,356,5,4
10179,356,6,4
10180,356,7,1
10181,356,8,3
10182,356,9,3
10183,356,10,4
10184,356,11,4
10185,356,88,2
10186,356,12,4
10187,356,14,4
10188,356,26,2
10189,356,16,4
10190,356,17,4
10191,356,18,1
10192,356,19,4
10193,356,21,1
10194,356,22,2
10195,356,23,2
10196,356,90,2
10197,356,25,2
10198,356,27,3
10199,356,28,2
10200,356,229,1
10201,357,1,6
10202,357,3,2
10203,357,4,4
10204,357,5,4
10205,357,6,4
10206,357,8,4
10207,357,193,4
10208,357,194,4
10209,357,195,3
10210,357,174,1
10211,357,88,1
10212,357,12,4
10213,357,13,1
10214,357,14,4
10215,357,26,1
10216,357,16,4
10217,357,28,2
10218,357,44,3
10219,357,196,4
10220,357,20,3
10221,357,21,1
10222,357,90,1
10223,357,197,2
10224,357,83,1
10225,357,191,1
10226,357,26,1
10227,357,27,3
10228,357,91,2
10229,358,1,7
10230,358,3,1
10231,358,4,4
10232,358,5,4
10233,358,6,4
10234,358,8,4
10235,358,193,4
10236,358,194,4
10237,358,195,2
10238,358,174,2
10239,358,12,4
10240,358,13,2
10241,358,14,4
10242,358,16,4
10243,358,28,2
10244,358,44,3
10245,358,145,1
10246,358,196,4
10247,358,174,1
10248,358,20,2
10249,358,21,1
10250,358,50,1
10251,358,23,2
10252,358,90,1
10253,358,373,2
10254,358,83,1
10255,358,25,2
10256,358,27,2
10257,359,1,6
10258,359,3,2
10259,359,4,4
10260,359,5,4
10261,359,6,4
10262,359,8,4
10263,359,193,4
10264,359,194,4
10265,359,195,2
10266,359,174,1
10267,359,88,1
10268,359,12,4
10269,359,13,1
10270,359,14,4
10271,359,26,1
10272,359,16,4
10273,359,395,1
10274,359,28,2
10275,359,44,3
10276,359,196,4
10277,359,20,3
10278,359,21,1
10279,359,50,1
10280,359,90,1
10281,359,197,2
10282,359,83,1
10283,359,191,1
10284,359,25,1
10285,359,26,1
10286,359,27,2
10287,359,91,1
10288,360,1,6
10289,360,3,2
10290,360,4,4
10291,360,5,4
10292,360,6,4
10293,360,8,4
10294,360,193,4
10295,360,194,4
10296,360,195,2
10297,360,88,1
10298,360,12,4
10299,360,13,1
10300,360,14,4
10301,360,191,1
10302,360,26,2
10303,360,16,4
10304,360,28,2
10305,360,44,3
10306,360,196,4
10307,360,174,1
10308,360,20,3
10309,360,21,1
10310,360,50,1
10311,360,90,1
10312,360,197,2
10313,360,191,1
10314,360,86,1
10315,360,25,2
10316,360,27,2
10317,361,110,4
10318,361,111,2
10319,361,112,4
10320,361,113,14
10321,361,114,2
10322,361,115,4
10323,361,116,4
10324,361,118,4
10325,361,119,4
10326,361,121,4
10327,361,220,1
10328,361,128,2
10329,361,122,1
10330,361,247,1
10331,361,123,4
10332,361,147,1
10333,361,124,4
10334,361,117,1
10335,361,127,4
10336,361,120,4
10337,361,74,2
10338,361,27,2
10339,361,128,1
10340,361,99,1
10341,362,110,3
10342,362,111,4
10343,362,112,4
10344,362,113,14
10345,362,114,1
10346,362,115,4
10347,362,116,4
10348,362,117,1
10349,362,118,4
10350,362,119,4
10351,362,276,2
10352,362,120,1
10353,362,121,4
10354,362,122,2
10355,362,124,4
10356,362,457,1
10357,362,125,3
10358,362,400,1
10359,362,117,2
10360,362,127,2
10361,362,120,2
10362,362,74,2
10363,362,354,2
10364,362,125,1
10365,362,128,2
10366,362,99,1
10367,363,177,4
10368,363,178,4
10369,363,2,4
10370,363,3,4
10371,363,179,1
10372,363,34,3
10373,363,61,3
10374,363,180,1
10375,363,181,2
10376,363,182,4
10377,363,183,2
10378,363,184,4
10379,363,186,4
10380,363,187,4
10381,363,188,4
10382,363,207,1
10383,363,68,2
10384,363,189,3
10385,363,190,4
10386,363,233,2
10387,363,68,1
10388,363,359,2
10389,363,108,4
10390,363,308,1
10391,363,27,2
10392,363,301,3
10393,363,192,1
10394,363,347,1
10395,364,0,3
10396,364,129,4
10397,364,294,1
10398,364,303,1
10399,364,1,1
10400,364,295,1
10401,364,296,1
10402,364,297,4
10403,364,5,1
10404,364,34,4
10405,364,6,4
10406,364,298,4
10407,364,64,4
10408,364,299,4
10409,364,300,4
10410,364,194,3
10411,364,289,4
10412,364,67,4
10413,364,88,3
10414,364,198,2
10415,364,26,1
10416,364,196,2
10417,364,174,2
10418,364,50,2
10419,364,23,2
10420,364,295,1
10421,364,26,1
10422,364,27,2
10423,364,44,2
10424,364,145,1
10425,364,194,1
10426,364,285,1
10427,365,110,1
10428,365,256,4
10429,365,0,4
10430,365,113,6
10431,365,1,1
10432,365,3,4
10433,365,7,3
10434,365,115,4
10435,365,166,1
10436,365,400,1
10437,365,258,4
10438,365,117,1
10439,365,118,4
10440,365,65,1
10441,365,259,2
10442,365,86,4
10443,365,170,4
10444,365,128,2
10445,365,67,2
10446,365,122,2
10447,365,88,1
10448,365,173,4
10449,365,88,1
10450,365,50,1
10451,365,162,1
10452,365,458,1
10453,365,248,1
10454,365,260,2
10455,365,220,1
10456,365,27,2
10457,365,145,2
10458,365,99,3
10459,366,310,1
10460,366,256,2
10461,366,0,4
10462,366,3,2
10463,366,58,4
10464,366,34,3
10465,366,313,4
10466,366,7,2
10467,366,115,4
10468,366,166,1
10469,366,103,2
10470,366,453,1
10471,366,370,2
10472,366,258,4
10473,366,248,1
10474,366,118,4
10475,366,260,3
10476,366,309,1
10477,366,86,3
10478,366,170,4
10479,366,66,1
10480,366,67,1
10481,366,173,4
10482,366,145,2
10483,366,50,2
10484,366,176,1
10485,366,248,1
10486,366,117,1
10487,366,76,2
10488,366,60,1
10489,366,77,3
10490,366,27,1
10491,366,145,1
10492,366,67,1
10493,366,285,1
10494,367,129,1
10495,367,56,4
10496,367,60,4
10497,367,61,11
10498,367,62,2
10499,367,63,4
10500,367,64,4
10501,367,304,3
10502,367,82,1
10503,367,86,1
10504,367,66,4
10505,367,68,2
10506,367,71,3
10507,367,108,3
10508,367,307,3
10509,367,76,4
10510,367,77,1
10511,367,17,3
10512,367,196,2
10513,367,20,2
10514,367,306,2
10515,367,68,1
10516,367,400,1
10517,367,50,1
10518,367,108,1
10519,367,81,1
10520,367,82,1
10521,367,308,2
10522,367,86,3
10523,368,92,4
10524,368,30,4
10525,368,93,2
10526,368,31,4
10527,368,1,4
10528,368,94,1
10529,368,32,2
10530,368,33,3
10531,368,384,3
10532,368,40,2
10533,368,70,4
10534,368,95,4
10535,368,42,4
10536,368,43,4
10537,368,44,3
10538,368,17,3
10539,368,54,3
10540,368,46,2
10541,368,48,4
10542,368,160,2
10543,368,97,2
10544,368,83,2
10545,368,154,1
10546,368,53,2
10547,368,98,2
10548,368,55,2
10549,368,99,2
10550,369,29,4
10551,369,32,17
10552,369,236,3
10553,369,272,1
10554,369,237,2
10555,369,238,4
10556,369,239,4
10557,369,240,2
10558,369,241,4
10559,369,242,4
10560,369,459,1
10561,369,39,2
10562,369,42,4
10563,369,48,4
10564,369,243,4
10565,369,41,1
10566,369,36,2
10567,369,49,4
10568,369,52,2
10569,369,53,3
10570,369,351,2
10571,369,281,1
10572,370,29,4
10573,370,32,16
10574,370,100,1
10575,370,236,3
10576,370,272,1
10577,370,237,3
10578,370,238,4
10579,370,239,4
10580,370,240,2
10581,370,241,4
10582,370,242,4
10583,370,39,2
10584,370,42,4
10585,370,48,4
10586,370,243,4
10587,370,49,4
10588,370,46,2
10589,370,52,2
10590,370,53,4
10591,370,255,3
10592,371,29,4
10593,371,32,16
10594,371,100,1
10595,371,236,3
10596,371,272,1
10597,371,237,2
10598,371,238,4
10599,371,239,4
10600,371,240,3
10601,371,241,4
10602,371,242,4
10603,371,39,2
10604,371,42,4
10605,371,48,4
10606,371,243,4
10607,371,49,4
10608,371,52,2
10609,371,53,4
10610,371,255,3
10611,371,351,2
10612,372,1,5
10613,372,3,3
10614,372,4,4
10615,372,5,4
10616,372,6,4
10617,372,7,1
10618,372,22,2
10619,372,9,4
10620,372,10,4
10621,372,11,4
10622,372,12,4
10623,372,13,2
10624,372,14,4
10625,372,15,2
10626,372,16,4
10627,372,17,4
10628,372,18,1
10629,372,19,4
10630,372,8,3
10631,372,25,2
10632,372,89,1
10633,372,26,2
10634,372,219,2
10635,372,27,2
10636,372,28,2
10637,372,44,1
10638,373,29,4
10639,373,32,16
10640,373,100,2
10641,373,236,3
10642,373,272,1
10643,373,237,1
10644,373,238,4
10645,373,239,4
10646,373,240,4
10647,373,241,4
10648,373,242,4
10649,373,459,1
10650,373,42,4
10651,373,48,4
10652,373,243,4
10653,373,49,4
10654,373,46,2
10655,373,52,3
10656,373,53,3
10657,373,255,3
10658,374,56,4
10659,374,1,4
10660,374,3,3
10661,374,60,2
10662,374,100,2
10663,374,34,1
10664,374,61,4
10665,374,63,4
10666,374,102,2
10667,374,103,4
10668,374,37,3
10669,374,38,4
10670,374,104,1
10671,374,106,4
10672,374,55,4
10673,374,68,2
10674,374,76,4
10675,374,77,2
10676,374,28,1
10677,374,44,1
10678,374,107,4
10679,374,20,2
10680,374,71,1
10681,374,50,2
10682,374,108,2
10683,374,308,1
10684,374,83,1
10685,374,104,1
10686,374,27,2
10687,374,78,1
10688,374,98,1
10689,374,40,1
10690,375,1,5
10691,375,3,3
10692,375,4,4
10693,375,5,4
10694,375,6,4
10695,375,7,1
10696,375,22,2
10697,375,9,4
10698,375,10,4
10699,375,11,4
10700,375,12,4
10701,375,13,2
10702,375,14,4
10703,375,15,2
10704,375,16,4
10705,375,17,4
10706,375,18,1
10707,375,19,4
10708,375,20,1
10709,375,22,1
10710,375,8,3
10711,375,23,1
10712,375,25,2
10713,375,26,2
10714,375,27,2
10715,375,28,2
10716,375,44,1
10717,376,110,3
10718,376,111,3
10719,376,112,4
10720,376,113,14
10721,376,114,2
10722,376,115,4
10723,376,274,1
10724,376,116,4
10725,376,117,1
10726,376,118,4
10727,376,275,1
10728,376,119,3
10729,376,276,2
10730,376,121,4
10731,376,122,2
10732,376,124,4
10733,376,125,4
10734,376,248,1
10735,376,117,1
10736,376,127,3
10737,376,120,2
10738,376,228,2
10739,376,27,1
10740,376,128,2
10741,376,353,1
10742,376,99,2
10743,377,110,3
10744,377,111,2
10745,377,112,4
10746,377,113,12
10747,377,114,3
10748,377,115,4
10749,377,274,2
10750,377,116,4
10751,377,118,4
10752,377,275,4
10753,377,276,1
10754,377,120,4
10755,377,121,4
10756,377,122,2
10757,377,124,4
10758,377,346,3
10759,377,117,1
10760,377,146,2
10761,377,127,2
10762,377,228,2
10763,377,74,1
10764,377,125,3
10765,377,27,2
10766,377,128,1
10767,377,99,1
10768,378,129,4
10769,378,113,2
10770,378,31,2
10771,378,460,4
10772,378,3,2
10773,378,32,2
10774,378,297,4
10775,378,131,2
10776,378,35,4
10777,378,132,2
10778,378,283,2
10779,378,461,4
10780,378,462,2
10781,378,463,3
10782,378,464,3
10783,378,383,3
10784,378,465,3
10785,378,466,3
10786,378,467,4
10787,378,468,3
10788,378,469,1
10789,378,139,1
10790,378,470,2
10791,378,471,2
10792,378,472,1
10793,378,49,2
10794,378,473,2
10795,378,474,2
10796,378,27,2
10797,378,156,2
10798,379,1,5
10799,379,3,3
10800,379,4,4
10801,379,5,4
10802,379,6,4
10803,379,7,1
10804,379,22,2
10805,379,9,4
10806,379,10,4
10807,379,11,4
10808,379,12,4
10809,379,13,1
10810,379,14,4
10811,379,15,2
10812,379,16,4
10813,379,17,4
10814,379,18,2
10815,379,19,4
10816,379,22,2
10817,379,8,2
10818,379,13,1
10819,379,25,2
10820,379,26,1
10821,379,27,2
10822,379,28,2
10823,379,44,1
10824,379,229,2
10825,380,110,4
10826,380,111,2
10827,380,112,4
10828,380,113,14
10829,380,114,2
10830,380,115,4
10831,380,116,4
10832,380,118,4
10833,380,119,4
10834,380,121,4
10835,380,128,2
10836,380,122,1
10837,380,123,3
10838,380,147,2
10839,380,124,4
10840,380,262,2
10841,380,248,2
10842,380,120,4
10843,380,228,1
10844,380,74,2
10845,380,354,4
10846,380,27,1
10847,380,128,1
10848,381,177,4
10849,381,178,4
10850,381,2,4
10851,381,3,4
10852,381,34,4
10853,381,61,2
10854,381,180,4
10855,381,181,2
10856,381,184,4
10857,381,185,2
10858,381,186,4
10859,381,187,4
10860,381,188,4
10861,381,68,2
10862,381,76,2
10863,381,189,4
10864,381,190,4
10865,381,233,2
10866,381,359,2
10867,381,108,2
10868,381,191,2
10869,381,76,1
10870,381,77,2
10871,381,27,3
10872,381,301,3
10873,382,1,5
10874,382,3,3
10875,382,4,4
10876,382,5,4
10877,382,6,4
10878,382,7,1
10879,382,22,2
10880,382,9,4
10881,382,10,4
10882,382,11,4
10883,382,88,1
10884,382,12,4
10885,382,13,1
10886,382,14,4
10887,382,15,2
10888,382,16,4
10889,382,17,4
10890,382,18,1
10891,382,19,4
10892,382,20,1
10893,382,21,2
10894,382,8,3
10895,382,191,1
10896,382,25,2
10897,382,89,1
10898,382,27,2
10899,382,28,2
10900,382,99,1
10901,383,1,5
10902,383,3,3
10903,383,4,4
10904,383,5,4
10905,383,6,4
10906,383,7,1
10907,383,22,2
10908,383,9,4
10909,383,10,4
10910,383,11,4
10911,383,88,1
10912,383,12,4
10913,383,14,4
10914,383,15,2
10915,383,16,4
10916,383,28,2
10917,383,17,4
10918,383,19,4
10919,383,20,1
10920,383,8,2
10921,383,90,1
10922,383,191,2
10923,383,25,2
10924,383,26,2
10925,383,28,1
10926,383,44,2
10927,383,229,2
10928,384,177,4
10929,384,178,4
10930,384,2,4
10931,384,3,3
10932,384,179,1
10933,384,34,3
10934,384,61,2
10935,384,180,4
10936,384,182,2
10937,384,184,4
10938,384,185,3
10939,384,186,4
10940,384,187,4
10941,384,188,4
10942,384,108,3
10943,384,189,3
10944,384,190,4
10945,384,233,4
10946,384,174,2
10947,384,68,2
10948,384,308,2
10949,384,191,2
10950,384,76,2
10951,384,328,2
10952,384,27,1
10953,384,301,2
10954,385,2,18
10955,385,475,4
10956,385,100,2
10957,385,202,4
10958,385,355,4
10959,385,203,4
10960,385,204,4
10961,385,205,4
10962,385,301,2
10963,385,192,3
10964,385,12,4
10965,385,437,4
10966,385,358,3
10967,385,211,4
10968,385,26,4
10969,385,301,2
10970,385,212,3
10971,385,440,2
10972,386,29,4
10973,386,32,16
10974,386,100,1
10975,386,236,4
10976,386,272,1
10977,386,237,3
10978,386,238,2
10979,386,239,4
10980,386,240,2
10981,386,241,4
10982,386,242,4
10983,386,39,3
10984,386,42,4
10985,386,48,4
10986,386,243,4
10987,386,49,4
10988,386,52,2
10989,386,53,4
10990,386,255,3
10991,386,351,2
10992,387,0,4
10993,387,129,1
10994,387,30,3
10995,387,31,3
10996,387,130,4
10997,387,32,1
10998,387,34,4
10999,387,131,4
11000,387,35,4
11001,387,132,4
11002,387,133,4
11003,387,115,4
11004,387,134,4
11005,387,136,4
11006,387,118,4
11007,387,140,3
11008,387,141,4
11009,387,48,1
11010,387,41,2
11011,387,36,1
11012,387,372,2
11013,387,142,1
11014,387,50,1
11015,387,143,1
11016,387,53,2
11017,387,48,3
11018,387,145,1
11019,387,128,1
11020,388,150,3
11021,388,93,1
11022,388,199,4
11023,388,2,6
11024,388,3,4
11025,388,200,4
11026,388,201,2
11027,388,204,3
11028,388,206,2
11029,388,476,4
11030,388,420,4
11031,388,39,4
11032,388,421,3
11033,388,42,2
11034,388,477,3
11035,388,403,4
11036,388,46,1
11037,388,48,2
11038,388,422,4
11039,388,46,1
11040,388,23,2
11041,388,42,1
11042,388,47,1
11043,388,143,1
11044,388,154,2
11045,388,53,2
11046,388,48,2
11047,388,301,3
11048,389,1,5
11049,389,3,3
11050,389,4,4
11051,389,5,4
11052,389,6,4
11053,389,7,1
11054,389,22,2
11055,389,9,4
11056,389,10,4
11057,389,11,4
11058,389,12,4
11059,389,13,2
11060,389,14,4
11061,389,15,1
11062,389,16,4
11063,389,17,4
11064,389,18,1
11065,389,217,1
11066,389,19,4
11067,389,20,1
11068,389,8,1
11069,389,90,1
11070,389,191,1
11071,389,25,2
11072,389,89,1
11073,389,26,1
11074,389,27,2
11075,389,28,2
11076,389,44,1
11077,389,229,2
11078,390,110,2
11079,390,310,4
11080,390,129,1
11081,390,112,4
11082,390,113,3
11083,390,58,4
11084,390,61,1
11085,390,313,4
11086,390,274,1
11087,390,275,4
11088,390,276,4
11089,390,478,4
11090,390,479,3
11091,390,121,4
11092,390,480,3
11093,390,416,4
11094,390,481,2
11095,390,482,2
11096,390,483,4
11097,390,353,2
11098,390,108,3
11099,390,117,2
11100,390,76,4
11101,390,484,2
11102,390,77,2
11103,390,99,2
11104,391,0,4
11105,391,129,4
11106,391,311,4
11107,391,1,4
11108,391,407,4
11109,391,7,4
11110,391,370,4
11111,391,316,4
11112,391,167,1
11113,391,290,4
11114,391,88,4
11115,391,70,4
11116,391,145,3
11117,391,17,4
11118,391,485,4
11119,391,409,4
11120,391,20,3
11121,391,246,1
11122,391,486,1
11123,391,28,3
11124,391,44,3
11125,391,145,1
11126,391,261,3
11127,392,177,4
11128,392,178,4
11129,392,2,4
11130,392,3,4
11131,392,34,4
11132,392,61,3
11133,392,180,2
11134,392,184,4
11135,392,185,3
11136,392,186,4
11137,392,187,4
11138,392,188,4
11139,392,207,2
11140,392,68,2
11141,392,76,2
11142,392,189,3
11143,392,190,3
11144,392,233,4
11145,392,68,1
11146,392,434,2
11147,392,108,2
11148,392,23,1
11149,392,308,2
11150,392,191,1
11151,392,86,2
11152,392,76,1
11153,392,27,2
11154,392,347,1
11155,393,29,3
11156,393,129,3
11157,393,93,2
11158,393,32,13
11159,393,100,1
11160,393,133,1
11161,393,236,4
11162,393,272,2
11163,393,238,3
11164,393,239,4
11165,393,240,3
11166,393,241,4
11167,393,242,3
11168,393,459,2
11169,393,39,3
11170,393,42,4
11171,393,48,2
11172,393,243,3
11173,393,41,1
11174,393,49,3
11175,393,487,2
11176,393,162,3
11177,393,143,2
11178,393,52,1
11179,393,53,2
11180,393,351,1
11181,394,110,3
11182,394,111,2
11183,394,112,4
11184,394,113,12
11185,394,114,3
11186,394,115,4
11187,394,274,2
11188,394,116,4
11189,394,118,4
11190,394,275,4
11191,394,276,1
11192,394,120,4
11193,394,121,4
11194,394,122,2
11195,394,124,4
11196,394,346,3
11197,394,117,1
11198,394,146,4
11199,394,228,2
11200,394,74,1
11201,394,125,3
11202,394,27,2
11203,394,128,1
11204,394,99,1
11205,395,1,6
11206,395,3,2
11207,395,4,4
11208,395,5,4
11209,395,6,4
11210,395,7,1
11211,395,8,4
11212,395,9,2
11213,395,10,4
11214,395,11,4
11215,395,12,4
11216,395,13,2
11217,395,14,4
11218,395,26,2
11219,395,16,4
11220,395,17,4
11221,395,18,1
11222,395,19,4
11223,395,21,1
11224,395,22,2
11225,395,23,2
11226,395,90,2
11227,395,25,2
11228,395,27,2
11229,395,28,2
11230,395,91,1
11231,395,229,1
11232,396,177,4
11233,396,178,4
11234,396,2,4
11235,396,3,4
11236,396,34,4
11237,396,61,2
11238,396,180,4
11239,396,181,2
11240,396,184,4
11241,396,185,2
11242,396,186,4
11243,396,187,4
11244,396,188,4
11245,396,68,2
11246,396,76,2
11247,396,189,4
11248,396,190,4
11249,396,233,2
11250,396,359,2
11251,396,108,2
11252,396,191,2
11253,396,76,1
11254,396,77,2
11255,396,27,3
11256,396,301,3
11257,397,129,2
11258,397,56,4
11259,397,60,4
11260,397,61,10
11261,397,62,2
11262,397,63,4
11263,397,64,4
11264,397,304,3
11265,397,82,1
11266,397,86,1
11267,397,66,4
11268,397,68,2
11269,397,71,2
11270,397,72,1
11271,397,108,3
11272,397,307,3
11273,397,76,4
11274,397,77,1
11275,397,17,3
11276,397,196,2
11277,397,27,1
11278,397,20,2
11279,397,306,1
11280,397,68,1
11281,397,400,1
11282,397,108,1
11283,397,81,2
11284,397,82,1
11285,397,308,2
11286,397,86,3
11287,397,40,1
11288,398,231,1
11289,398,1,6
11290,398,2,1
11291,398,3,2
11292,398,4,4
11293,398,5,4
11294,398,6,4
11295,398,221,4
11296,398,195,4
11297,398,223,4
11298,398,11,3
11299,398,224,4
11300,398,225,4
11301,398,227,2
11302,398,232,4
11303,398,190,2
11304,398,233,4
11305,398,19,3
11306,398,20,2
11307,398,50,2
11308,398,81,1
11309,398,191,2
11310,398,86,2
11311,398,25,2
11312,398,26,2
11313,398,44,1
11314,398,99,1
11315,399,1,5
11316,399,2,1
11317,399,4,4
11318,399,5,4
11319,399,34,3
11320,399,6,4
11321,399,22,2
11322,399,9,4
11323,399,10,4
11324,399,11,4
11325,399,88,1
11326,399,12,3
11327,399,488,3
11328,399,13,1
11329,399,14,3
11330,399,15,2
11331,399,16,2
11332,399,17,4
11333,399,229,1
11334,399,18,1
11335,399,19,4
11336,399,20,2
11337,399,23,2
11338,399,90,2
11339,399,25,2
11340,399,89,1
11341,399,26,1
11342,399,27,2
11343,399,28,2
11344,399,229,1
11345,400,0,4
11346,400,129,4
11347,400,294,1
11348,400,303,4
11349,400,1,1
11350,400,295,1
11351,400,296,1
11352,400,5,1
11353,400,34,4
11354,400,6,4
11355,400,298,4
11356,400,64,4
11357,400,299,4
11358,400,300,4
11359,400,194,3
11360,400,289,4
11361,400,67,4
11362,400,88,2
11363,400,12,1
11364,400,198,2
11365,400,196,3
11366,400,97,2
11367,400,50,2
11368,400,24,2
11369,400,144,1
11370,400,191,2
11371,400,26,1
11372,400,27,1
11373,400,28,1
11374,400,194,1
11375,400,302,1
11376,400,285,1
11377,401,56,4
11378,401,3,1
11379,401,60,4
11380,401,61,11
11381,401,62,2
11382,401,63,4
11383,401,64,4
11384,401,304,3
11385,401,82,1
11386,401,86,1
11387,401,66,4
11388,401,40,1
11389,401,68,3
11390,401,71,3
11391,401,108,2
11392,401,307,2
11393,401,76,4
11394,401,77,1
11395,401,17,2
11396,401,196,3
11397,401,20,2
11398,401,161,1
11399,401,108,2
11400,401,81,2
11401,401,367,1
11402,401,85,2
11403,401,86,2
11404,401,27,2
11405,401,40,1
11406,402,29,2
11407,402,30,4
11408,402,31,4
11409,402,1,3
11410,402,3,2
11411,402,32,5
11412,402,33,1
11413,402,34,4
11414,402,35,4
11415,402,36,4
11416,402,37,1
11417,402,333,3
11418,402,38,4
11419,402,39,4
11420,402,41,2
11421,402,42,2
11422,402,43,1
11423,402,44,2
11424,402,47,4
11425,402,48,4
11426,402,45,3
11427,402,41,1
11428,402,142,1
11429,402,50,1
11430,402,81,1
11431,402,51,2
11432,402,52,2
11433,402,53,1
11434,402,27,2
11435,402,40,1
11436,403,1,6
11437,403,3,3
11438,403,4,4
11439,403,5,4
11440,403,6,4
11441,403,22,2
11442,403,9,4
11443,403,10,4
11444,403,11,4
11445,403,12,4
11446,403,13,2
11447,403,14,4
11448,403,15,1
11449,403,16,4
11450,403,17,4
11451,403,18,2
11452,403,19,4
11453,403,8,2
11454,403,23,1
11455,403,191,1
11456,403,25,2
11457,403,26,2
11458,403,27,3
11459,403,28,1
11460,403,44,2
11461,403,229,1
11462,404,1,6
11463,404,3,2
11464,404,4,4
11465,404,5,4
11466,404,6,4
11467,404,8,4
11468,404,193,4
11469,404,194,4
11470,404,195,2
11471,404,174,1
11472,404,88,1
11473,404,12,4
11474,404,213,1
11475,404,13,1
11476,404,14,4
11477,404,26,1
11478,404,16,4
11479,404,28,2
11480,404,44,2
11481,404,145,1
11482,404,196,4
11483,404,20,2
11484,404,21,1
11485,404,50,1
11486,404,90,1
11487,404,373,3
11488,404,197,2
11489,404,26,1
11490,404,27,2
11491,404,91,2
11492,405,1,6
11493,405,3,2
11494,405,4,4
11495,405,5,4
11496,405,6,4
11497,405,8,4
11498,405,193,4
11499,405,194,4
11500,405,195,2
11501,405,174,1
11502,405,88,1
11503,405,12,4
11504,405,13,1
11505,405,14,4
11506,405,26,1
11507,405,16,4
11508,405,28,2
11509,405,44,3
11510,405,145,1
11511,405,196,4
11512,405,174,1
11513,405,20,2
11514,405,21,1
11515,405,50,1
11516,405,90,1
11517,405,197,2
11518,405,83,1
11519,405,191,1
11520,405,26,1
11521,405,27,2
11522,405,91,2
11523,406,110,4
11524,406,111,2
11525,406,112,4
11526,406,113,14
11527,406,114,2
11528,406,115,4
11529,406,116,4
11530,406,117,1
11531,406,118,4
11532,406,119,4
11533,406,121,4
11534,406,128,2
11535,406,122,1
11536,406,123,4
11537,406,147,2
11538,406,124,4
11539,406,117,1
11540,406,127,4
11541,406,120,4
11542,406,228,1
11543,406,74,2
11544,406,27,2
11545,406,128,1
11546,407,0,4
11547,407,129,4
11548,407,294,1
11549,407,303,4
11550,407,1,1
11551,407,295,1
11552,407,296,1
11553,407,5,1
11554,407,34,4
11555,407,6,4
11556,407,298,4
11557,407,64,4
11558,407,299,4
11559,407,300,3
11560,407,194,3
11561,407,289,4
11562,407,67,4
11563,407,88,3
11564,407,12,2
11565,407,198,2
11566,407,196,2
11567,407,174,2
11568,407,97,2
11569,407,283,1
11570,407,50,1
11571,407,23,2
11572,407,81,1
11573,407,24,2
11574,407,83,1
11575,407,27,1
11576,407,28,1
11577,407,194,1
11578,408,256,2
11579,408,0,4
11580,408,113,1
11581,408,31,1
11582,408,130,4
11583,408,3,1
11584,408,34,4
11585,408,131,4
11586,408,7,1
11587,408,115,4
11588,408,257,1
11589,408,166,1
11590,408,370,2
11591,408,258,4
11592,408,383,1
11593,408,248,1
11594,408,428,1
11595,408,118,4
11596,408,259,2
11597,408,260,2
11598,408,86,4
11599,408,170,3
11600,408,66,1
11601,408,173,4
11602,408,144,1
11603,408,48,1
11604,408,261,1
11605,408,50,1
11606,408,162,1
11607,408,51,1
11608,408,176,1
11609,408,127,1
11610,408,144,2
11611,408,53,1
11612,408,241,1
11613,408,48,2
11614,408,255,1
11615,408,27,1
11616,408,145,2
11617,409,92,4
11618,409,30,4
11619,409,93,3
11620,409,31,4
11621,409,1,4
11622,409,32,4
11623,409,384,3
11624,409,70,4
11625,409,95,2
11626,409,42,4
11627,409,43,4
11628,409,44,2
11629,409,17,4
11630,409,54,2
11631,409,96,2
11632,409,489,1
11633,409,45,1
11634,409,46,2
11635,409,53,2
11636,409,48,4
11637,409,97,2
11638,409,50,2
11639,409,37,2
11640,409,210,1
11641,409,81,2
11642,409,28,2
11643,409,55,2
11644,409,39,2
